text,label,score,source_url,char_len,word_len
Washington DC | Virginia | Maryland Bringing the Fun in Your Area ARTS & CRAFTS VENDOR REGISTRATION FAMILY / FUN FESTIVALS VENDOR REGISTRATION Arts & Crafts Events Photos Around The World Cultural Festival 2026 Around The World Food Vendor Registration 2025 Around The World Festival Non-Food Vendor Registration RSVP to the 2025 Around The World Festival Facebook Event Frederick Arts & Crafts Fair,NON-EVENT,0,https://chiceventsdc.com/2025-atw-sponsorship-opportunities/,399,63
2025 Arts & Crafts Fair Vendor Registration Form,EVENT,2,https://chiceventsdc.com/2025-atw-sponsorship-opportunities/,48,8
"National Harbor Arts & Crafts Fair 2025 Spring into Art Vendor Registration Form ~ National Harbor, MD Old Town Alexandria Arts & Crafts Fair",NON-EVENT,1,https://chiceventsdc.com/2025-atw-sponsorship-opportunities/,141,24
2025 Old Town Alexandria Arts & Crafts Spring Fair ~ Mother’s Day Celebration,EVENT,2,https://chiceventsdc.com/2025-atw-sponsorship-opportunities/,77,13
"Old Town Manassas Arts & Crafts Fair Silver Spring Arts & Crafts Fair 2025 Cultural Events Vendor Registration 2025 Family/ Fun Events Vendor Registration 2025 Beats, Bites and Brews in Old Town Alexandria Vendor Registration 2025 Oktoberfest in Old Town Alexandria Vendor Registration 2025 Oktoberfest in Old Town Manassas Vendor Registration 2025 Alexandria Fall-O-Ween Vendor Registration 2025 National Harbor Christmas Market and Holiday Craft Show Vendor Registration 2025 Old Town Alexandria Christmas Market and Holiday Craft Show Vendor Registration Form 2025 Old Town Manassas Christmas Market and Holiday Craft Show Vendor Registration Form 2025 Silver Spring Christmas Market and Holiday Craft Show Vendor Registration Form 2025 Woodbridge/ Stonebridge Christmas Market and Holiday Craft Show Vendor Registration",NON-EVENT,1,https://chiceventsdc.com/2025-atw-sponsorship-opportunities/,823,116
"December 20, 2025 – Woodbridge Arts & Crafts Christmas Market Vendor Registration",EVENT,3,https://chiceventsdc.com/2025-atw-sponsorship-opportunities/,81,12
"2025 Single Event Vendor Registration 2025 Multiple Events Vendor Registration Around The World Cultural Food Festival is the signature event of the International Cultural and Educational Development Fund, a 501 (c)(3) non-profit organization who supports children’s creative abilities and promotes educational development in arts, culture and humanities in order to preserve artistic and cultural heritage. First and foremost, Around the World Cultural Food Festival is the LARGEST Cultural Food Festival in the DMV area that brings together, under the same roof, dozens of countries that will share their culture and traditions! Recognition of your company through a wide range of festival branding; Inclusion of company’s name in Festival’s Program; Website Logo and Link to Sponsor’s home page. Why we need your support? The event is admission FREE and without the Festival’s Sponsors and Supporters, we would not be able to grow this event and push it to its full potential. Your sponsorship will help defray the cost of organizing the event; funds received from sponsorship are used in all aspects of producing the festival. Cash sponsorship and in-kind donations of materials, equipment, and supplies are the base and support of having this event admission free. Sponsorship of the Around the World Cultural Food Festival will be of utmost importance to the Festival, the community of DC, and the DMV area. Your Sponsorship support is needed to bring all these plans to fruition and ensure the long-term relevancy of these cultural institutions in our community. Please fill out the Sponsorship Registration Form below: Email Address (please use your best contact email address as this will be used to receive further information on event's day of logistics). Please enter your email, so we can follow up with you. Website / Facebook/ Instagram (link required - i.e. https://www.chiceventsdc.com) How did you hear about our events? Other Web Searches (please list them below) Other Participating Vendor (please provide their name below) Our Event Staff (please provide their name below) For Other Web Searches, Other Vendor and Event Staff, please list their names so we can show our appreciation Which event are you interested in attending BRONZE SPONSOR - will receive name and small logo recognition in all advertisements, website, social media. 10x10 on site space in Prime location, if desired. SILVER SPONSOR - will receive name and large logo recognition in all advertisements, website, and social media. 10x10 on site space in Prime location, next to all Food Vendors, if desired. GOLD SPONSOR will receive name and large logo recognition in all advertisements, website, and social media.  Sponsor opportunities in their choice of ONE (1) of Chic Events DC’s festivals in the DMV area. 10x10 on site Sponsor Tent in Prime location, next to all Food Vendors, if desired. Other opportunities are negotiable. DIAMOND SPONSOR will receive name and large logo recognition in all advertisements, press release, website, and social media.  Sponsor opportunities in their choice of two (2) of Chic Events DC’s festivals in the DMV area. 10x20 on site Sponsor Tent in Prime location, next to all Food Vendors, if desired. Other opportunities are negotiable. Sponsor Booth Payment (please select Vendor Booth Fee from the drop-down menu) Please select Vendor Type from the drop-down menu Bronze Sponsor, 10x10 Space - $2000 Silver Sponsor, 10x10 Space - $3,500 Gold Sponsor, 10x10 Space - $5,000 Diamond Sponsor, 10x20 Space - $10,000 Presenting Sponsor, 20x20 Space - 15,000 Additional Notes/ Requests (based on availability. An additional invoice will be sent if the requested space is available). Participation in the FACEBOOK LIVE EVENT the day of the event ($95 additional) - Vendor has the opportunity to participate in a Facebook Live Event on the Chic Events DC’s event page the day of the event directly from their booth! Vendor will be allocated up to 30 minutes to present all products they have for sale the day of the event and promote their website or online store. This service is available to vendors registered in the live event only and will be assisted by the organizer's staff present at the event. Limited number of spots available per event. Tent Rental ($255 additional - includes tent weights, set up and break down) Vendor Marketing and Promotion ($275 additional) - Vendor will be promoted on all Chic Events DC's and Around The World Festival's social media channels once a week from the time they register and pay for the Vendor Marketing services and until the event date. Please describe the products you plan on vending at the event in as much detail as possible. Upload your Logo (this image will be used to list your business on our website and on the event page) Click or drag a file to this area to upload. Total (tax included). Payment link will appear once the registration form is submitted. If payment is not submitted immediately, you will have to re-submit the Vendor Registration Form. I have read and understand the COVID-19 SAFETY ACKNOWLEDGEMENT -- LIABILITY WAIVER AND RELEASE OF CLAIMS listed in the footer of the website. By checking the box and registering for Chic Events DC's event, I acknowledge that I have read and I agree to abide by the COVID-19 SAFETY ACKNOWLEDGEMENT -- LIABILITY WAIVER AND RELEASE OF CLAIMS for listed below. I also understand that the day of the event I will be required to complete a Vendor COVID-19 Self Screening Questionnaire. Failure to complete it will result in not being allowed to participate in the event with no possibility of receiving a refund for the registration fee. Payment Method (Pay via PayPal; you can pay with your credit card if you don’t have a PayPal account). Payment link will appear once the registration form is submitted. If payment is not submitted immediately, you will have to re-submit the Vendor Registration Form. I have read, understand and agree to the Vendor Contract, Policies, Rules and Regulations listed in the footer of the website. Vendor Fees are Non-Refundable and Non-Transferable. Vendor Spaces are Not Shareable with other vendors. Please note that Chic Events DC is a division of Royal Events LLC. Charges on your credit card will appear as ""Vendor Registration Fee"" from Royal Events LLC. Thank you for your support! © 2025 All right reserved by Chic Events DC. Unauthorized use and/or duplication of all and any material found on this website without express and written permission from this website’s author and/or owner is strictly prohibited. Excerpts and links may be used only with written permission from the website’s owner, provided that full and clear credit is given to Chic Events DC with appropriate and specific direction to the original content, no exceptions. COVID-19 SAFETY ACKNOWLEDGEMENT — LIABILITY WAIVER AND RELEASE OF CLAIMS © 2025 All right reserved by Chic Events DC. Unauthorized use and/or duplication of all and any material found on this website is strictly prohibited. a division of Royal Events Group © 2020 All rights Reserved. Design by Elementor",NON-EVENT,1,https://chiceventsdc.com/2025-atw-sponsorship-opportunities/,7114,1154
If you are an Ethnic Food Vendor interested in participating in our,NON-EVENT,0,https://chiceventsdc.com/2026-around-the-world-food-vendor-registration/,67,12
2026 Around The World Cultural Food Festival,EVENT,2,https://chiceventsdc.com/2026-around-the-world-food-vendor-registration/,44,7
", please fill out the online form. ** Please note: Registration is NOT completed and you are NOT accepted in the event until the Vendor Fee has been paid in full. ** *** REGISTRATION FOR 2025 IS CLOSED, BUT WE ARE OPEN FOR 2026! ***",NON-EVENT,0,https://chiceventsdc.com/2026-around-the-world-food-vendor-registration/,232,45
"If you want to be part of our festival, please fill out the registration from below for 2026 Around The Wold Cultural Food Festival ***",EVENT,2,https://chiceventsdc.com/2026-around-the-world-food-vendor-registration/,135,25
Primary Contact E-mail (please use your best contact email address as this will be used to receive further information on event's day of logistics). Cannot be the same as the Primary one Primary Contact Phone Number (cannot be the same as the Primary one) Secondary Contact Name (cannot be the same as the Primary one) Secondary Contact E-mail (please use your best contact email address as this will be used to receive further information on event's day of logistics).,NON-EVENT,0,https://chiceventsdc.com/2026-around-the-world-food-vendor-registration/,469,79
"August 29, 2026 - Around The World Cultural Food Festival ~ Oronoco Bay Park, Alexandria, VA (11am - 7pm)",EVENT,3,https://chiceventsdc.com/2026-around-the-world-food-vendor-registration/,105,19
"Vendor Type (Licensed Businesses ONLY) - Choose One COUNTRY Represented in the Festival (we only accept 1 vendor per country, so if the country is already represented by another food vendor, please do not register) 2025 ATW ~ Food Tent Vendor Single Booth, 10x10 Space - $1,295 2025 ATW ~ Food Truck 10x20 Space - 1,295 2025 ATW ~ Food Truck 10x30 Space - $1,995 2025 ATW ~ Food Truck 10x40 Space ~ $2,495 Desserts Vendor Single Booth, 10x10 - 795 - ON SITE COOKING (NO ICE CREAM PRODUCTS!) Desserts Vendor Single Booth, 10x20 - 595 - PRE-PACKAGED ONLY (NO ICE CREAM PRODUCTS!) Desserts Vendor Double Booth, 10x20 Space - SOLD OUT Desserts Vendor Truck - SOLD OUT Ice Cream Single Booth, 10x10 Space - SOLD OUT Ice Cream Truck - SOLD OUT Snow Cone/ Shaved Ice Truck - SOLD OUT Snow Cone/ Shaved Ice, Single Booth, 10x10 Space - SOLD OUT Smoothies Single Booth, 10x10 Space - SOLD OUT Smoothies Truck - SOLD OUT Virtual Vendor - Vendor will not be present on site the day of the event, but will be promoted in the event as an Online Vendor the week of the event (online reach over 1 million people) ~ $245 Additional Notes/ Requests (available on a first come, first serve basis). You will receive a separate invoice for it. Specific booth request ($45 additional) Tent Rental ($250 additional - includes tent weights, set up and break down) Vendor Marketing and Promotion ($175 additional) I have read and understand the COVID-19 SAFETY ACKNOWLEDGEMENT -- LIABILITY WAIVER AND RELEASE OF CLAIMS listed in the footer of the website Menu presented in the festival – all dishes are REQUIRED to be ethnic, traditional dishes, originated in the country you represent. Please be aware of the festival concept and requirements to present ONLY traditional food (i.e: fusion, mix, etc. dished are NOT allowed). NO refunds for the registration fee will be approved once your registration is approved and email sent confirming your participation in the festival. By agreeing to the Terms and Conditions in the Food Vendor Registration Form, you agree to the stipulated terms and conditions regarding the menu. No beverages are allowed for sale in the festival, no exception. Proof of Insurance naming Royal Events Group as Additional Insured",NON-EVENT,0,https://chiceventsdc.com/2026-around-the-world-food-vendor-registration/,2230,381
"Late Fee Documentation Submission – $150. If all required documents are NOT received by June 1, 2025, a $150 late submission fee will be assessed.",EVENT,2,https://chiceventsdc.com/2026-around-the-world-food-vendor-registration/,146,25
"Required and Not Included in the registration fee: Tent, tables, chairs (vendor provides full set up. Flame retardant certification required for the tent) Electricity (not available on site; vendor can use their own generator) Open Flame Permit from Alexandria County Fire Marshal Temporary Food Permit from Alexandria Health Department Around the World Cultural Food Festival is focused on promoting local establishments. Keeping that in mind, only restaurants and catering companies that have a business license will be allowed to submit entries. Due to limited space at the Around the World Cultural Food Festival, spacing selected will be on a first come, first paid basis. All selected food vendors, must adhere to the following: •Per health code regulation, restaurant personnel should adhere to all rules and regulations specified in the contract. •All vendors are required to sign Vendor Contract upon registration (contract will be presented to you upon approval of your participation). •Your participation in the festival will not be granted until all required documents are submitted and the registration fee is paid in full. VENDOR GENERAL INFORMATION, RULES AND REGULATIONS Each vendor is provided with a 10’ x 10’ space which can accommodate a 10×10 tent. If available, if you go outside the 10×10 space, you will have to pay for additional space! Vendors need to provide their own set up, including tent, tables and chairs for displaying the merchandize. Vendors understand that are responsible for all needed display props, including table/chairs/hanging materials/signs/etc. All tents MUST be anchored with weights on all legs. If a tent has no weights, you will be asked to take it down, due to liability issues. Electrical requirements are limited. Please contact the event organizer for any electrical needs. Usually set up starts 2 hours before the event start time and break down occurs right after the event ends. More detailed information regarding each of our events, including the Vendor Layout is emailed one to two weeks prior to the event date. For any questions, you can always contact our office at 703.889.0202 between normal business hours. Vendors are NOT allowed to share booth spaces; all vendors are welcome, but they must register for their own booth space. If we see that you share a booth space with another vendor not registered in the event with their own booth space, the vendor who is not registered with our company will be asked to leave the event premises, NO EXCEPTIONS. Food items, including jams, teas, spices, etc cannot be displayed for sale in the same tent with jewelry, clothing items, bath and body items, etc. The best and easiest way to keep in touch with our announcements on upcoming events, special promotions, and/ or last calls for vendors is to sign up for our Vendor E-newsletter. Please keep in mind you may receive emails regarding events that may not be in your area of interest, but we recommend you to keep an eye on all emails received from us as otherwise you may miss important announcements regarding upcoming festivals you may be interested in. Certificate of Insurance adding Royal Events Group as an additional insured for the day of the event is a requirement for all Food and Beverage Vendors participating in any of the events. While Event premises are being occupied under this agreement, the organizer will provide All participating vendors are required to accept both cash and credit card payments, NO EXCEPTIONS. Please be advised that wifi is NOT available on site, so please plan accordingly. Each exhibitor is responsible for collecting the state sales tax and filing a report with the local Department of Revenue. For any questions or more information, please contact your accountant or the local Department of Revenue; our staff is not certified to provide or answer any tax related questions. WE DO NOT ISSUE REFUNDS FOR CANCELLATIONS. Vendor fee is Non-Refundable and Non-Transferable. In case the event must be cancelled for reasons out of organizer’s control (i.e. inclement weather as tornadoes and hurricanes, government imposed regulations, Act of God, venue related issues, etc.), event will be rescheduled and the new date will be announced to all registered vendors in the event. Refunds will not be accepted due to already inquired expenses on organizer’s behalf as advertising and promotion, permits and licenses, venue rental fees, etc. In case the organizer must cancel the event with no rescheduled date set, vendor fees will be refunded. Day Before/ Same Day Cancellations and No-Shows Promoting other events in our festivals and events is strictly prohibited. If we see you promote other event within ours, you will be asked to remove all information related to that particular event. Vendors can distribute flyers, business cards, coupons, menus, or other material to patrons within their vendor booth area, but please DO NOT SHARE flyers from other events endor understands that, in special occasion, their booth will be relocated in a different area, most likely a better one, depending on the cancellations and/ or no-shows the day of the event, in order to maintain the overall flow and visual appearance of the event’s layout. This change will be communicated by the on site Event Manager, the day of the event. Alcohol is NOT allowed on event’s grounds – not for sale and not for personal consumption. Weather / Rain or Shine Policy",NON-EVENT,0,https://chiceventsdc.com/2026-around-the-world-food-vendor-registration/,5445,885
"COVID Policy (Addendum to Vendor Fees as of September 1, 2020 (revised March 1, 2021, revised February 2022)",EVENT,2,https://chiceventsdc.com/2026-around-the-world-food-vendor-registration/,108,18
"In special cases as the COVID-19 pandemic, vendor understands that no refunds will be processed as to already inquired expenses on organizer’s behalf as venue rental fees, permits and licenses, advertising and promotion, etc. Organizer will work with vendors to offer credit options towards another festivals and events in the coming year, hence 2023; a tentative schedule of events will be released by mid/ late 2022. the rules & regulations before submitting the Vendor Registration Form. We make every attempt to review all information contained within the pages of this website and at the time of posting all information is believed to be accurate and complete. Organizer has final rights for interpretations and disclosure and reserves the right to change any information as it becomes necessary. Any changes will be disclosed to all parties involved as soon as they become available to us via e-mail or phone, as we feel best for confirmed parties. Anticipated attendance: 45,000 – 50,000 people for the day (2023 attendance – 50,000 for the day) •All required certificates (copies) must be submitted with the completed application. •Vendor fees are Non-Refundable. This is a Rain or Shine event . •ALL PROCEEDS from vendor sales will belong to the vendor. •No commissions will be assessed. Vendors are responsible for collecting sales tax and for reporting earnings to IRS and VA Tax Office.",NON-EVENT,1,https://chiceventsdc.com/2026-around-the-world-food-vendor-registration/,1398,225
"If you are an Arts & Crafts, Food or Dessert, Direct Sales or even General Vendor interested in participating in our Arts & Crafts Festivals and Fairs, please fill out the online form below. Vendor Registration Fee for a single event can be paid online, using the link below. For registration to more than one event, please fill out the 2025 MULTIPLE EVENTS REGISTRATION FORM ** Please note: Registration is NOT completed and you are NOT accepted in the event until the Vendor Fee has been paid in full. *** E-mail (please use your best contact email address as this will be used to receive further information on event's day of logistics). Please add us to your Contact List, so you will not miss any emails from us. Website / Facebook/ Instagram (link required - i.e. https://www.chiceventsdc.com). This information will be used to promote your business, so please be accurate when including the links.",NON-EVENT,1,https://chiceventsdc.com/2025-arts-crafts-fair/,904,154
"SEPTEMBER 13, 2025  – OLD TOWN MANASSAS ART SHOW AND CRAFT FALL FAIR – MANASSAS MUSEUM, MANASSAS, VA (10am – 3pm) OCTOBER 12, 2025  – SILVER SPRING ARTS & CRAFTS FALL FAIR – VETERANS PLAZA, SILVER SPRING, MD (1pm – 6pm)",EVENT,2,https://chiceventsdc.com/2025-arts-crafts-fair/,219,41
"Arts & Crafts (handmade products only - i.e. jewelry, art, bath and body products, etc; except for clothing and accessories) Clothing & Accessories (handmade items only) Independent Consultants for Direct Sales Companies (i.e. Mary Kay, Paparazzi, Avon, Scentsy, Color Street, Lularoe, etc) General (i.e. home remodeling, law offices, insurance agencies, etc and other commercial businesses) Non-Profit Organization (501 c(3) organizations only). All other non-profits fall under the General Vendor category Vendor Booth Payment (please select Vendor Type from the drop-down menu) Arts & Crafts Single Booth, 10x10 - $145 Arts & Crafts Double Booth, 10x20 - $245 Clothing & Accessories Single Booth, 10x10 - $165 Clothing & Accessories Double Booth, 10x20 - $265 Independent Consultants for Direct Sales Companies Single Booth, 10x10 - $165 Independent Consultants for Direct Sales Companies Double Booth, 10x20 - $265 Ice Cream Single Booth, 10x10 Space - $265 Ice Cream Truck - $365 Snow Cone, Single Booth, 10x10 Space - $265 Snow Cone Truck - $365 Smoothies Single Booth, 10x10 Space - $265 Desserts, Treats & Spices Vendor Single Booth, 10x10 - $199 Desserts, Treats & Spices Vendor Double Booth, 10x20 - $299 Food Tent Vendor Single Booth - $495 Food Truck Vendor - $495 Food Tent Vendor Double Booth, 10x20 - $695 General Vendor Single Booth, 10x10 - $395 General Vendor Double Booth, 10x20 -  $695 Non-Profit Organization, Single Booth 10x10 - $249 Virtual Vendor - Vendor will not be present on site the day of the event, but will be promoted in the event as an Online Vendor the week of the event ~ $55 Total (taxes included). Payment link will appear once the registration form is submitted. If payment is not submitted immediately, you will have to re-submit the Vendor Registration Form. PRIME Booth Location ($45 additional) Specific Booth request - includes electricity request, where available ($35 additional) Participation in the FACEBOOK LIVE EVENT the day of the event ($55 additional) - Vendor has the opportunity to participate in a Facebook Live Event on the Chic Events DC’s event page the day of the event directly from their booth! Vendor will be allocated up to 30 minutes to present all products they have for sale the day of the event and promote their website or online store. This service is available to vendors registered in the live event only and will be assisted by the organizer's staff present at the event. Limited number of spots available per event. Tent Rental ($105 additional - includes tent weights, set up and break down) Vendor Marketing and Promotion ($50 additional) - Vendor will be promoted on all Chic Events DC's social media channels once a week for 4 weeks prior to the event date. Vendor has the option to select the Prime Location and/ or Corner Booth in the Vendor Registration From. Selecting these options does not guarantee having them. If the Prime Location and or Corner Booth are available, you will receive a separate email with invoice to submit payment for them. Prime Location spaces are the first ones to sell out and Corner Spaces are the second ones to sell out, so if you are interested in these additional options, please plan accordingly and select them as soon as you register for your booth space. We do not offer vendor category exclusivity for none of the categories listed in our vendor registration form except for the Direct Sales category (i.e.: Mary Kay, Scentsy, Avon, Paparazzi, etc), as all products are the same. As an artisan and crafter, we consider all items to be unique and we do not have a cap for handmade items, no matter the category. If you are interested in being the only vendor representing a category in one of our events, then you will be considered a Sponsor and booth fee will be displayed accordingly. In special cases and only if approved – if a vendor requires to transfer a registration fee from an event to another, there are several conditions that must be met: event cannot take place within 6 months from the date of the transfer request (i.e. if you are registered for an event in July, your request for transfer must be received no later than February and you can only transfer to an event happening after July, if and only the event you are transferring to/ from is not closed for registration. If the event you requested to be transferred to/ from is closed for registration, then the transfer can no longer take place. ) a $35 + taxes processing fee will be assessed for any transfers made no more than 1 transfer per vendor per year is allowed.",NON-EVENT,1,https://chiceventsdc.com/2025-arts-crafts-fair/,4562,774
"COVID Policy (Addendum to Vendor Fees as of September 1, 2020 (revised March 1, 2021, revised February 2022))",EVENT,2,https://chiceventsdc.com/2025-arts-crafts-fair/,109,18
"Anticipated attendance: 2,000 – 2,500 people for the day. ** Anticipated attendance is calculated as an average attendance for the events category (i.e. Arts & Crafts) based on each event’s attendance for the past 3 years. As outdoor events, please keep in mind that attendance is impacted by the weather conditions. **",NON-EVENT,0,https://chiceventsdc.com/2025-arts-crafts-fair/,319,52
RSVP to the Facebook Event Visit and RSVP to the,NON-EVENT,0,https://chiceventsdc.com/rsvp-to-the-facebook-event/,48,10
2025 Around The World Cultural Food Festival,EVENT,2,https://chiceventsdc.com/rsvp-to-the-facebook-event/,44,7
"2025 Spring into Art (Mother’s Day Celebration) Vendor Registration Form ~ National Harbor, MD",EVENT,2,https://chiceventsdc.com/2025-spring-into-art-national-harbor/,94,14
"If you are an Arts & Crafts, Food or Dessert, Direct Sales or even General Vendor interested in participating in our Cultural Festivals, please fill out the online form. SOLD OUT!!!! SEE YOU IN 2026!!!! 🙂 event cannot take place within 6 months from the date of the transfer request (i.e. if you are registered for an event in January, you can only transfer to an event happening after June) Same Day Cancellations and No-Shows Anticipated attendance: 2,000- 2,500 people for the day. © 2025 All right reserved by Chic Events DC. Unauthorized use and/or duplication of all and any material found on this website without express and written permission from this website’s author and/or owner is strictly prohibited. Excerpts and links may be used, provided that full and clear credit is given to Chic Events DC with appropriate and specific direction to the original content, no exceptions.",NON-EVENT,1,https://chiceventsdc.com/2025-spring-into-art-national-harbor/,889,148
"What Small Business Owners Need To Know About The New Round Of PPP Loans Do you qualify? And if so. where do you apply? Well… we have some answers below:   Round 2 of the SBA’s Paycheck Protection Program (PPP) opened on Monday, Jan. 11, 2021. For the first week of PPP2, the program is only available to small businesses applying at community financial institutions (CFIs). These lenders provide funding […] As more and more small business are struggling with making ends meet during this pandemic, we wanted to see if there are any options for arts and crafts vendors to maybe find funding for our fellow artisans. This pandemic hit home for so many of us and it’s really encouraging to see efforts from government […] Transition from Live to Virtual Events As we are all cooped up inside our homes and under the “stay at home” order which most states have in place currently, the events industry, all together, has been faced with a new challenge – how to survive the novel coronavirus pandemic?  Event organizers together with arts and crafts vendors, food vendors, independent consultants […] How to have a successful booth at vendor events Here are our top seven tips:   Keep It Simple. Keep your display simple and eye catching. … Draw People In. Make sure there’s a reason for people to stop by, and more importantly stay, at your booth. … Stay Front and Center. Never sit or stand behind your booth. … Be Smart About Your […] Vendors Due Your Diligence on Competition We have created this short weekly blog only to provide more help understanding both Vendors and Event Organizers and create a common ground for both parties. Please remember that this should be a team work, not a competition. We are involved with both parties on a regular basis and we hope this weekly blog will […] I recently joined a Facebook group of arts & crafts vendors and while reading through different posts and comments, I realized that a lot of vendors are complaining about different events they participated in and blaming the organizer for the lack of advertising. While in some cases this could be true, vendors also need to […] We are introducing you to the latest trends in the Events industry from the best designers worldwide. We are also showcasing the most fashionable events in the Washington DC Metro Area, so make sure you follow our blog! Enjoy!!",NON-EVENT,0,https://chiceventsdc.com/blog/,2350,409
"Old Town Manassas Christmas Market Silver Spring Arts & Crafts Arts & Crafts Summer Fair – Silver Spring, MD Arts & Crafts Spring Fair – Silver Spring, MD – Silver Spring Arts & Crafts Fall Fair – Silver Spring Arts & Crafts Summer Fair – Manassas Arts & Crafts Summer Fair – Silver Spring Arts & Crafts Spring Fair Holiday Arts & Crafts Fair – Silver Spring Holiday Arts & Crafts Fair Holiday Crafts, Desserts & Sweets Arts & Crafts Fall Fair – Clarendon Central Park – Crafts & Pizza Holiday Fine Arts & Crafts",NON-EVENT,0,https://chiceventsdc.com/arts-crafts-event-photos/,512,95
"WECOME TO THE 2025 VENDOR VIRTUAL SHOWCASE EVENTS! We are happy to announce that we will continue our Virtual Showcase events in 2024! TAKE ADVANTAGE OF OUR ONLINE OUTREACH (over 1 million people reach on our combined social media channels) AND GROW YOUR BUSINESS OUTSIDE YOUR PHYSICAL LOCATION! A Virtual Vendor Showcase event is the best way to promote and sell your products and / or services outside of your physical location. Unlike an in-person event (fair, festival, craft show, etc), through an online event you have the possibility of reaching a much larger audience from all around the world; it all depends on you and your area of shipping and/ or servicing – you can stay local, or you can go global!! Through the Virtual Showcase Events, we are offering you the perfect platform to make your business known to thousands of people from different parts of US and not only (you can view our online outreach below). Please remember that you will still have to have an e-commerce for people to view your products and purchase them and we recommend you to take advantage of our social media presence to post your items and increase your sales! With this being said… are you ready to take your business to the next level?? This year, we are inviting you to join us on an ONLINE shopping spree! Considering the COVDI-19 pandemic, more and more people are redirecting their attention through online shopping. Therefore, for this year, we are offering our clients the option to shop the unique products they are used to from our vendors from the comfort of their own homes. If you are a vendor interested in joining the online events, please read carefully the description for each event to make sure you qualify as a vendor. There are ten (10) different events we are hosting, so you can choose one or more that are applicable to the products you sell.",NON-EVENT,1,https://chiceventsdc.com/2025-virtual-vendor-showcase-events/,1856,324
"February 3 – 7, 2025 ~ The Perfect Valentine’s Gift ~ Last Minute Valentine’s Day Deals and Steals Virtual Show",EVENT,2,https://chiceventsdc.com/2025-virtual-vendor-showcase-events/,111,20
"~ OPEN for ALL TYPES OF JEWELRY, BATH & BODY, CANDLES, CLOTHES, DECORATIONS, etc. (direct sales vendors accepted)",NON-EVENT,0,https://chiceventsdc.com/2025-virtual-vendor-showcase-events/,113,18
"April 28 – May 2, 2025 ~ Mother’s day Celebration  ~ Online Shopping Event October 20 – 24, 2025 ~ Trick or Treat Arts & Crafts Virtual Holiday Show November 24 – 28, 2025 ~ Black Friday Virtual Holiday Market ~ Jewelry, Bath & Body and Home Decor",EVENT,3,https://chiceventsdc.com/2025-virtual-vendor-showcase-events/,247,48
"ecember 8 – 12, 2025 ~ Tis’ The Season for Last Minute Deals and Steals ~ Virtual Holiday Craft Show ~ OPEN for UNIQUE, FINE HAND MADE JEWELRY, CLOTHING AND ACCESSORIES and UNIQUE, FINE ARTISANS AND CRAFTERS (direct sales vendors not accepted) If Interested in joining the event as a vendor, please fill out the form below. Please keep in mind we accept a limited number of Vendors per event. Which event are you interested in attending ( we accept ONLY 20 vendors per event)",NON-EVENT,1,https://chiceventsdc.com/2025-virtual-vendor-showcase-events/,475,85
"April 28 – May 2, 2025 ~ Mother’s Day Celebration  ~ Online Shopping Event October 20 – 24, 2023 ~ Trick or Treat Arts & Crafts Virtual Holiday Show November 24 - 28, 2025 ~ Black Friday Virtual Holiday Market Black Friday Virtual Holiday Market ~ Jewelry, Bath & Body and Home Decor December 8 - 12, 2025 ~ Tis’ The Season for Last Minute Deals and Steals ~ Virtual Holiday Craft Show",EVENT,3,https://chiceventsdc.com/2025-virtual-vendor-showcase-events/,385,73
"CHIC EVENTS DC MARKETPLACE FB GROUP VENDOR REGISTRATION - 1 month promotion (vendor will be able to promote its products One Day A Week for a month in the group) Desserts, Sweets & Other Treats General Vendor (home contractor, insurance agency, law office, etc.) Vendor Registration Fee. We accept a LIMITED number of Vendors per event. Please select the Vendor Type from the drop-down menu Artisans, Crafters and Independent Consultants - $55 (plus taxes) General and Non- Profit Organizations - $85 (plus taxes) CHIC EVENTS DC Marketplace FB Group Vendor -  $65 Payment Method (Pay via PayPal; you can pay with your credit card if you don’t have a PayPal account) Vendor Marketing and Promotion ($75 additional) - Vendor will be promoted once a day on the FB event,  every day for the duration of the event Please include the EXACT description of your products as you'd like to have it mentioned in the event (this will be copied and pasted in the online event exactly as you write it). Upload your Logo (required size 888 by 298 pixels, otherwise picture may look distorted). This image will be used to list your business on our website and on the event page) I have read and understand the Vendor Contract, Policies, Rules and Regulations VENDOR INFORMATION (please read carefully) Vendor will be officially registered for the event when registration form and payment are received. Registration fee is non refundable as your spot is being held and guaranteed in the event. Upon registration, you will receive an email confirming your participation in the event. One week before the virtual event opens, you will receive a second email with instructions and a detailed schedule for FB lives and posts, from which you can choose the days and times when you want to go live or you can submit posts; we strongly encourage you to participate every day in the virtual event. an e-commerce website, an Etsy or Facebook shop from where customers can purchase the items; the website you provide to us will be used for promotion of your business and general information on your products for the event. We also encourage you to join our Chic Events DC Arts & Crafts Marketplace group on Facebook where you can share and sell your items. Vendor is responsible for the all information included on their website, including but not limited to pictures, description and other details related to the items presented, as well as shipping and return policy.  Vendor must ship the item within 2 days from receiving the order. Vendor is responsible for any returns/ refunds. No items will be purchased from our website, nor are we affiliated with any transactions related to vendor’s products Virtual event will take place solely on Facebook (please check our Facebook page to see all upcoming events – , and will be shared on all Chic Events DC’s social media websites. The event lasts for 5 days – Monday through Friday, in which you will share and showcase your products through our Facebook event and through it, your website with the products will be available for purchase. The event will take place on Facebook, as listed below: CHIC EVENTS DC ARTS & CRAFTS MARKETPLACE GROUP This group will feature artwork from the artisans and crafters of Chic Events DC and will be promoted on all our social media pages. Please invite your family, friends, acquaintances to join the group – the more, the merrier! — Facebook event lives and posts (for Facebook event): Vendors are encouraged to use the Facebook event, as well as the Marketplace Group to promote their business and showcase their products and use the outreach we have in order to create more sales. Schedule for live participation and post submission will be emailed once vendor registration closes and will read as follows: — up to 1 hour Facebook Live — Tuesday and Thursday — up to 1 hour Facebook Posts — Monday, Wednesday and Friday Will take place on 2 dates: Tuesday and Thursdays from 11am to 6pm. As a vendor registered in the event you have the choice to participate in 1 or both dates for live events; we recommend both days. Choose the date(s) and time of your desired Facebook live. You have up to 1 hour for the presentation of your items, specials, promotions, etc. Please note times are assigned on a first come, first serve basis. How it works: You go live on your Facebook personal or business page (we recommend using the business page, as you will get more views and followers on your page) and then share your live in the Facebook event. One of our admins will approve your post as soon as you share it. Note: if you don’t want to do a Facebook live, you can also post a pre-recorded video presentation of your products during your Facebook live time slot. Do NOT delete your live post as soon as it ends; make sure you post it on your page as we are also sharing it in our groups and pages. As vendors registered in the event you will have the choice to participate in 1 or all 3 dates and submit posts of your promotions and/ or specials in the event; we recommend all 3 days. How it works: on Monday, Wednesday and Friday, vendors will choose a time slot of up to 1 hour to post in the event. Times for vendor posts are from 11am to 6pm every mentioned day. Please send us an email with your desired date(s) and time(s) for your presentation posts. Once you submit the posts, one of our admins will approve your post in the event. We recommend all participating Vendors to take advantage of our social media presence and submit as many posts as they can on a daily basis during the entire duration of the virtual event. Please keep in mind we do not promote each vendor participating in the event on a daily basis, unless they paid for the marketing and promotion, but we do promote and share the event all together. It’s Vendor’s responsibility to share and promote their products to the best of their knowledge in order to generate sales. Virtual Vendor Events will be promoted on all platforms as mentioned below, as well as paid advertising though Facebook, but as vendors participating in the event, we ask you to invite your contacts in the Facebook event; the more people, the more sales!! All events will be promoted on Chic Events DC media channels. All events will be promoted on Chic Events DC Facebook page – All events will be promoted on the Events in Washington DC, Virginia and Maryland Facebook group – All events will be promoted in the Vendor Events in DMV – All events will be promoted in the Professional Women in DMV meetup group – All events will be promoted in the Exhibitions, Events, Trade Shows, Fairs & Festivals in DMV – Exhibitions, Events, Trade Shows, Fairs & Festivals in DMV All events will be promoted in the Professional Women in DMV Facebook Group – All events will be promoted in Promote your Business in DC, MD and VA – All events will be promoted in the Vendors for Online Events (vendors from all around the world welcome!) – All events will be promoted in the Food Vendors & Events in Washington DC Metro Area – Food Vendors & Events in Washington DC Metro Area All events will be promoted in the Chic Events DC Arts & Crafts Marketplace –",NON-EVENT,0,https://chiceventsdc.com/2025-virtual-vendor-showcase-events/,7150,1263
"– group just relaunched September 28, 2022 –",EVENT,2,https://chiceventsdc.com/2025-virtual-vendor-showcase-events/,44,8
"** Note: Members and followers updated in September, 2022. These numbers may change as the members and followers of the groups and pages increase. **",NON-EVENT,1,https://chiceventsdc.com/2025-virtual-vendor-showcase-events/,149,25
Around The World Cultural Food Festival WE ARE COMING BACK IN 2025,NON-EVENT,1,https://chiceventsdc.com/around-the-world-cultural-food-festival/,66,12
"We are excited to announce that the Around the World Cultural Food festival is coming back in 2025 at ORONOCO BAY PARK, downtown Old Town Alexandria, VA, on Saturday, August 23, 2025 from 11 AM – 7 PM!!",EVENT,3,https://chiceventsdc.com/around-the-world-cultural-food-festival/,202,38
"Oronoco Bay Park is a 4.5-acre park located on the waterfront, which allows for social distancing and the ability for everyone to comply with CDC’s and County’s covid regulations. The event is ADMISSION FREE, with plenty of food and beverages available for purchase. Come enjoy delicious foods from around the world while watching a diverse folk show with singers and dancers from different countries, as well as a fashion show with traditional outfits from some of our participating countries. Around The World Cultural Food Festival creates a Cultural and Educational Experience like no other in the DMV. Our restaurants do not only sell food; they showcase, educate and teach their culture through food. With only one (1) restaurant per country ~ we are carefully selecting the best of the best for our attendees! The festival delivers a once in a year experience in which our vendors are encouraged to present The Best of The Best from their countries. Where you can find us — Oronoco Bay Park, 100 Madison St, Alexandria, VA 22314 (downtown Old Town Alexandria). If you are a Vendor interested in being part of the event, please register on the link below: ***Please note that the event is being held in accordance with the CDC and Virginia Health Department’s regulations.",NON-EVENT,0,https://chiceventsdc.com/around-the-world-cultural-food-festival/,1278,213
"To register as a Vendor, please click on the Event Flyer below: If you are an Arts & Crafts, Food or Dessert, Direct Sales or even General Vendor interested in participating in our Arts & Crafts Fairs, please fill out the online form. Vendor Registration Fee for a single event can be paid online, using the link below. For registration to more than one event, please contact us, or fill out the and email it back to us at ArtsandCrafts@Royal-EventsPlanning.com. ** Please note: Registration is NOT completed and you are NOT accepted in the event until the Vendor Fee has been paid. **",NON-EVENT,0,https://chiceventsdc.com/frederick-arts-crafts-fair/,585,103
"Cool Attendees only in 2024 Festivals in Washington DC area since 2015 Are you a Visitor or a Vendor? Click below to choose 🙂 We look forward to have you ENJOY our events! We look forward to have you JOIN our events! 2025 VENDOR REGISTRATION IS NOW OPEN If you are an Arts & Crafts, Food or Dessert, Direct Sales or General Vendor interested in participating in our event, register online at Welcome to Chic Events DC Come join our next event! Either as a Vendor or an Attendee, you will have a great time experiencing our array of uniquely themed events.",NON-EVENT,1,https://chiceventsdc.com/,555,102
"Whether you enjoy Arts & Crafts fairs, or want to experience the Culture and Traditions of different countries through food and cultural performances, or only to have fun on a Saturday or Sunday afternoon at one of our Family Fun events, then make sure you check out our 2025 Schedule of Festivals happening in the Washington DC Metro Area, Virginia and Maryland.",EVENT,2,https://chiceventsdc.com/,363,62
"CLICK HERE FOR VENDOR REGISTRATION FOR THE 2025 EVENTS 2025 SCHEDULE OF LIVE EVENTS CLICK HERE FOR VENDOR REGISTRATION CLICK HERE TO JOIN THE FACEBOOK GROUP Check out our newest Arts & Crafts Marketplace Group and the upcoming Virtual Marketplace Events! ENTER THE ARTS & CRAFTS MARKETPLACE GROUP Thank you so much for having us! It is our pleasure to be a part of your events. We are looking forward to next ones. T-Mobile, Brand Experience Assistant Manager Thank you for having Birds and Bees Boutique at the last event. We had a wonderful time and it was very well-organized.  We look forward to participating in the future. Owner,  Birds and Bees Boutique Thank you so much for putting on the amazing festival! The kids had an absolute blast and so did the parents! We had an excellent turnout and the sales were great! This is EXACTLY what I hoped it would be, total diversity, sampling people and food from all over the world. Standing here in the beer tent, looking at Hawaii, India, and Peru, side by side by side!! Attended the Around The World Cultural Food Festival in Washington DC Thanks for a beautiful festival today! Weather couldn’t have been better and loved to see all the kites in the sky! Attended the Festival of Kites at Ida Lee Park in Leesburg, VA Our entire family had a great time! Food was amazing and the selection of small vendors was great! Cannot wait for the next event. Attended World Heritage Festival at Riverfront Park in Fredericksburg, VA Do you qualify? And if so. where do you apply? Well… we have some answers below:   Round 2 of the SBA’s Paycheck Protection Program As more and more small business are struggling with making ends meet during this pandemic, we wanted to see if there are any options for As we are all cooped up inside our homes and under the “stay at home” order which most states have in place currently, the events Here are our top seven tips:   Keep It Simple. Keep your display simple and eye catching. … Draw People In. Make sure there’s a We have created this short weekly blog only to provide more help understanding both Vendors and Event Organizers and create a common ground for both I recently joined a Facebook group of arts & crafts vendors and while reading through different posts and comments, I realized that a lot of Come Join Us in the",NON-EVENT,1,https://chiceventsdc.com/,2315,412
"2019, Sept.14 – World Heritage Festival & Festival of Kites ~ Manassas, VA 2019, Sept.7 – World Heritage & Festival of Kites ~ Richmond, VA",NON-EVENT,1,https://chiceventsdc.com/cultural-events-photos/,139,25
"2019, August 24,World Heritage Festival &",EVENT,2,https://chiceventsdc.com/cultural-events-photos/,41,6
"Festival of Kites – Leesburg, VA Around the World Cultural Food Festival –  Freedom Plaza, Washington DC 2019, August, International Food & Craft Fair – Silver Spring, MD 2019, July, World Heritage Festival ~ Baltimore, MD",NON-EVENT,0,https://chiceventsdc.com/cultural-events-photos/,222,36
"2019, June 29, World Heritage Festival ~ Fredericksburg, VA 2019 June 23, World Heritage Festival ~ Silver Spring, MD",EVENT,2,https://chiceventsdc.com/cultural-events-photos/,117,19
"World Heritage Festival & Festival of Kites ~  Leesburg,VA Latin Heritage Festival – Silver Spring, MD World Heritage Festival ~ Manassas, VA 2018, June, World Heritage Festival –",NON-EVENT,0,https://chiceventsdc.com/cultural-events-photos/,179,28
"Taste of the World Cultural Festival – October 2017, Dumfries,VA Taste of the World Cultural Festival – August 2017, Leesburg, VA Around the World Cultural Food Festival – June 2017, National Mall, Washinghton DC",EVENT,2,https://chiceventsdc.com/cultural-events-photos/,212,34
"Chic Events DC is the producer of several cultural events, arts and crafts fairs, fashion shows, arts exhibitions, business and networking events and much more in the Washington DC, Virginia and Maryland. The Silver Spring Arts & Crafts seasonal fairs, the Around The World Cultural Food Festival and World Heritage festivals, and the Professional Women in DMV Networking events are just a few of the company’s signature events.",NON-EVENT,1,https://chiceventsdc.com/about/,428,68
"2019, October – Silver Spring Crafts, Desserts & Sweets Fair – Manassas Museum, Manassas, VA, Ida Lee Recreation Center, Leesburg, VA, – Ida Lee Recreation Center, Leesburg, VA Bratwurst, BBQ and Mulled Wine Fall Festival",NON-EVENT,1,https://chiceventsdc.com/family-fun-events-photos/,221,35
"If you are a Vendor Interested in Registering for Multiple Events, please fill out the form below with all the information. Registration Fees are per event. Please note that in order to complete your registration and have your participation confirmed, you need to submit both the To register for more than 1 event, please fill out the Online Multiple Events Vendor Registration Form below, or you can fill out the pdf form (click on the link – 2025 MULTIPLE EVENTS REGISTRATION FORM ) and email it back to us. The process is detailed below: once you submit the Vendor Registration form, you will receive an invoice including all the festivals you listed in the form, as well as any additional notes as corner booth, prime location, electricity, etc. Upon delivery of the invoice, the credit card included in the registration form will be processed in the amount shown on the invoice and, if transaction is completed, a confirmation email will be sent to the email address listed in the registration form. The invoice will come from Royal Events Group, our parent company. To benefit from the Multiple Events Discount, payment for all events must be made at the same time. For Past and Expected Attendance per event, please visit each Festival Category for specific events. *** Around The World Festival and ALL Christmas Markets DO NOT count, nor qualify for the Multiple Events Discount *** Vendor Booth Fees in this form are noted as a range, because vendor fees vary depending on the event category. To view the exact vendor fee to the event you are interested in, please visit the 2025 Single Event Vendor Registration Form and click on the event you are interested in attending. Once payment is processed and E-mail (please use your best contact email address as this will be used to receive further information on event's day logistics). Which events are you interested in attending (list below includes both IN-PERSON and VIRTUAL events)",NON-EVENT,0,https://chiceventsdc.com/2025-multiple-events-vendor-registration/,1944,328
"JULY 20, 2025-SILVER SPRING INTERNATIONAL FOOD & CRAFT FESTIVAL – VETERANS PLAZA, SILVER SPRING. MD (1pm – 7pm) AUGUST 23, 2025– AROUND THE WORLD CULTURAL FOOD FESTIVAL – ORONOCO BAY PARK, ALEXANDRIA, VA (11am – 7pm) AUGUST 30, 2025  – FREDERICK END OF SUMMER CELEBRATION - CARROLL CREEK PARK, FREDERICK, MD (11am – 5pm) SEPTEMBER 7, 2025 – SILVER SPRING END OF SUMMER CELEBRATION – VETERANS PLAZA, SILVER SPRING, MD (2pm – 7pm) SEPTEMBER 13, 2025 – OLD TOWN MANASSAS ART SHOW AND CRAFT FALL FAIR – MANASSAS MUSEUM, MANASSAS, VA (10am – 4pm) SEPTEMBER 20, 2025  – OKTOBERFEST in OLD TOWN MANASSAS  – MANASSAS MUSEUM, MANASSAS, VA (10am – 5pm) SEPTEMBER 27, 2025 – ALEXANDRIA OKTOBERFEST @ JOHN CARLYLE SQUARE, ALEXANDRIA, VA (11am – 6pm) OCTOBER 25, 2025  - WOODBRIDGE/ STONEBRIDGE FALL-O-WEEN  - STONEBRIDGE, WOODBRIDGE, VA (11am – 5pm) OCTOBER 26, 2025  - OLD TOWN MANASSAS FALL-O-WEEN  - MANASSAS MUSEUM, MANASSAS, VA (10am – 4pm) OCTOBER 26, 2025  ~ FALL-O-WEEN IN SILVER SPRING – VETERANS PLAZA, SILVER SPRING, MD (12pm – 5pm) NOVEMBER 1, 2025 - ALEXANDRIA FALL-O-WEEN - JOHN CARLYLE SQUARE, ALEXANDRIA, VA (11am – 5pm) NOVEMBER 21, 2025 – WOODBRIDGE/ STONEBRIDGE CHRISTMAS MARKET AND HOLIDAY CRAFT SHOW ~ STONEBRIDGE, WOODBRIDGE VA (5pm – 9pm) NOVEMBER 29, 2025 – OLD TOWN MANASSAS CHRISTMAS MARKET AND HOLIDAY CRAFT SHOW  - MANASSAS MUSEUM, MANASSAS,  VA (10am – 3pm)",EVENT,2,https://chiceventsdc.com/2025-multiple-events-vendor-registration/,1374,228
"NOVEMBER 29th – NATIONAL HARBOR CHRISTMAS MARKET AND HOLIDAY CRAFT SHOW – AMERICAN WAY PARK, NATIONAL HARBOR, MD (12pm – 6pm) NOVEMBER 30th – NATIONAL HARBOR CHRISTMAS MARKET AND HOLIDAY CRAFT SHOW – AMERICAN WAY PARK, NATIONAL HARBOR, MD (12pm – 6pm) DECEMBER 6th  – NATIONAL HARBOR CHRISTMAS MARKET AND HOLIDAY CRAFT SHOW – AMERICAN WAY PARK, NATIONAL HARBOR, MD (12pm – 6pm) DECEMBER 7th  – NATIONAL HARBOR CHRISTMAS MARKET AND HOLIDAY CRAFT SHOW – AMERICAN WAY PARK, NATIONAL HARBOR, MD (12pm – 6pm)",NON-EVENT,1,https://chiceventsdc.com/2025-multiple-events-vendor-registration/,503,84
"DECEMBER 7, 2025 – SILVER SPRING CHRISTMAS MARKET AND HOLIDAY CRAFT SHOW – VETERANS PLAZA, SILVER SPRING, MD (12pm – 4pm) DECEMBER 13, 2025  – OLD TOWN ALEXANDRIA CHRISTMAS MARKET AND HOLIDAY CRAFT SHOW – JOHN CARYLE SQUARE, ALEXANDRIA, VA (11am – 4pm)",EVENT,2,https://chiceventsdc.com/2025-multiple-events-vendor-registration/,252,43
"DECEMBER 13th  – NATIONAL HARBOR CHRISTMAS MARKET AND HOLIDAY CRAFT SHOW – AMERICAN WAY PARK, NATIONAL HARBOR, MD (12pm – 6pm) DECEMBER 14th – NATIONAL HARBOR CHRISTMAS MARKET AND HOLIDAY CRAFT SHOW – AMERICAN WAY PARK, NATIONAL HARBOR, MD (12pm – 6pm) DECEMBER 20th – NATIONAL HARBOR CHRISTMAS MARKET AND HOLIDAY CRAFT SHOW – AMERICAN WAY PARK, NATIONAL HARBOR, MD (12pm – 6pm)",NON-EVENT,1,https://chiceventsdc.com/2025-multiple-events-vendor-registration/,378,63
"DECEMBER 20, 2025 – WOODBRIDGE/ STONEBRIDGE ARTS & CRAFTS CHRISTMAS MARKET AND HOLIDAY CRAFT SHOW - STONEBRIDGE, WOODBRIDGE VA (5pm – 9pm)",EVENT,3,https://chiceventsdc.com/2025-multiple-events-vendor-registration/,138,22
"DECEMBER 21st – NATIONAL HARBOR CHRISTMAS MARKET AND HOLIDAY CRAFT SHOW – AMERICAN WAY PARK, NATIONAL HARBOR, MD (12pm – 6pm) If Vendor registers for ONE event ONLY, a $15 processing fee will be added to the total amount included in the invoice; please use the SINGLE VENDOR REGISTRATION FORM if you register for only 1 event. There is NO processing fee for Multiple Events Registration Clothing & Accessories (handmade products only) Vendor Booth Payment (fees vary based on the event type. Fees are per event. For for specific pricing, please check each event's registration page) Arts & Crafts Single Booth, 10x10 - $145-$399 Arts & Crafts Double Booth, 10x20 - $245-$449 Clothing & Accessories Single Booth, 10x10 - $165-$359 Clothing & Accessories Double Booth, 10x20 - $265-$549 Independent Consultants for Direct Sales Single Booth, 10x10 - $165-$299 Independent Consultants for Direct Sales Double Booth, 10x20 - $265-$449 Ice Cream Single Booth, 10x10 Space - $199 - $695 Ice Cream Truck - $299-$695 Snow Cone/ Shaved Ice Truck - $299 - $695 Snow Cone/ Shaved Ice, Single Booth, 10x10 Space - $199 - $695 Smoothies Single Booth, 10x10 Space - $199 - $695 Smoothies Truck - $299 - $695 Desserts, Treats & Spices Vendor Single Booth, 10x10 - $199-$699 Desserts, Treats & Spices Vendor Double Booth or Truck, 10x20 - $299-$799 Food Truck - $495 - $1,299 Food Tent Vendor Single Booth - $495 - $1,299 Food Tent Vendor Double Booth, 10x20 - $699 - $1,980 General Vendor Single Booth, 10x10 - $365 - $549 General Vendor Double Booth, 10x20 -  $645 - $899 Non-Profit Organization - $249 - $499 Credit Card Type (we do not take Amex and Discover) Additional Notes/ Requests (available on a first come, first serve basis). Fees vary depending on the event type. You will receive a separate invoice for it. Prime Booth Location ($45 - $75 additional) Corner Booth ($40 - $65 additional) Specific booth request - includes electricity request, where available ($35 additional) Tent Rental ($105 - $255 additional - includes tent weights, set up and break down) Vendor Marketing and Promotion ($50 - $250 additional) - Vendor will be promoted on all Chic Events DC's social media channels once a week for 4 weeks prior to the event date.",NON-EVENT,1,https://chiceventsdc.com/2025-multiple-events-vendor-registration/,2233,377
"White, NO Inscriptions Tents Are Required for all National Harbor events and the December 14, 2024 - Alexandria Christmas Market. Do you have a White No Inscriptions tent",EVENT,2,https://chiceventsdc.com/2025-multiple-events-vendor-registration/,170,28
"No (you are required to have a white, no inscriptions tent for this event) I need a tent (we provide tent rentals for this event for $165/ tent. Set up and break down included) Expiration Date (i.e. 06/22 list as 0622) Security Code/ CVV (3 digit number on the back of the card for Visa and MasterCard; AMEX not accepted) With the new refund policy from Square, processing fees will no longer be refunded, in case of a cancellation request happening within 30 minutes from the charge time. The reason for this change is to align with evolving costs from Square's network and payment partners and match current industry standards. Processing fees are calculated at 4.1% of the total invoice amount. In special cases as the COVID-19 pandemic, vendor understands that no refunds will be processed as to already inquired expenses on organizer’s behalf as venue rental fees, permits and licenses, advertising and promotion, etc. Organizer will work with vendors to offer credit options towards another festivals and events in the coming year, hence 2026; a tentative schedule of events will be released by mid/ late 2025.",NON-EVENT,0,https://chiceventsdc.com/2025-multiple-events-vendor-registration/,1116,187
All Events are Admission Free.,NON-EVENT,0,https://chiceventsdc.com/national-harbor-arts-crafts-fair/,30,5
"If you are an Arts & Crafts, Small Business (i.e.: Clothing and Accessories, Literature, Direct Sales, etc) or a Commercial Vendor interested in participating in our Around The World Cultural Food Festival, please fill out the online registration form.",NON-EVENT,1,https://chiceventsdc.com/around-the-world-festival-non-food-vendor-registration/,252,39
"August 23, 2025 ~ Oronoco Bay Park, Alexandria, VA (11am - 7pm)",EVENT,2,https://chiceventsdc.com/around-the-world-festival-non-food-vendor-registration/,63,12
What Country do you represent?,NON-EVENT,0,https://chiceventsdc.com/around-the-world-festival-non-food-vendor-registration/,30,5
"Vendor Type (Vendor Fees will increase starting November 1, 2022)",EVENT,2,https://chiceventsdc.com/around-the-world-festival-non-food-vendor-registration/,65,10
"Clothing and Accessories (handmade items only) Teas and Spices (small businesses only) Commercial Vendor (i.e.: home improvement, home food services, travel agencies, etc) Non-Profit Organization (501 c(3) charitable organizations only) Vendor Booth Payment (please select Vendor Booth Fee from the drop-down menu) Arts & Crafts Vendor, Single Booth 10x10 - $275 Arts & Crafts Vendor, Double Booth, 10x20 - $475 Clothing & Accessories Single Booth, 10x10 - $275 Clothing & Accessories Double Booth, 10x20 - 475 Independent Consultants for Direct Sales Companies Single Booth, 10x10 - $275 Independent Consultants for Direct Sales Companies Double Booth, 10x20 - $475 Herbs, Honey, Sauces & Spices (small businesses only), Single Booth, 10x10 - $275 Herbs, Honey, Sauces & Spices (small businesses only), Double Booth, 10x20 - $475 Commercial Vendor Single Booth, 10x10 - $545 Commercial Vendor Double Booth, 10x20 - $845 Non-Profit Organization (501c(3) charitable organizations only) Single Booth, 10x10 - $445 Non-Profit Organization (501c(3) charitable organizations only) Double Booth, 10x20 - $699 Virtual Vendor - Vendor will not be present on site the day of the event, but will be promoted in the event as an Online Vendor the week of the event (online reach over 1 million people) ~ $175 PRIME Booth Location ($75 additional) Specific Area Booth Request ($65 additional) Anticipated attendance: 45,000 – 50,000 people for the day (2023 attendance – 50,000 people for the day)",NON-EVENT,0,https://chiceventsdc.com/around-the-world-festival-non-food-vendor-registration/,1484,227
2023 Attendance per Event ~ 2022 Attendance per Event ~,NON-EVENT,1,https://chiceventsdc.com/old-town-alexandria-arts-crafts-fair/,55,10
"You are invited to be part of our Arts & Crafts events! Our Vendors will enchant you with their wide selection of products and our food vendors will delight you with their array of dishes. Kids will enjoy face painters, henna artist and balloon twister (these vary from event to event). All our events are Admission Free. To register for the Arts & Crafts Fairs, please click HERE or one one of the Event Flyers below: May Old Town Alexandria Art Show and Spring Craft Fair/ Mother’s Day Celebration ~ Veterans Plaza, Silver Spring, MD   ~ May Silver Spring Arts & Crafts Spring Fair/ Mother’s Day Celebration ~ Veterans Plaza, Silver Spring, MD   ~ October Silver Spring Arts & Crafts Fall Fair – Veterans Plaza, Silver Spring, MD ~ Old Town Manassas Art Show and Fall Craft Fair ~ Manassas Museum, Manassas, VA – 1,500 people December Silver Spring Christmas Market and Holiday Craft Show – Veterans Plaza, Silver Spring, MD  ~ December Old Town Manassas Christmas Market and Holiday Craft Show – Manassas Museum, Manassas, VA – December Old Town Alexandria Christmas Market and Holiday Craft Show – John Carlyle Square, Alexandria, VA ~ TBA",NON-EVENT,1,https://chiceventsdc.com/silver-spring-arts-crafts-fair/,1143,196
"Use code ""LOVE"" to save 10% on All Virtual Runs and Running Medals Log 2025 Full Moon Miles Here Item added to your cart Making a Difference…One Race at a Time. Clearance Race Medals and Gear 2025 Be Kind to Your Mind 1M 5K 10K 13.1 26.2- Benefitting Mental Health America 2025 BIGFOOT! 1M 5K 10K 13.1 26.2- Benefitting The National Park Foundation 2025 Cat Day 1M 5K 10K 13.1 26.2 - Benefits Alley Cat Allies 2025 Day of the Dog 1M 5K 10K 13.1 26.2 – Benefitting Freedom Service Dogs of America Let customers speak for us One of my funniest and cutest medals ever! I currently have a few family friends fighting cancer and have lost 2 close friends to cancer. So this run meant a lot to me. I was PROUD to run this race :) 2025 World Cancer Day 1M 5K 10K 13.1 26.2- Benefitting Stand Up To Cancer Great medal and always interested in helping our Mother Earth 2025 Earth Day 1M 5K 10K 13.1 26.2- Benefitting Wild Earth Allies Race Through Texas Medal and Bib Great way to Kick of Spring This is an adorable medel with such cute detail.  Thought it would make a great ""welcome to spring"" race. 2025 Welcome to My Garden 1M 5K 10K 13.1 26.2- Benefitting Growing Hope Globally Be Kind to Your Mind Beautiful medal and great cause 2025 Race to Read 5k I am a huge reader and am trying to get back into running. The medal is beautiful and hangs nicely in my library 2025 Race to Read 1M 5K 10K 13.1 26.2 - Benefitting Donors Choose Anytime you can save money on something you love it's a win win! Virtual Run Events VIP Member and Loyalty Program! The Truth Is Out There 10k Great way to keep motivated, Currently  using the 5k-10k to stay active during  my weight lost journey.  Down 74lbs so far. Definitely  will continue, shipping  was fast and I have my eye on two more medal to add to my newly  started collection/ hobby. 2025 The Truth Is Out There 1M 5K 10K 13.1 26.2 - Benefitting National MS Society Love the metal, reminds of living there and enjoying my time there. Race Through North Carolina Medal and Bib CLEARANCE - 2024 Halfling Hustle 1M 5K 10K 13.1 26.2 It is awesome and it all true what is says. Can't wait to run to Honor our Fallen Soldiers. 2025 Memorial Day 1M 5K 10K 13.1 26.2- Benefitting Operation Gratitude Race Through Montana Medal and Bib Race Through America Series - ALL 50 MEDALS AND BIBS! 2025 International Women's Day 1M 5K 10K 13.1 26.2 2025 I Have a Dream 1M 5K 10K 13.1 26.2- Benefits Equal Justice Initiative What is a Virtual Race? A virtual race is a race that can be run (or walked) from any location you choose. You can run, jog, or walk on the road, on the trail, on the treadmill, at the gym or on the track (or even at another race). You get to run your own race, at your own pace, and time it yourself. Running and walking on your own, or with friends! And your medal will be shipped directly to you. Complete a virtual 5Ks, 10K, half marathon and more! Each race benefits a difference charity For each of our virtual races, we choose a charity to donate a portion of each registration to. We’ve already raised more than $1,00,000 for charities from races here at Virtual Run Events!  Our goal is to continue to help different charities around the world CHECK OUT ALL OF OUR RACES! Pack of 100 Running Themed Stickers",NON-EVENT,0,https://www.virtualrunevent.com/,3262,610
"We created Virtual Run Events in April 2015 because we LOVE running! And even more, we LOVE connecting with runners.",EVENT,2,https://www.virtualrunevent.com/,116,20
Do not sell or share my personal information Choosing a selection results in a full page refresh. Opens in a new window.,NON-EVENT,0,https://www.virtualrunevent.com/,120,22
"My Blog - Virtual Races and More! Virtual 5K Race: Ultimate Guide to a Modern Run... In the ever-evolving world of fitness, virtual races have emerged as a popular and innovative way to participate in running events. Among these, the virtual 5K race stands out as... What Is A Virtual Race? A virtual race is a type of running event that allows participants to complete the race distance at their own pace and location, rather than attending a traditional race in... Training Programs for Virtual Runs: 5K to Marathon Embarking on a virtual run offers a unique way to challenge yourself and achieve personal fitness goals, but to get the most out of your virtual race experience, a well-planned... Virtual Runs Overview: Everything You Need to Know In recent years, virtual runs have surged in popularity, offering runners a unique and flexible way to participate in races without the constraints of traditional in-person events. These races have...",NON-EVENT,0,https://www.virtualrunevent.com/blogs/news,949,157
"As described in our Privacy Policy, we collect personal information from your interactions with us and our website, including through cookies and similar technologies. We may also share this personal information with third parties, including advertising partners. We do this in order to show you ads on other websites that are more relevant to your interests and for other reasons outlined in our privacy policy. Sharing of personal information for targeted advertising based on your interaction on different websites may be considered ""sales"", ""sharing"", or ""targeted advertising"" under certain U.S. state privacy laws. Depending on where you live, you may have the right to opt out of these activities. If you would like to exercise this opt-out right, please follow the instructions below. If you visit our website with the Global Privacy Control opt-out preference signal enabled, depending on where you are, we will treat this as a request to opt-out of activity that may be considered a “sale” or “sharing” of personal information or other uses that may be considered targeted advertising for the device and browser you used to visit our website. VIEW ALL SUBMITTED RESULTS HERE! Submitting results is optional.  They are all collected in a spreadsheet and you can view the spreadsheet with results HERE!",NON-EVENT,0,https://www.virtualrunevent.com/pages/do-not-sell-or-share-my-personal-information,1310,209
"VIP MEMBERSHIP AND LOYALTY PROGRAM Join the Club: VIP Membership for Virtual Run Events Unlock the ultimate experience for runners, walkers, and fitness lovers alike with our For just one yearly fee, you’ll gain exclusive access to 50% off on our website — all year long. Whether you're collecting medals, crushing goals, or gifting gear, the savings add up fast. Plus, you'll be added to our Loyalty Program, which is for Members Only and allows you to earn points to earn store credit to save even more on races! But that’s not all. As a VIP, you'll also receive and surprise bonuses sent straight to your inbox throughout the year — think early access, limited-edition swag, and more insider benefits that make your journey even more rewarding. Save Big. Run More. Get Rewarded. Join today and make every mile count. Saving 50% on each race is the same as getting two races for the price of one!",NON-EVENT,0,https://www.virtualrunevent.com/pages/vip-membership-and-loyalty-program,898,157
JOIN OUR VIP MEMBERSHIP PROGRAM! You can still join our 2025 Full Moon Challenge to learn about our VIP Membership Program and Saving 50% on ALL Races!,NON-EVENT,0,https://www.virtualrunevent.com/pages/2025-full-moon-challenge-1,151,27
Make A Difference....One Race At A Time,NON-EVENT,0,https://www.virtualrunevent.com/pages/about-us,39,7
"We created Virtual Run Events in April 2015 because we LOVE running! And even more, we LOVE connecting with runners. Shortly after we created Moon Joggers, we began to realize that we could encourage people to get out and get moving, AND make a difference throughout the world by creating fun and unique events to raise money for various charities and causes. For each event we design a unique medal, invite people to get out and run (or walk) their own race, at their own pace and choose a charity to donate a portion of the proceeds to.",EVENT,2,https://www.virtualrunevent.com/pages/about-us,538,98
"We are on a quest to help provide food, shoes, schools, school supplies, water, toilets, toys and other needed things to people throughout the world and it is all happening through our Virtual Run Events. We love being involved in the running community and have made so many new running friends from all over the world. Thank you so much for participating! We are making a difference…one race at a time! With each virtual race we hold we choose a charity to raise funds for. Between Virtual Run Events and our sister site, Moon Joggers, we have donated more than $1,000,000 to charities around the world! *Cancellation/Refunds: Unfortunately, we cannot offer a refund for these events. We  have to immediately spend the money on ordering for the medals, bibs and shipping, so all sales are final.",NON-EVENT,0,https://www.virtualrunevent.com/pages/about-us,796,136
When you purchase a medal it comes with a bib where you can write your name and results.  Some people have asked for a bib they can print out. Below you can print a generic bib and fill in the details on your own. You can also print out a generic completion certificate and fill it out.  Thanks!,NON-EVENT,0,https://www.virtualrunevent.com/pages/print-a-bib,295,58
Out of stock (0 products) The highest price is $99.00 2025 New Year Challenge - Year of the Snake 2.025 Mile 20.25 Mile 202.5 MILE- Benefitting Soles4Souls 2025 See the World a Different Way 1M 5K 10K 13.1 26.2- Benefitting The Doug Flutie Jr Foundation for Autism STICKER - Run with Heart 2025 Easter 1M 5K 10K 13.1 26.2- Benefitting Easter Seals 2025 We Rise Together 1M 5K 10K 13.1 26.2 - Benefitting Rise Against Hunger CLEARANCE - 2024 Kindness is Free 1M 5K 10K 13.1 26.2 STICKER -  I’m Your Huckleberry CLEARANCE - 2024 One Hit Wonder 1M 5K 10K 13.1 26.2 50K 50M 100K 100M STICKER RACES - Stickers and Bibs,NON-EVENT,0,https://www.virtualrunevent.com/collections/clearance-race-medals-and-gear,613,113
"! We strive to deliver your orders promptly and efficiently. Please review our shipping policy below: All orders are processed within Orders placed on weekends or holidays will begin processing on the next business day. Shipping Rates & Delivery Estimates Shipping charges are calculated at checkout and depend on the delivery location and chosen shipping method. Estimated delivery times are as follows: Delivery times may vary due to factors outside our control, such as customs processing for international orders or unforeseen carrier delays. We currently ship worldwide. However, delivery to certain remote locations may take longer. Once your order is shipped, you will receive an email with a tracking number. Use this to monitor your order's progress via our shipping partner’s website. While we ensure proper packaging for your orders, we cannot guarantee against damages or loss during transit. If your item is lost or arrives damaged, please contact us within of delivery with the following: Photos of the damaged item and packaging We will work with the carrier to resolve the issue or offer a replacement if necessary. For international orders, customs fees, import duties, or taxes may apply. These charges are the buyer's responsibility and are determined by the destination country's policies. We recommend checking with your local customs office for further information. If you have any questions about our shipping policy, feel free to reach out to our support team at: We’re here to assist you and ensure your Virtual Run Event experience is exceptional!",NON-EVENT,0,https://www.virtualrunevent.com/policies/shipping-policy,1573,248
STICKER - Sorry For What I said When I was Hungry ULTIMATE PACKAGE: 25 MEDALS and BIBS + 9 STICKER RACES and BIBS PACKAGE! STICKER - LIVE LOVE FIGHT STICKER: Stronger Than The Storm STICKER: Just One More Mile STICKER -  Buttered Biscuit Cat,NON-EVENT,0,https://www.virtualrunevent.com/collections/stickers,241,44
The highest price is $699.00 Race Through Florida Medal and Bib Race Through Ohio Medal and Bib Race Through California Medal and Bib Race Through Indiana 1M 5K 10K 13.1 26.2 Medal and Bib Race Through Virginia 1M 5K 10K 13.1 26.2 Medal and Bib Race Through Arizona  Medal and Bib Race Through Hawaii Medal and Bib Race Through Alaska Medal and Bib Race Through Colorado  Medal and Bib Race Through Washington Medal and Bib Race Through Louisiana Medal and Bib Race Through Michigan Medal and Bib,NON-EVENT,0,https://www.virtualrunevent.com/collections/race-thru-america-series,496,87
2025 Elephant Stampede 1M 5K 10K 13.1 26.2- Benefitting The Elephant Sanctuary,NON-EVENT,1,https://www.virtualrunevent.com/collections/all,78,12
"2025 Fourth of July 1M, 5K, 10K, 13.1, 26.2 – Benefitting Homes for Our Troops",EVENT,2,https://www.virtualrunevent.com/collections/all,78,15
"2025 Full Moon Challenge 12K and 12M - Benefits Soles 4 Souls 2025 Global Running Day 1M, 5K, 10K, 13.1, 26.2 – Benefitting Soles 4 Souls",NON-EVENT,1,https://www.virtualrunevent.com/collections/all,137,26
"2025 Gobble Til You Wobble 1M, 5K, 10K, 13.1, 26.2 – Benefitting Feeding America - Starts Shipping Out September 2025",EVENT,2,https://www.virtualrunevent.com/collections/all,117,20
2025 Happy Birthday To Me 2025- Benefitting Make a Wish Foundation 2025 I’m Your Huckleberry 1M 5K 10K 13.1 26.2 - Benefits First Star (medals start shipping out mid-July).,NON-EVENT,1,https://www.virtualrunevent.com/collections/all,172,29
"Get 15% off your purchase of virtual runs and running medals when you sign up for our newsletter! SUBMIT YOUR VIRTUAL RACE RESULTS Thank you so much for participating in our virtual runs!  Once you are signed up, you can complete your race and then submit your results.  Submitting your results is optional. Running medals will ship out within 2 to 5 days of signing up, unless otherwise specified. *You do not have to be logged in to the website to submit your results. Click Here To Submit Virtual Race Results 2025 Full Moon Challenge Participants IF YOU HAVE SIGNED UP FOR OUR 2025 FULL MOON CHALLENGE YOU CAN CLICK THE LINK BELOW TO GET TO YOUR PARTICIPANT DASHBOARD WHERE YOU CAN LOG YOUR MILES. YOU WILL HAVE TO LOG IN ON THAT SITE USING THE SAME EMAIL YOU USED WHEN YOU SIGNED UP FOR THE CHALLENGE. LOG YOUR 2025 FULL MOON MILES HERE Print a Bib and Finisher's Certificate for Virtual Runs CLICK HERE TO PRINT A BIB OR FINISHER’S CERTIFICATE CLICK HER TO PRINT BIB AND CERTIFICATE",NON-EVENT,0,https://www.virtualrunevent.com/pages/submit-results,988,179
Don’t forget to use code  GIVE50 to save 50% on !  This codes expires December 25th! Sign up for races,NON-EVENT,0,https://www.virtualrunevent.com/pages/enter-to-win,102,20
"Or search by your State to see markets in your area Select your state and metro to see if there are any markets happening near you! Please select from the options above to view available markets Copyright 2017-2025, Children's Entrepreneur Market, LLC. Part of the",NON-EVENT,0,https://childrensentrepreneurmarket.com/markets/?state=PA,264,45
"Conservation area open seven days a week, from sunrise to sunset. 1049 Kirkwall Road, Rockton, Ontario L0R 1X0 of Early Life in Canada Westfield Heritage Village Conservation Area is a living history museum and conservation area. As one of Ontario’s most interesting historical destinations, it boasts a stunning collection of over 35 restored historical buildings, nestled within 204 hectares of conservation land featuring woodlands, meadows, and trails. Historical buildings are not open on a daily basis , but visitors may walk through the Village, and enjoy hikes seven days a week. On special and event days, a selection of buildings will be open along with costumed interpreters providing demonstrations and guided tours. Westfield is the ideal setting for weddings, offering one convenient location for your ceremony, photographs and reception. Learn about the past in an immersive, multi-sensory environment that makes history come alive before your eyes. Learn more about the 204 beautiful hectares of natural areas of Westfield Heritage Village Conservation Area. May is Museum Month – Village Opening May 18 Reserve now for Maple Syrup Season! By Popular Demand … Carnival Fun & Farm House Miniature Join our mailing list and stay up to date! © 2025 Hamilton Conservation Authority  | Website By:",NON-EVENT,0,http://westfieldheritage.ca/,1308,204
"The HMF FitKids program is designed to inspire an interest in running among children aged two through eleven and is supported through the generosity of Dr. Susan Beris, a Southbury pediatrician. In conjunction with select family-friendly HMF Events, FitKids races are short distance fun runs that allow children the opportunity to participate in their own race, complete with finish line and finisher medal. Check individual event sites for registration information and details:",NON-EVENT,0,https://www.hartfordmarathon.com/susie-beris-md-youth-running-program/hmf-fitkids/,478,72
": Saturday, March 8, 2025 : Sunday, March 9, 2025 : Saturday, March 15, 2025 : Sunday, March 16, 2025 : Sunday, April 6, 2025 : Saturday, April 26, 2025",EVENT,2,https://www.hartfordmarathon.com/susie-beris-md-youth-running-program/hmf-fitkids/,152,30
CT RACE IN THE PARK,NON-EVENT,0,https://www.hartfordmarathon.com/susie-beris-md-youth-running-program/hmf-fitkids/,19,5
": Saturday, May 10, 2025",EVENT,2,https://www.hartfordmarathon.com/susie-beris-md-youth-running-program/hmf-fitkids/,24,5
Mystic Half Marathon & 10K,NON-EVENT,0,https://www.hartfordmarathon.com/susie-beris-md-youth-running-program/hmf-fitkids/,26,5
": Sunday, May 18, 2025",EVENT,2,https://www.hartfordmarathon.com/susie-beris-md-youth-running-program/hmf-fitkids/,22,5
"UConn Health Half Marathon, 10K & 5K",NON-EVENT,0,https://www.hartfordmarathon.com/susie-beris-md-youth-running-program/hmf-fitkids/,36,7
": Saturday, June 7, 2025",EVENT,2,https://www.hartfordmarathon.com/susie-beris-md-youth-running-program/hmf-fitkids/,24,5
L+M Hospital Summer Stride 5K & 10K,NON-EVENT,0,https://www.hartfordmarathon.com/susie-beris-md-youth-running-program/hmf-fitkids/,35,7
": Sunday, June 15, 2025",EVENT,2,https://www.hartfordmarathon.com/susie-beris-md-youth-running-program/hmf-fitkids/,23,5
MOVE! With the Urban League,NON-EVENT,0,https://www.hartfordmarathon.com/susie-beris-md-youth-running-program/hmf-fitkids/,27,5
": Saturday, July 12, 2025",EVENT,2,https://www.hartfordmarathon.com/susie-beris-md-youth-running-program/hmf-fitkids/,25,5
Old Wethersfield 5K & 10K,NON-EVENT,0,https://www.hartfordmarathon.com/susie-beris-md-youth-running-program/hmf-fitkids/,25,5
": Sunday, August 17, 2025",EVENT,2,https://www.hartfordmarathon.com/susie-beris-md-youth-running-program/hmf-fitkids/,25,5
"Eversource Hartford Marathon, Half Marathon, Team 26.2 Relay, Charity 5K",NON-EVENT,0,https://www.hartfordmarathon.com/susie-beris-md-youth-running-program/hmf-fitkids/,72,10
": Saturday, October 11, 2025 : Saturday, October 25, 2025 : Sunday, November 9, 2025 : Saturday, December 6, 2025",EVENT,2,https://www.hartfordmarathon.com/susie-beris-md-youth-running-program/hmf-fitkids/,113,20
CLA Blue Back Mitten Run,NON-EVENT,0,https://www.hartfordmarathon.com/susie-beris-md-youth-running-program/hmf-fitkids/,24,5
": Sunday, December 7, 2025",EVENT,2,https://www.hartfordmarathon.com/susie-beris-md-youth-running-program/hmf-fitkids/,26,5
"The Hartford Marathon Foundation is a non-profit that produces road races in communities across Connecticut, Rhode Island and Massachusetts. HMF Events include 5K, 10K, 10 Mile, half marathon and marathon running events, in addition to triathlon events and a trail race. In addition to the Eversource Hartford Marathon and Half Marathon, which takes place annually in October, the HMF Events calendar includes more than 30 races welcoming runners and walkers of all experiences and ages, from competitive athletes to participants looking for new fitness challenges. Copyright © 2025 Hartford Marathon Foundation | 860-652-8866",NON-EVENT,0,https://www.hartfordmarathon.com/susie-beris-md-youth-running-program/hmf-fitkids/,626,93
"Saturday - March 8, 2025",EVENT,2,https://www.hartfordmarathon.com/oshenanigans-5k/race-day/,24,5
"for directions, note Road Closure details Pre/post race activities, as well as the race finish will take place in and around Kinsmen Brewing, located at 409 Canal Street, Plantsville, Connecticut – the start line is located about a block south on Canal Street. Kinsmen Brewing Company (409 Canal Street, Milldale, CT 06467) No exit will be permitted from this lot before 11:00 AM St. Aloysius Church (254 Burritt Street, Plantsville, CT 06479) AMC Southington 12 Theatre (1821 Meriden-Waterbury Turnpike, Southington, CT 06489) Please park in the rear lot of the movie theater as directed by volunteers *As designated parking areas fill, volunteers and staff will direct you to other available options. **Kinsmen Brewing and race services are a short walk from church/theater parking areas, please arrive early. HMF FitKids Run: 9:30 AM 10:15 AM – 11:30 AM: Kinsmen Brewing, 409 Canal Street, Milldale, CT Spend some time in the great community of Southington! Learn more about local restaurants, shopping and activities Please note: No baggage check available on race day. OUR RACE IS MADE POSSIBLE BY THE GENEROSITY OF THESE PARTNERS",NON-EVENT,0,https://www.hartfordmarathon.com/oshenanigans-5k/race-day/,1135,181
"Limited space remains in the UConn Health Half Marathon, 10K & 5K – Sign Up Now!",NON-EVENT,0,https://www.hartfordmarathon.com/hmf-events/,80,16
VIRTUAL EVENT /// JUNE 2 - 8,EVENT,2,https://www.hartfordmarathon.com/hmf-events/,28,7
"Move! With the Urban League Presented By Pratt & Whitney Riverfront East Hartford 5 Mile Surftown Half Marathon, Relay & 5K and Half Marathon, Team 26.2 Relay & Charity 5K Presented by Trinity Health Of New England Orthopedics & NoHo 5K /// NORTHAMPTON, MA",NON-EVENT,0,https://www.hartfordmarathon.com/hmf-events/,256,44
VIRTUAL EVENT /// DECEMBER 1 - 12,EVENT,2,https://www.hartfordmarathon.com/hmf-events/,33,7
"Burlington to Collinsville Classic 10K BURLINGTON, CT TO COLLINSVILLE, CT Middletown 10K & 5K Run/Walk Presented By Eli Cannon's Tap Room Presented By Five Churches By The Bay",NON-EVENT,1,https://www.hartfordmarathon.com/hmf-events/,175,28
"The HMF High School Program is an initiative to support high school running programs and coaches in underserved communities with training resources for coaches, race entries for students and funding to support the purchase of shoes, transportation to events and an annual field trip to inspire a love of running for youth to reap health and wellness benefits in their future. This program is established through the generosity of Dr. Susan Beris, a Southbury pediatrician. In the fall of 2024, the Hartford Marathon Foundation sponsored two high school cross-country teams. Learn about the impact of the $2,500 stipends for student-athletes at Maloney High School in Meriden and Windham High School in Willimantic To read a story about how the Hartford Marathon Foundation supported the Bulkeley High School Cross Country Team in the spring of 2024, please If you would like to support the HMF High School Program please contact HMF Susie Beris, MD Youth Program Manager,",NON-EVENT,0,https://www.hartfordmarathon.com/susie-beris-md-youth-running-program/high-school-program/,971,156
"HMF Multi Sport Series Partners To partner with us in supporting a healthy community, please contact: , Manager of Strategic Partnerships, (860) 652-8866 x118, , HMF Partnership Representative, (860) 558-7380, , Strategic Partnership Administrator, (860) 652-8866 x115,",NON-EVENT,0,https://www.hartfordmarathon.com/oshenanigans-5k/sponsorship/,269,37
"Kick-start weekend vibes with the return of Thursday evening happy hour running! 13.1 in June + 26.2 in October = CT Double challenge Train with what’s on course, FREE sample pack of UCAN Used for the like, share, comment, and reaction icons HMF Events (Hartford Marathon Foundation) We may not be feeling holiday weekend warm temps here in CT, but summer running is just ahead! We've got 4 events and a virtual community program coming up in June: June 2-8: We Run CT (how many CT streets can we complete?) Half Marathon, 10K & 5K (Simsbury) Lawrence + Memorial (L+M) Hospital Summer Stride 5K & 10K (New London) June 21: Summer Solstice Trail Run, 8 mile, 5 mile, 3 mile (Hebron) June 26: Riverfront 5K (Hartford) Get on it today: bit.ly/HMFschedule We're looking for an enthusiastic developing professional! A summer college internship position just opened up with our team. Please see details at The Official Charity partner program for the 2025 Eversource Hartford Marathon has expanded to include 30 groups raising awareness for local causes and adding to the $9.5+ million raised through the event!  Learn more at CT Coalition Against Domestic Violence Girls on the Run Greater Connecticut Midwest Food Bank New England Postpartum Support International Connecticut Chapter Safe Haven of Greater Waterbury The Salvation Army - Greater Hartford Area Services Tommy Fund for Childhood Cancer So excited to be a part of this event! Thank you for this opportunity! We are SO EXCITED to be a Gold Level Partner! We can’t wait to rally more than 30 volunteers from the 2-4-1 Sports family to support on race day. Every step we take helps raise essential funds to continue our work in Hartford Public Schools—giving kids early access to sports and teaching crucial social-emotional skills through play. Let’s go! Let’s gooooooo! We cannot wait!!! We are thrilled to be a Charity Partner! 🏃‍♀️ Runners, walkers, and volunteers: We look forward to connecting! 🌟 We thank you HMF Events (Hartford Marathon Foundation) 🎗️ Ohhhh Beth Ann yall look awesome! Go Meg! Go Achilles International- CT Chapter !! Thank you so much!!!! 🏅 Congratulations to Nolan Kus of Jackson, NJ, winner of the Mystic Half Marathon for the second straight year, and to Sidney Triepke of New London. Great job out there today, results linked below. Top 3: Nolan Kus of Jackson, NJ  in 1:15:46 Jonah Lee of Las Vegas, NV in 1:15:54 John Weston of New London in 1:16:49 Sidney Triepke of New London in 1:30:49 Katherine Boy of Waterford in 1:31:03 Kelsey Davidson of Pawcatuck in 1:31:27 Congratulations, Nolan!! Love your Quinnipiac University spirit on display!!! Congratulations to Ciaran Fisher of Danbury, winner of the 2025 Mystic 10K and to Elizabeth Fengler of Wallingford on her back-to-back wins. 10K results linked below, top 3: Ciaran Fisher of Danbury in 32:16 Stephen Fengler of Wallingford in 33:00 Jean Rioux of Bristol, CT in 38:43 Elizabeth Fengler of Wallingford in 37:55 (third overall) Amelia Kokernak of Worcester, MA in 38:52 Charlotte Kokernak of Hamden in 41:30",NON-EVENT,0,https://www.hartfordmarathon.com/,3055,505
"A partnership with the Hartford Marathon Foundation (HMF) can become a wonderful platform if carefully crafted and specifically tailored to meet the needs of your company, organization, or brand. If your core values and priorities include healthy living, fitness & wellness, inclusion & equity, charity, sustainability, and perhaps even economic growth in the communities of Southern New England, then we should join forces. HMF hosts more than 30 health & fitness events, youth programs, and community collaborations each year and attracts over 150,000 spectators and participants. This tremendous audience is intensely loyal and will genuinely appreciate engaging with you. To explore, please contact:",NON-EVENT,0,https://www.hartfordmarathon.com/sponsorship/,703,103
"The first of four St. Patrick’s Day themed O’races starts and finishes outside Kinsmen Brewing Company, just steps from the Farmington Canal Heritage Trail. A fast 3.1 mile course through rural roads in Southington and Cheshire brings runners back to the festivities at the brewery and taproom. This party of a road race is not to be missed – costumes always encouraged! Swag includes St. Paddy’s themed knit beanie. Participants 21+ (with ID) also enjoy an ice cold craft beer from Kinsmen Brewing and everyone re-fuels with fresh hot pizza from Sauced at Kinsmen. – Participate in all four O’races and earn the big bling! Check out the options for virtual/in-person combos to achieve the Lucky Challenge goal. Start with O’Shenanigans, then take on the Courthouse O’Putnam, O’Niantic and either the O’Hartford 5K or 10K. – Love the idea of a challenge but can’t swing two weekends of 5Ks in a row? Join the Li’l Lucky and sign up for any two of the four St. Paddy’s themed races. All Li’l Lucky participants will earn a finisher medal. Bring the little leprechauns for the FitKids Run, a ¼ or ½ mile race for kids ages 2-11. The charity partner for this event is . Consider making a donation or run, walk or volunteer with their group and support their mission to end Alzheimer’s and all other dementia. Please help give back to the local community. Donate nonperishable food in the HMF Can tent at Packet Pickup on race day to support Southington’s Bread For Life food bank. HMF Can is supported by Stop & Shop to help alleviate food insecurity in communities.",NON-EVENT,1,https://www.hartfordmarathon.com/?page_id=3490,1563,272
"is a not for profit organization whose mission is to promote healthy living through fitness and physical activity for people of all ages, abilities, ethnicities, gender identities, orientations and experience levels, and to use HMF events to support charity, sustainability, tourism and economic growth in communities. Hartford Marathon Foundation, Inc. was incorporated in 1994. The Hartford Marathon Foundation supports and enables charity fundraising efforts for individuals and groups throughout the calendar of events. Consider choosing a race to rally support around an organization important to you, or joining the effort for a partner charity at an event on your calendar.",NON-EVENT,1,https://www.hartfordmarathon.com/about-hmf/,680,100
"In addition, HMF’s flagship Eversource Hartford Marathon annual event, engaging more than 56,000 people in 2024, supports an Official Charity program and individual race participant fundraising efforts contributing more than $9.5 million in donations.",EVENT,2,https://www.hartfordmarathon.com/about-hmf/,251,34
"Outside of raising funds, participants in many HMF Events have the opportunity to donate non-perishable foods to the HMF Can initiative on race day. HMF Can is supported by Stop & Shop to help alleviate food insecurity in communities. to view current board of directors. 2024 Silver Seal from GuideStar GuideStar is the world’s largest source of information on nonprofit organizations. Our organization has earned a 2024 Silver Seal of Transparency! about our organization’s impact through our profile. SUSIE BERIS, MD YOUTH RUNNING PROGRAM HMF greatly expanded its platform of youth running programs in 2022 under the umbrella of the Susie Beris, MD Youth Running Program. With a mission to build lifelong runners, the expanded program encompasses the existing HMF FitKids offerings with additional resources and opportunities in Connecticut, Rhode Island and Massachusetts. Want to share the love of running with kids? Please consider a donation. We welcome members of the media to cover HMF Events and encourage you to contact our PR Director in advance with questions or to request credentials and schedule interviews.",NON-EVENT,0,https://www.hartfordmarathon.com/about-hmf/,1122,175
"HMF Events are professionally organized to provide safe, well-supported races including medical personnel and safety services. In addition, registered participants will receive the following swag and race perks: St. Paddy’s themed knit beanie Ice cold craft beer from Kinsmen Brewing, (one free beer to all finishers 21+ with ID) Fresh hot pizza from Sauced at Kinsmen, grab & go snacks featuring Personalized Race Bib with your name (if registered by Finishers under the age of 12 also receive a finisher medal, available at the results area Course amenities as detailed on the Register early to save and guarantee your spot in the race! For current registration pricing, click on the REGISTER NOW button above. Refund Protection available for purchase at the time of registration or up to five days after a registration has been completed within your Registrants may also defer entry for credit to a future HMF event (no later than 14 days before race date) or transfer registration directly to another participant up to 7 days before race day. For Refund, Deferral and Race Distance/Category Change policies please For online registration assistance or to confirm your registration, please PACKET PICKUP / BIB MAILING If you register on or before your bib will be mailed to you race week, pick up your swag on race morning. Online registration remains open until 30 minutes before race start (or race sells out). Register online and speed up bib pickup by downloading your Check-in Pass to your phone before you get in line. In-person registration is available at packet pickup if the race is not at capacity. Credit Cards and Apple Pay accepted for race registration and event merchandise. No cash. 8:30 AM to 9:30 AM, Kinsmen Brewing Note: To designate someone to pick up another runner’s race packet , designee must bring or show a copy of this signed . Photocopies or phone pictures of the form will be accepted. Keep the party going, challenge yourself to multiple races and earn even more St. Paddy’s themed swag and a challenge finisher medal! Take on the four-race Lucky Challenge in two weekends OR join the Li’l Lucky and sign up for any two of the four St. Paddy’s themed races. Participants enjoying all four races will earn a two-part connecting Lucky Challenge medal and those in the Li’l Lucky will earn one blingy finisher medal for their efforts. Custom sweatshirts, adult and youth tees can be purchased during race registration or in the . Event merchandise will be sold on race day at the HMF Merchandise Tent. Pre-ordered merchandise will be available for pick-up at the tent. Runna is the Training App Partner of the Hartford Marathon Foundation. Enjoy tailored expert training plans designed to help you cross the finish line with confidence! Use code",NON-EVENT,0,https://www.hartfordmarathon.com/oshenanigans-5k/registration-info/,2777,463
The HMF FitKids In School running program is a free five-week program designed for students throughout Connecticut grades 4-8 to learn how to incorporate running and fitness into their everyday activities and encourage a healthy lifestyle. The Hartford Marathon Foundation provides schools with training materials so that students can log their miles each day to accumulate enough mileage to complete the distance of a Half Marathon or Full Marathon over the course of the five-week program.,NON-EVENT,0,https://www.hartfordmarathon.com/susie-beris-md-youth-running-program/hmf-fitkids-in-school/,491,76
"All students that participate in the program will come together to run their “FINAL MILE” on Medal Day on Thursday, May 29, 2025 at Wickham Park in Manchester, CT.",EVENT,2,https://www.hartfordmarathon.com/susie-beris-md-youth-running-program/hmf-fitkids-in-school/,163,29
"At no cost to schools , HMF will provide training materials, t-shirts for students and coaches attending Medal Day, finisher medals, snacks, activities and bus transportation to take part in at Medal Day to engage students. (Chartered buses are not included). If your school would like to participate, here are some important dates: – register your school to participate in the FitKids In School Final Mile Program and provide a ballpark estimate of the number of students you anticipate by emailing – Return student waivers (which include T-Shirt sizes) to Christy Miller at the Hartford Marathon Foundation. May 19, 20 and 21st – T-Shirt pick up for your students and staff at the Hartford Marathon Foundation office in East Hartford. – Submit your school’s bus invoice to Hartford Marathon Foundation for payment.",NON-EVENT,0,https://www.hartfordmarathon.com/susie-beris-md-youth-running-program/hmf-fitkids-in-school/,816,132
"The Hartford Marathon Foundation supports and enables charity fundraising efforts for individuals and groups throughout the calendar of events. Consider choosing a race to rally group support around an organization important to you, or joining the effort for a partner charity at an event on your calendar (check the “Run For Good” tab within the event site pages to learn more on each event). As a non-profit organization itself, HMF serves as a catalyst for participants and supporters. There are many ways to get involved as a group, individual fundraiser or race participant! Please note, all donations made directly to the Hartford Marathon Foundation support the HMF Susie Beris, MD Youth Running Program, which helps children of all ages develop a lifelong love of running.",NON-EVENT,1,https://www.hartfordmarathon.com/?page_id=7875,780,125
"In addition, HMF’s flagship Eversource Hartford Marathon annual event, engaging more than 56,000 people in 2024, supports an Official Charity program and individual race participant fundraising efforts contributing more than $9.5 million in donations since 1994.",EVENT,2,https://www.hartfordmarathon.com/?page_id=7875,262,36
"Outside of raising funds, participants in many HMF Events have the opportunity to donate non-perishable foods to the HMF Can initiative on race day. HMF Can is supported by Stop & Shop to help alleviate food insecurity in communities. Check the “Run For Good” tab within the event site pages to learn about local efforts. No need to manage race logistics, you focus efforts on rallying supporters together for your cause at an HMF event and we take care of the rest. Bring together runners, walkers, fundraisers, volunteers and cheerleaders – depending on group size, support can include: Group registration link and reports On-site space for group hospitality",NON-EVENT,0,https://www.hartfordmarathon.com/?page_id=7875,660,108
"Success stories include Team Gilead, who have raised more than $300,000 through group participation in the Middletown 10K and 5K Run/Walk since 2015. Each year, they bring a team of over 400 walkers, runners, cheerleaders and volunteers to the event, including clients, board members and community members. Check out how they create a campaign around their involvement to make a big impact.",EVENT,2,https://www.hartfordmarathon.com/?page_id=7875,390,62
"From 2015 to 2024, the Mystic Half Marathon and 10K has generated more than $186,000 to benefit the charitable works of the Mystic Rotary Club. Support a cause just by registering and showing up on race day! Additional fundraising events HMF produces for other organizations include: MahoneySabol 5K at the Travelers Championship, to benefit Hospital for Special Care Neuromuscular Care Center",NON-EVENT,1,https://www.hartfordmarathon.com/?page_id=7875,393,61
"– Saturday, April 26, 2025",EVENT,2,https://www.hartfordmarathon.com/?page_id=7875,26,5
"CT Race in the Park, to benefit CT Breast Health Initiative",NON-EVENT,0,https://www.hartfordmarathon.com/?page_id=7875,59,11
"– Saturday, May 10, 2025",EVENT,2,https://www.hartfordmarathon.com/?page_id=7875,24,5
"Donny’s Dash, to benefit the Boys & Girls Club of Hartford",NON-EVENT,0,https://www.hartfordmarathon.com/?page_id=7875,58,11
"– Saturday, October 25, 2025",EVENT,2,https://www.hartfordmarathon.com/?page_id=7875,28,5
"Norwich Winterfest 5K, to benefit Reliance Health, Inc. non-profit community mental health center",NON-EVENT,0,https://www.hartfordmarathon.com/?page_id=7875,97,13
"– Saturday, December 6, 2025",EVENT,2,https://www.hartfordmarathon.com/?page_id=7875,28,5
"The HMF running community has shown time and again their willingness to rally around a worthy cause. Learn more about historical efforts of the incredible community in action In response to declining participation in local blood drives, HMF is once again joining the Goodwin University community to encourage sign-ups for the April 1 donation event. Staff will be on site providing extra goodies with thanks for supporting the important effort.",NON-EVENT,0,https://www.hartfordmarathon.com/?page_id=7875,444,70
"Through the tremendous generosity of Dr. Susan Beris, a Southbury pediatrician, in 2022 HMF expanded its youth programs to include the Junior Team HMF program, designed to encourage a love of running among 6th to 8th graders. Team members serve as junior ambassadors for the Hartford Marathon Foundation’s Susie Beris, MD, Youth Running Program as well as for their school. Junior Team HMF members serve a one-year term. If you have any questions, please contact HMF Susie Beris, MD Youth Program Manager, Thank you to our 2025 Junior Team HMF. Please read their bios below!",NON-EVENT,1,https://www.hartfordmarathon.com/susie-beris-md-youth-running-program/junior-team-hmf/,574,95
"Starts and finishes outside of Kinsmen Brewing on Canal Street in Southington. This fast course runs south on rural roads into Cheshire and past the famous Kurtz Farm, one of CT’s largest garden nurseries with over twenty-two greenhouse-covered acres and nearly 10,000 different varieties of plants. A left hand turn brings runners onto the scenic Farmington Canal Heritage Trail, routing back into Southington and onto the roads to finish. The race start will be on Canal Street, just south of Kinsmen Brewing and consist of one corral with “Self Seed” pace per mile signs to assist with participant spacing. for a detailed, downloadable Course Map Para Athletes and Course Suitability: for more details and suggested events for wheelchairs. Yellow signs with blue arrows mark all turns All mile points are marked on the road and with signs Clocks at finish line and along the course Pre/Post Race & Mile 1.5 Open cup service, handed out at arms length Participants are encouraged to carry their own fluids Event alert system notifications in the pre-race area and at each water station.",NON-EVENT,0,https://www.hartfordmarathon.com/oshenanigans-5k/races/5k/,1088,179
Male: 15:35 – set by Braeden Laframbois in 2025 Female: 18:22 – set by Rosa Moriello in 2023,EVENT,2,https://www.hartfordmarathon.com/oshenanigans-5k/races/5k/,92,18
"Top 3 Overall Male and Female Male Age Group – 9 & under, and 5-year age groups from 10-80+ Female Age Group – 9 & under, and 5-year age groups from 10-80+ Commemorative Awards to the Top 3 in Each Division Overall awards based on gun time, all others awarded on chip time To collect an award after race day, Special Awards will be presented to the first Overall Male & Female Finisher from Southington or Cheshire, CT This award may be “double dipped” with the divisional awards above Special Prizes will be awarded to the participants with the best Costumes! This event is timed by Bay State Race Services and uses the B-Tag timing system (timing chip is attached to the back of the race bib). Please wear the race bib on the front of the shirt. Course limit is 1 hour and 20 minutes for the O’ Shenanigans 5K. To finish within these time limits you must maintain a pace of approximately 27 minutes per mile at least 5 years of age on race day to enter the 5K. NOT ALLOWED ON THE COURSE: No dogs (service dogs must be identified as such at all times) No unregistered runners or walkers No bicycles, rollerblades, skateboards, or motorized vehicles NOTE: While we do allow baby jogger/strollers in this event, participants must follow the stroller policy detailed",NON-EVENT,0,https://www.hartfordmarathon.com/oshenanigans-5k/races/5k/,1264,227
"Not interested in racing in-person this year or maybe you just can’t make it to Southington? No problem, keep the tradition alive and take part in the Virtual O’ Shenanigans 5K! Run or walk the 3.1 mile race distance anywhere and anytime you’d like between March 8-16, then submit your 5K results through your haku participant account to make it official! All participants in the Virtual 5K still maintain their eligibility to be a part of the Register for the Virtual O’ Shenanigans 5K option to get in on the race action from wherever you’d like! Run or walk anytime during this festive season between Saturday, March 8 and Sunday, March 16.",EVENT,2,https://www.hartfordmarathon.com/oshenanigans-5k/races/virtual-5k/,643,112
"Event swag mailed to your door! Eligibility to take part in the Lucky or Li’l Lucky Challenge Results must be submitted through your haku account between 12:00 AM on Saturday, 3/8 and 11:59 PM on Monday, 3/17. Custom Run Irish themed playlist curated by the professionals at Virtual race participants are urged not to run the official race course on Sunday morning (March 8). Registration fee is $27 for the Virtual 5K. Participants must be at least 5 years of age to enter the Virtual 5K. This event gives participants the flexibility to participate when and where it is convenient. As such, there are no deferments for virtual events What is a virtual race? A virtual race is an alternative race experience that allows runners the freedom and flexibility to take part in a race from wherever they’d like. Simply register online, run or walk the race distance, then upload your finish time to compare it to others. When do I participate and how does the race get timed?",NON-EVENT,0,https://www.hartfordmarathon.com/oshenanigans-5k/races/virtual-5k/,970,169
"You must run or walk your race between 12:00 AM on Saturday, March 8 and 11:59 PM on Sunday, March 16 and must be submitted through your by 11:59 PM on Monday, March 17.",EVENT,3,https://www.hartfordmarathon.com/oshenanigans-5k/races/virtual-5k/,169,34
"All race options will be timed and measured using your own timing device. Anywhere you want! Start right at your front door, jump on a treadmill, head to your favorite bike trail, or create and explore a special new route to commemorate the race. Just be safe and have fun! Participants will be timed and measured using their own timing device. To make your race official, submit a run or walk through your",NON-EVENT,0,https://www.hartfordmarathon.com/oshenanigans-5k/races/virtual-5k/,406,73
"12:00 AM on Saturday, March 8  and 11:59 PM on Monday, March 17",EVENT,2,https://www.hartfordmarathon.com/oshenanigans-5k/races/virtual-5k/,63,13
"using one of the two following options: OPTION 1 /// ADD FROM WEARABLE – Sync a compatible wearable device prior to your activity. Results will be uploaded to your haku results platform once your watch resyncs to your application. Once your device syncs, select the activity to submit for results. Suunto / Polar / FitBit / Garmin / Under Armour Fitness Don’t have a wearable device? No problem! Download the Free MapMyRun / MapMyWalk / MapMyFitness App on your smartphone and use it to track your pace, time, and distance. OPTION 2 /// ADD MANUALLY – Enter results manually. Feel free to submit an image for verification of your activity. For details regarding activity tracking, wearable devices, timing, and results submission, For issues with haku participant accounts, device syncing or leaderboard data, please contact No awards presented in the virtual 5K. Results for virtual races will be displayed as their own category and will not be combined with the in-person results.",NON-EVENT,0,https://www.hartfordmarathon.com/oshenanigans-5k/races/virtual-5k/,982,161
"Susie Beris, MD Youth Running Program",NON-EVENT,0,https://www.hartfordmarathon.com/?page_id=21906,37,6
"HMF also offers an expanded platform of youth running programs under the umbrella of the Susie Beris, MD Youth Running Program. All HMF FitKids Runs are $12 for children ages 2-11. Parents/escorts accompanying their children may run for free. Parent/guardian must sign waiver during the registration process for children to participate. Register online using the button above or register in person on race day. All participants receive a finisher’s medal and custom swag. All HMF FitKids Runs will start and finish on the Farmington Canal Heritage Trail, behind Kinsmen Brewing. ¼ mile and ½ mile Children should line up accordingly and run in the distance most appropriate to their age (",NON-EVENT,0,https://www.hartfordmarathon.com/oshenanigans-5k/races/hmf-fitkids-run/,688,111
"HMF Events is a volunteer-driven organization. Thanks to the support of over 3,500 volunteers each year, HMF Events continues to be able to promote health and fitness through its beloved community events. Without this volunteer support our events simply could not happen. Every volunteer has talents and energy to share at our events. We invite you to volunteer at an upcoming HMF Event. Great SWAG at every event (usually a t shirt) Enjoy the delicious post-race party food. For morning races coffee and breakfast provided. $5 off future HMF races or merchandise for every volunteer activity ). Learn more about the $10 off future HMF races or merchandise for Course Monitor volunteers Earn community service hours and receive verification at the event or post-race by email. Pride and satisfaction for being part of a healthy community event which benefits local businesses and non-profit, charitable organizations. VOLUNTEER ACTIVITIES (more job details available during Volunteer Registration) – The day before larger events check runners in and distribute bib numbers and swag. Athlete Food Tent and Beer Tent – Hand out post-race food and beverages. – Hand out race swag to runners. – Direct and cheer runners on the race course – On bicycle lead, sweep or sag (follow) runners on race route. – Hand out water and medals to runners. –Guide children and hand out medals and water to finishers. – Direct drivers to designated race parking areas. – Use a laptop to check in runners and distribute race bibs. – Distribute water to runners on the race course. – During weekdays help with mailings or event preparations. VOLUNTEER AND RUN AT THE SAME EVENT We know many of our runners love to volunteer too so we make it easy to do both. For the activities listed below Volunteers may leave their activity 10 minutes early to get to the Start Line. – Available at every race – Available for many races – FitKids races take place before or after the adult races – Available the day before many events The “More the Merrier”! Come on and bring your friends, co-workers and family members to volunteer with you at a shared group activity. Group volunteer activities are a wonderful way to have fun while giving back to others. Water Stations, Course Monitors, and In Office Volunteer Projects are great team building experiences. Contact to find out how your group can get involved. For any questions or information about Volunteering with HMF contact Nancy Loughlin, Volunteer Manager at JOIN THE HMF VOLUNTEER PAGE ON FACEBOOK!",NON-EVENT,0,https://www.hartfordmarathon.com/hmf-volunteer/,2526,422
"The charity partner for this event is Alzheimer’s Association, CT Chapter. Consider making a donation or run, walk or volunteer with their group and support their mission to end Alzheimer’s and all other dementia. HMF CAN: Please help give back to the local community. Donate nonperishable food in the HMF Can tent at Packet Pickup on race day to support Southington’s Bread For Life food bank. HMF Can is supported by Stop & Shop to help alleviate food insecurity in communities. The Alzheimer’s Association, founded in 1980, leads the way to end Alzheimer’s and all other dementia – by accelerating global research, driving risk reduction and early detection, and maximizing quality care and support. At the Connecticut Chapter, they are the primary source of education and support for the thousands of families affected by dementia. The Connecticut Chapter staff and trained volunteers offer community educational programs, support groups, and early-stage social engagement programs for those living with dementia and their caregivers. They offer a free 24/7 multilingual helpline (1-800-272-3900) which provides information and referral and care consultations. They provide professional training based on Dementia Care Best Practice recommendations and hold a collaborative annual New England Conference for professionals and a separate conference for those living with dementia and their caregivers. Please consider making a donation to the Alzheimer’s Association during the registration process or today by clicking the button below. Participants are also encouraged to create and use their own fundraising account! Using your own fundraising account is easy and fun to do! Once you’ve registered, just log into your haku participant account, and then navigate to your fundraising account to get started or . For a step by step guide on how to use your fundraising account, To see how you or your team is doing, check out the",NON-EVENT,0,https://www.hartfordmarathon.com/oshenanigans-5k/run-for-good/,1932,300
"Plan Your Visit & FAQ Use tab to navigate through the menu items. Location: 2933 Farm House Way, Fort Worth, Texas Residents: Scoggin and Van Zandt families The Van Zandt Cottage is owned by the City of Fort Worth's Park and Recreation Department and operated by Log Cabin Village. It is Village's only off-site facility. The Cottage is a Recorded Texas Historic Landmark and is listed on the National Register of Historic Places . It is a local historic landmark as the oldest home in Fort Worth on its original foundation, and as one of the early homes of Major K.M. Van Zandt. It is recognized on a national level as an example of an early restoration project. The Cottage was first restored by the Daughters of the Republic of Texas and the United Daughters of the Confederacy in 1936 as a project for the Texas Centennial. The Cottage has been through a partnership between the City of Fort Worth and the Van Zandt Cottage Friends, Inc. Use the buttons below to learn more about the Cottage and our ongoing re-restoration work. Gretchen, Andrea and Alex Denny -In memory of Samuel A. Denny The City of Fort Worth and the Van Zandt Cottage Friends, Inc., extend their deepest gratitude to the generous supporters who donated to the capital campaign for the Van Zandt Cottage re-restoration. Meta Alice Keith Bratten Foundation Jill & Charles Fischer Foundation Shirlee J. and Taylor Gandy Mr. and Mrs. Theodore B. Gupton Edward Hudson, Jr. & W. A. Hudson, II The Rt. Rev. and Mrs. Sam B. Hulsey Linda and Harold V. Johnson, III Mollie & Garland Lasater Charitable Foundation Mr. & Mrs. Foster Nelson Susan Morgan and Hank Price -Debbie, Capera and Willing Ryan Mr. and Mrs. Richard J. Allie F. Robert and Mona Tull Ball Dr. Chris & Jo McGinley Gupton Brooks Dr. Robert and Joyce Pate Capper Nina Marie and Gary Cole Courtney C. and Raymond G. Dickerson Lisa W. and David M. Diffley Mrs.  William L. Gupton, Jr. Mary Kathryn and Todd P. Kelly Kathryn C. and L. Russell Laughlin Mr. & Mrs. William A. Massad Pat and Clyde S. McCall, Jr. Elizabeth and Paul Ray, Jr. Mr. and Mrs. Gary M. Silman Dr. and Mrs. Robert J. Turner, III Neil and Cheryl Van Zandt John F. Williams –  In Memory of Anne McLean Diane and George M. Young K.M. Van Zandt Early Life & Family",NON-EVENT,0,https://www.logcabinvillage.org/vanzandtcottage,2261,404
"Khleber Miller (K.M.) Van Zandt was born November 7, 1836 in Franklin County, Tennessee. His father Isaac moved the family to Harrison Co. Texas in 1839. Three years later, Isaac was appointed charge d’affaires to the United States to help achieve the annexation of Texas. At the age of 15, K.M. headed east to attend Franklin College in Tennessee. He had turned 16 by the time of his arrival. He graduated from college on July 4, 1854 and returned home to Marshall, Texas. K.M. married Minerva Peete on April 19, 1857. He was admitted to the bar and practiced law in Marshall until the outbreak of the Civil War. In 1861, K.M. helped organize and became the leader of Company D, Seventh Texas Infantry. After the war’s end, Major K.M. Van Zandt set out for Fort Worth, carrying out his childhood ambition of moving to “West Texas.” This journey changed not only his and his young family's future, but also altered the course for this desolate town of 250. K.M. would marry two more times. After Minerva's death, he married her sister Mattie V. Peete on July 22, 1869. After Mattie’s death, K.M. married a young teacher named Octavia Pendleton on October 8, 1885. K.M. and Octavia were married until his death on March 19, 1930. These three marriages produced 14 children for Van Zandt.",EVENT,2,https://www.logcabinvillage.org/vanzandtcottage,1286,225
"K.M. Van Zandt during the Civil War K.M. (on the right) during college years. K.M. Van Zandt with his 14 daughters and sons Top row, standing, left to right: Alice Van Zandt Williams, Edmund Pendleton Van Zandt, Virginia Van Zandt Diboll, Elias Beall Van Zandt, Ida Van Zandt Smith, Richard L. Van Zandt, Annie Van Zandt Attwell, Isaac Van Zandt, Frances Cooke Van Zandt Sloan. Bottom, row, sitting, left to right: K.M. Van Zandt, Jr., Florence Van Zandt Jennings, K.M. Van Zandt, Albert Sidney Johnston Van Zandt, Mary Louisa Van Zandt Hendricks, Margaret Colville Van Zandt Miller. Fort Worth Life & Contributions “Fort Worth, as I saw it on an August afternoon in 1865, presented a sad and gloomy picture… I think there were not over 250 people – counting men, women, and children.” --Major K.M. Van Zandt on Fort Worth, 1865 Bird's Eye View of Fort Worth, 1876 Courtesy Texas Historical Commission, The Portal to Texas History When Major Khleber Miller Van Zandt arrived at what was left of Fort Worth in 1865, he found a small hamlet on the verge of extinction.  By the time of his death in 1930, Fort Worth was a bustling community well on its way to becoming a major center of commerce and culture in north Texas.  This success was due largely to Major Van Zandt’s dedication to service, community, and collaboration to create a brighter future and a better way of life for Fort Worth citizens. “My business was prospering, and I had the opportunity of becoming a wealthy man; but I was interested in other values before money.  Fort Worth was growing, and there was much to be done.” --Major K.M. Van Zandt on Fort Worth, 1871 K.M. Van Zandt’s Major Contributions to Fort Worth: 1866 - Helped start first post Civil War school in Fort Worth 1872 - Part of a group that negotiated to bring the Texas and Pacific Railroad to Fort Worth 1875 - Organized Tarrant County Construction Company to grade final 30 miles of railroad",NON-EVENT,0,https://www.logcabinvillage.org/vanzandtcottage,1930,338
1876 - First train pulled in to Fort Worth (July 19) 1876 - Helped organize the Fort Worth Street Railway Company; first car on the tracks December 25,EVENT,2,https://www.logcabinvillage.org/vanzandtcottage,150,28
"1877-1930 – Served as a school trustee for more than 25 years, and President of the board of the First Christian Church until his death 1883 -1930 - Organized Fort Worth National Bank with partners and was president until his death 1894-1896 – Fort Worth City Council 1913-1915 – Park Board Commissioner Van Zandt Cottage exterior before 1936 restoration Courtesy Star-Telegram Collection, University of Texas Arlington Since 1996, the City of Fort Worth/Log Cabin Village and the Van Zandt Cottage Friends, Inc. (VZCFI, founded in 2005), have worked together to re-restore the Cottage to its 1936 configuration as closely as possible.  The VZCFI have raised almost half a million dollars to date to make this restoration a reality. While this work is still ongoing, the re-restoration efforts have resulted in the improvements seen on at the site today. ©2024 by Log Cabin Village, Fort Worth's living history museum. Proudly created with Wix.com",NON-EVENT,1,https://www.logcabinvillage.org/vanzandtcottage,947,152
"Log Cabin Village is a living history museum owned and operated by the . The Village is dedicated to the preservation of  19th c. folk architecture and frontier lifeways. The purpose of Log Cabin Village is to educate the public through the collection, preservation and interpretation of artifacts, representative structures, and other items of social and cultural significance to Texas’ pioneer era (1840-1890). Log Cabin Village aspires to build connections to 19th century Texas by providing educational opportunities and sensory experiences that are engaging, accurate, and as authentic as possible. We invite you to connect with the ancestors… right here in the heart of Fort Worth. We can’t wait to see you here! In the 1950s, the Village was a project of the Pioneer Texas Heritage Committee and members of the Tarrant County Historical Society. Members of these organizations realized that log structures, which were prevalent in the 1800s, were rapidly vanishing from the Texas landscape – and a portion of Texas history was vanishing with them. That is why they decided to create a Village dedicated to log cabin culture, history and preservation. Six log houses, dating back to the mid 1800s, were selected from the North Texas region, moved to the present site, and restored in the 1950s to early 1960s. The Village was then donated to the City of Fort Worth, and it opened to the public in 1966. The Foster Cabin, an impressive 1850s plantation log house, was added in 1974 and the 1870s Marine School in 2003. The restoration of the Reynolds Smokehouse, relocated to the Village in 2004 from Azle, was completed in 2005. Today, each of the historic structures, furnished with authentic artifacts, provides a vivid look at life in the nineteenth century North Texas frontier. Each log house displays different aspects of pioneer life. The exhibits include a water-powered gristmill, a one-room schoolhouse, a blacksmith shop, an herb garden, and several log home settings. Historical interpreters, who are City of Fort Worth staff and volunteers, depict the lifestyle of the people who lived and settled the area in the mid to late 1800s. Log Cabin Village also manages the Van Zandt Cottage, a Recorded Texas Historic Landmark and listed on the National Register of Historic Places. The Cottage is currently undergoing restoration through a partnership between the City of Fort Worth and the Van Zandt Cottage Friends, Inc. Stay tuned for progress on this exciting project.",NON-EVENT,0,https://www.logcabinvillage.org/about,2487,404
"“Set-t'an Annual Calendar of the Kiowa, depicting the years 1833-1892.” Kiowa Counts & Community Histories Many of our Indigenous ancestors kept calendars to record the history of their people. Our Kiowa ancestors divided their calendar into two seasons: summer and winter. The calendar keeper, usually an artist, drew one image for each season. Each image depicted an important event that had taken place during the year. In the mid-19th century, calendar keepers used animal hides as a canvas but later these calendars were re-drawn on thick manila sheets or in ledgers. Since the calendar had two images (one for summer and one for winter), the calendar keeper used a special symbol to represent each season. Summer events had a depiction of a Medicine Lodge where summer gatherings and ceremonies took place; winter events had a vertical black line underneath that season’s pictograph. Summer 1866 pictograph depicting the Flat Metal or German Silver Sun Dance. From the calendar keeper Jòhâusàn",NON-EVENT,1,https://www.logcabinvillage.org/wintercount,999,159
Winter 1879 pictograph depicting when a medicine man anticipated a night attack on a Kiowa war party.,EVENT,2,https://www.logcabinvillage.org/wintercount,101,17
"The pictographs represented local events, beliefs, history, and traditions. No universal pictograph language existed; our Comanche ancestors used different types of images than our Kiowa or Lakota ancestors. While most Indigenous communities today no longer keep a winter count, the tradition of sharing stories continues at community gatherings like powwows and family get-togethers.",NON-EVENT,0,https://www.logcabinvillage.org/wintercount,384,53
"In January 2024, Log Cabin Village partnered with the Fort Worth ISD American Indian Education Program (AIEP) for a special day of learning. Students in the program and their families learned how our Indigenous ancestors made paints using natural materials found nearby. The students worked together using their paints to create this Winter Count-inspired piece to remember the day's events.",EVENT,2,https://www.logcabinvillage.org/wintercount,391,60
"Many of our Indigenous ancestors, like the Kiowa, Lakota, Mandan, and Blackfeet, made Winter Counts to record important hunts, battles, and events for their respective tribes on an animal hide. Over time, calendar keepers added to the count, visually representing the tribe’s history. The students collaborated on their design to document their presence at the Village and their connection to one another. This AIEP count includes several symbols reflecting the students’ experience at Log Cabin Village. The students centered the Medicine Wheel, a representation of the sacred circle seen in many tribes, on the hide. The wavy black lines embody the wind that made the morning of the program a cold day. The tipi at the lower right-hand corner symbolizes Log Cabin Village. Each participant then added their handprint connecting them to the count, each other, and Log Cabin Village. We are honored that the students decided to give the Village their count to help educate others about our Indigenous relatives, both past and present. En enero de 2024, Log Cabin Village se asoció con el Programa de Educación para Indígenas Americanos (AIEP) de Fort Worth ISD para un día especial de aprendizaje. Los estudiantes del programa y sus familias aprendieron cómo nuestros ancestros indígenas hacían pinturas utilizando materiales naturales que se encontraban as su alrededor. Los estudiantes trabajaron juntos usando sus pinturas para crear esta pieza inspirada en un Winter Count para recordar los eventos del día. Muchos de nuestros ancestros indígenas, como los Kiowa, Lakota, Mandan y Blackfeet, crearon Winter Counts para registrar cacerías, batallas y eventos importantes para sus respectivas tribus en una piel de animal. Con el tiempo, los encargados del calendario aumentaron el recuento, representando visualmente la historia de la tribu. Los estudiantes colaboraron en su diseño para documentar su presencia en Village y su conexión entre ellos mismos. Este recuento de AIEP incluye varios símbolos que reflejan la experiencia de los estudiantes en Log Cabin Village. Los estudiantes centraron en la piel la Rueda Medicinal, una representación del círculo sagrado visto en muchas tribus. Las líneas negras onduladas representan el viento que hubo en la mañana del programa recordando el día frío. El tipi en la esquina derecha hacia abajo simboliza Log Cabin Village. Luego, cada participante agregó la huella de su mano conectándolos con el relato, entre sí y con Log Cabin Village. Nos sentimos honrados de que los estudiantes hayan decidido dar su cuento a el Village para ayudar a educar a otros sobre nuestros parientes indígenas, tanto pasados como presentes.",NON-EVENT,0,https://www.logcabinvillage.org/wintercount,2672,419
"15 to 80 students (no more than 95 people total, including students, teachers, and adults) Tuesday through Saturday at either 10:00 a.m. or 1:00 p.m. With this option, you have flexibility in the length of your stay! We ask that you arrive on time for your tour, but once you begin you can stay for as little or as long as you'd like. $5.00 per participant, one adult free for every 10 participants; additional adults are $5.00 each. Reserve your field trip with our at least two weeks before your desired date. Payment is due at time of field trip. No pre-payments accepted. Frontier 101 is a great program for all ages. During your field trip, you will see 4-6 historical interpreters throughout the Village. Cabins that do not have an interpreter will have explanatory text panels and a Find that Artifact activity for you and your students to use at that stop. Participants are divided into pods to travel from cabin to cabin visiting with our historical interpreters dressed in period attire. The interpreters discuss 19th century Texas frontier history, demonstrate various crafts from the time period, and engage visitors in a conversation about the past. Reproduction items that can be touched are available at each tour stop. Demonstrations available vary but may include weaving, candle-dipping, blacksmithing, and milling.",NON-EVENT,0,https://www.logcabinvillage.org/frontier-101,1333,220
"History doesn’t change but our understanding of it evolves over time. New evidence and primary sources are found, additional voices are elevated, and fuller narratives are embraced. That is the process of history. As we learn more, we rethink the ways we talk about history. Sometimes that means we change the language we use or the stories we emphasize. Just like good scientists don’t discount new evidence that contradicts previous findings, good historians must remain willing to consider underutilized or previously undiscovered resources. Log Cabin Village is not immune to this shift in perspective. Our historians wrote our outdoor signage over 15 years ago with the best historical information available. Recently, we took some time to review the signs. We found that some of the information was outdated or, in a few cases, flat-out factually wrong. (Like the time we wrote that a family had two sons when they actually had three!) There is a long-term plan to improve our signage. But for now, we want to acknowledge that our understanding of history has expanded. Enter the That’s Not Great Project. Click on the buildings below to see how our perspective has shifted. You’ll be taken to text, visuals, and videos that explain why portions of that sign aren’t great. This information is based on the best sources currently available. That information might change again in the future. And that’s ok. Historical interpretation isn’t fixed and inflexible and neither are we. El Eso No es un Gran Proyecto La historia no cambia, pero nuestro entendimiento de ella evoluciona con el tiempo. Se encuentran nuevas evidencias y fuentes primarias, voces adicionales son escuchadas, y se adoptan narrativas aceptadas. Ese es el proceso de la historia. A medida que aprendemos más, reconsideramos las formas en que hablamos sobra la historia.  A veces eso significa que cambiemos el lenguaje que usamos o las historias que enfatizamos. Al igual como buenos científicos que no descartan nuevas evidencias que contradigan hallazgos anteriores, los buenos historiadores deben permanecer dispuestos a considerar recursos infrautilizados o no descubiertos previamente. Haga clic en los edificios de arriba para ver cómo ha cambiado nuestra perspectiva.  Lo llevara a textos, imágenes, y videos que explican por qué partes de ese letrero no son geniales. Esta información se basa en las mejores fuentes actualmente disponibles. Esa información podría volver a cambiar en el futuro. Y eso está bien. La interpretación histórica no es fija e inflexible, y nosotros tampoco.",NON-EVENT,0,https://www.logcabinvillage.org/notgreatproject,2567,407
2100 Log Cabin Village Lane,NON-EVENT,1,https://www.logcabinvillage.org/contact-us,27,5
"Log Cabin Village features a collection of Texas log cabins each showcasing a distinct architectural style. Dating from the mid to late 1800s, these structures allow us to quite literally step into the homes of our ancestors and imagine what life might have been like in 19th century Texas. Click on the name of a cabin to learn more about its history, or keep scrolling to read about each one. Have a question about the cabins? Click here for frequently asked questions! was built on-site in the 1980s to represent a typical forge found on the Texas frontier. Our historical interpreters use the space to demonstrate blacksmithing and the craftsmanship required to create the ironwork needed by our pioneer ancestors. is an “I” home with square notching built by enslaved workers around 1853. Originally, the first floor consisted of an entrance hall, a parlor, two bedrooms, a kitchen, and a dining area. A narrow stairway led to the second story with three more bedrooms. Today the home serves as the entrance to the Village. The parlor is decorated to show Victorian tastes in interior design. is a two-story single-pen house built in the 1860s. The original chimney provided a fireplace both upstairs and downstairs. Today, our talented historical interpreters use the cabin to show off the skills of 19th century woodworkers. is an example of a typical one-room schoolhouse built in the 1870s. This building was originally located in what is now Fort Worth’s Northside neighborhood. The Schoolhouse still serves as a space to inspire a love of learning for all ages! is a double-pen dogtrot home built sometime in the 1840s-1850s. A dogtrot is a breezeway that separates two log rooms to allow for cooling breezes to flow through the house in the summer. The Parker Cabin has ties to several big names in Texas history including Isaac Parker, his niece Nadua (Cynthia Ann Parker), and Amon G. Carter. Learn more when you stop by and visit with our historical interpreters! is a one-and-a-half-story single pen cabin built circa 1855. The cabin was originally located along Spring Creek, less than ten miles south of Weatherford in Parker County. While the Village only has one pen, the structure was once a dogtrot ell cabin with three rooms arranged in an ""L"" shape separated by breezeways. Today Village interpreters demonstrate 19th-century spinning and weaving in the Pickard cabin. is a single-pen cabin built in the 1860s. The cabin originally stood along Spring Creek in Parker county, south of Weatherford. The Seela cabin now serves as the Village’s hands-on cabin where all our visitors are invited to try their hand at pioneer chores and pastimes! The Shaw Cabin and Gristmill is a single-pen cabin built around 1854. Throughout its lifetime it’s been many things: a home, bunkhouse, and storage barn with livestock sheds. At the Village, our historical interpreters use the Shaw Cabin to demonstrate the work and importance of gristmills on the Texas frontier. is a single-pen cabin built around 1853. At one point, the cabin had two pens connected by a central chimney that could heat both sides of the cabin. It was the cabin moved from its original location near present-day Peaster to the Village in 1958.  Today, the Tompkins cabin is well known to visitors as the candle pot cabin; historical interpreters dip candles and invite visitors to try their hand at this important 19th-century skill. The only structure on our site that is not an authentic historic structure is the reproduction blacksmith shop.  All of our other buildings (except the modern bathrooms) were built in the mid-19th century. Does anyone live at Log Cabin Village? No, none of our human staff live at the Village. Only our resident felines stay here. Were the cabins originally built here? All of the structures were moved to the site from other locations in north and central Texas between the late 1950s and early 2000s. How were the cabins moved here? All of the buildings except the Marine School and the Tompkins Cabin were dismantled log by log and relocated and restored on site.  The Marine School (sans roof) and the Tompkins were moved intact What kind of wood was used to build the cabins? Oak and cedar were the trees of choice for the cabins preserved at Log Cabin Village. Are these log cabins or log houses? All of our log structures are actually log houses.  Log cabins were temporary structures that were quickly constructed with round logs that still had the bark.  These buildings were squared up and hand hewn for more permanent use. For more information, please check out TSHA's page on Texas log architecture. Chinking is the material (i.e. rocks, sticks, mud, and straw) placed between the gaps of stacked logs to help keep out the elements. Today, we use a modern compound called Log Jam to better care for and preserve the buildings for future generations.",NON-EVENT,0,https://www.logcabinvillage.org/structures,4879,820
"Field Trips & Outreach Options A great option for large groups of 15 or more. Explore the Village while talking to our historical interpreters! Spend the day as a pioneer schoolchild. A good option for groups of 15-25 who want a more in-depth experience. Experience life as a 19th-century child in this half-day program. Perfect for groups of 15-25 ready for hands-on chores and activities. Bring frontier learning into your classroom with one of our four traveling trunks. Each contains lesson plans and activities to engage learners of all ages. Live and pre-recorded options for those who prefer a virtual environment while still connecting with the ancestors. Pre-recorded program for student history detectives in  K-5th grade. Includes lesson materials and teacher guides. Pre-recorded program for  6th-12th graders. Students work with a historical interpreter and a variety of primary sources to analyze the past. Pre-recorded program for  K-5th graders. Village historical interpreters demonstrate blacksmithing, milling, and woodworking. Includes interactive notebooks. Pre-recorded program for  K-5th graders. Village historical interpreters demonstrate skills like spinning and weaving while exploring what life was like in 1800s Texas. Includes interactive notebook.",NON-EVENT,0,https://www.logcabinvillage.org/group-visits,1278,185
"Keep your pioneer learning going, even if you can't make it to the Village. Use our lessons and activity resources to explore the frontier from the comfort of your home! Activity: Find the Village related words in this fun puzzle Activity: Go on a digital scavenger hunt using the 360 images on our Learn more about life on the frontier, listen to historic music, and try your hand at 19th-century crafts with this video series starring our historical interpreters. You asked and we answered! When our visitors submitted their questions about life on the Texas frontier, our historical interpreters had answers ready to go! Submit your own question to us on any of our social media channels. #AskAPioneer",NON-EVENT,1,https://www.logcabinvillage.org/learn-from-home,704,118
"Become a Log Cabin Village Member! Show your support for the Village AND get some great perks! · TEN PERCENT OFF items in the museum store · TEN PERCENT OFF LCV classes, programs, and candle dipping · NO $1 special event fee for holiday and other large family events $75 annual FAMILY membership is good for admission for up to SIX people $25 annual INDIVIDUAL membership is good for admission for ONE person Sign up and pay TODAY by visiting this link (select either the family or individual membership from the drop-down) or by stopping by our Museum Store!",NON-EVENT,0,https://www.logcabinvillage.org/membership,559,99
Murder at the Village: A Log Cabin Village Murder Mystery,NON-EVENT,0,https://www.logcabinvillage.org/calendar-of-events,57,10
"15 to 25 (or $90 minimum) Tuesday and Thursday, 9:30 a.m. to 12:00 p.m., September to May $6 per participant, one adult free for every 10 participants; additional adults are $6 each if staying all day, $5 each if coming for the Village tour only. Pioneer School is an adventure that gives your group the chance to experience an 1880s school day. The day includes learning lessons using slates and a curriculum that we provide online (see link below), and our Frontier 101 program (included in the Pioneer School fee).  You can lunch in the adjacent park. Students and teachers are given sample clothing and lunch suggestions in the Please note: although we provide the , we do not supply the teacher. Please make sure that one of your sponsors is comfortable leading the school day.",NON-EVENT,0,https://www.logcabinvillage.org/pioneer-school,782,136
"Frontier 101: What to Expect Answers to your questions about invoices, pricing and payment, weather policies, and historical interpreters All the insider tips on where to park, reminders for chaperones, and a guide to the perfect pod size What to expect while visiting the interpreters, safety reminders, and where to eat lunch From invoices to group sizes, this section has your answers! During your field trip, you will see 4-6 historical interpreters throughout the Village. We can't guarantee that you will see a historical interpreter at every cabin, but our interpreters can answer questions about any building at the Village. Cabins that do not have an interpreter will have explanatory text panels and a Find that Artifact activity station for you and your students to use at that stop. Our interpreters are human and do take lunch breaks! Only two interpreters eat lunch at a time, so there are always multiple interpreters outside to talk to your students. Need an invoice? Use our invoice generator at if you need documentation for your school or district. Simply follow the link, click Make a Copy, and fill in your information. Your tour balance is due on the day of your tour. Please do not pay in advance as refunds cannot be issued. Students are $5.00 each, and you get one adult free for every 10 students. Additional chaperones are $5.00 each. We accept credit cards, cash, and checks (payable to City of Fort Worth--LCV). Make sure checks are only for the amount due; we have no way of giving change for incorrect check amounts. The tour activities at Log Cabin Village will take place outdoors (rain or shine) and in non-climate-controlled structures. Please encourage students to dress accordingly. We have water fountains on-site, but you may wish to encourage students to bring bottles of water, especially on those hot Texas days! Need to cancel or reschedule? Use the cancel button on your confirmation email or call us at 817-392-5881. Tips for timing, parking,  chaperones, and group sizes!",NON-EVENT,0,https://www.logcabinvillage.org/f101faq,2017,335
"Your tour begins at either 10:00 a.m. or 1:00 p.m. Your time here is flexible; there is no set end time to your tour. Most people spend 1 ½ to 2 hours on site. If you have specific time restraints, please let us know!",EVENT,2,https://www.logcabinvillage.org/f101faq,217,44
"Buses should park along Log Cabin Village Lane and not in the parking lot. Please ask your bus drivers to refrain from leaving the buses idling. The sound of the engine makes it difficult to hear our historical interpreters. Please remind adults to take or hide personal belongings left in their vehicles in the parking lot. To have the best and safest experience possible, please break your group into pods of approximately 12 people (students, teachers, and adults). Each pod should have at least one adult. Please have them stay in these small pods for the entirety of your tour. A group size guide is below: *No more than 8 pods per field trip group, please! A guide for a fun and successful tour! During your field trip, you will see 4-6 historical interpreters throughout the Village. We can't guarantee that you will see a historical interpreter at every cabin, but our interpreters can answer questions about any building at the Village. Cabins that do not have an interpreter will have explanatory text panels and a Find that Artifact activity station for you and your students to use at that stop. Only one pod per cabin during your visit, please. This will make it easier for students to engage with our interpreters and keep everyone safe! We ask that students walk rather than run, and stay on the sidewalks. Students should not be left or allowed to roam unattended. Help us protect the Village from hungry critters! Enjoy your snacks and picnic lunches outside the Village grounds in Bobo Woods, the beautiful park adjacent to our parking lot. If you need to take a snack break, you can go to the park and then come back to the Village for more field trip fun.",NON-EVENT,0,https://www.logcabinvillage.org/f101faq,1675,294
"Please click the button for more information We welcome our neurodivergent visitors and their families. You can download our Social Story to help prepare for an enjoyable visit: Copies of the Social Story are also available from our front desk upon request. What to Expect During Your Visit and Frequently Asked Questions:​ We are currently open Tuesday-Saturday, 9:30 am-4:00 pm. (last admission sold at 3:00 p.m.). There is no fee for parking. What will I see when I visit? You will enter a beautiful wooded area dotted with log structures where you can “escape the present and experience the past.”  You will have the opportunity to see every one of our historic structures.  They all remain open during normal operation hours. Our historical interpreters are on-site to give demonstrations and answer any questions you may have every day, all day!  You will also have the opportunity to explore the herb garden, gift shop, and our beautiful winding paths. How long does it take to tour the Village? Your experience at the Village is truly a visit that is tailor-made for you.  You can stroll the grounds, visit with our historical interpreters, and/or read all of our informational labels at your own pace.  We have some visitors who spend half an hour and others who have spent three or more.  Try us out and see what works best for you! Do you offer field trips? We have several types of field trip opportunities to fit your needs! For more information about all of our field trip options, including pricing and scheduling, please check out our Yes, please take photos when you come!  We would be upset if you didn’t.  Commercial photographers must pay the City of Fort Worth’s photography fee of $75/hour. This fee includes admission for photographer and five others to the Village. We allow photography in any public areas of the Village during our normal hours of operation as long as it doesn't inhibit access for other patrons. No furniture, chairs, or exhibit elements may be touched or moved. If you are interested in commercially photographing or filming at the Village, please contact us at No. With the exception of service animals, dogs are not permitted at the Village. Are you wheelchair accessible and do you rent strollers and wheelchairs? All our concrete paths are wheelchair accessible. The only structure that is not accessible is the Shaw Creek Gristmill.  However, the interior of the cabin can be viewed on a sign outside of the mill.  All other interiors can be viewed through front or side doors or entered. Strollers and wheelchairs are not available at Log Cabin Village, but we welcome you to bring your own. Do you sell drinks and food on site? We do not sell food on site, but we have several restaurants nearby and a lovely park for picnicking directly adjacent to our parking lot. One water fountain is available on site.  We also sell bottled water and historic-style soda pop (and stick candy for your sweet tooth). You are welcome to bring your own water bottle. What are your pandemic safety protocols? Face coverings are not required, although we encourage you to stay at least 6 feet away from others not in your party. Hand sanitizing units are available throughout the site. Can the site be rented for weddings or other events? Can I rent a cabin? No, we do not allow rentals of any kind.  We simply do not have the accommodations and infrastructure appropriate to host any events other than our own. We do not offer cabin rentals; it would be an uncomfortable night in a historic, non-insulated cabin! Do you have ghosts/are you haunted? That is a question we want you to answer for yourself.  There are many stories and legends about ghost experiences at the Village.  We invite you to do some research on your own, visit us yourself, and tell us what you think.   Due to safety and security reasons, paranormal investigations are only allowed during our regular hours of operation.  No after hours access is permitted. How do I become a historical interpreter at Log Cabin Village? The interpreters at the Village are paid City of Fort Worth employees. If you are interested in working at Log Cabin Village, please apply through the City of Fort Worth  Job Board . We post all of our job openings on our social media pages ( Anything else I should know before I visit? Add one of our Time Traveler bags ($20) to your visit. The bags are filled with all kinds of goodies to help you escape the present and experience the past...plus you get to take it home with you! You can also print one of our Village scavenger hunts to bring with you.",NON-EVENT,0,https://www.logcabinvillage.org/faq,4586,795
"Pioneer School: What to Expect The Schoolhouse is a historic building and we want you to help us preserve it for another 100 years! Check out some important instructions about the use of the School before you arrive to help us be good stewards of the structure: As a reminder, you will need to provide your own teacher for the school activities. A guide of suggested activities/curriculum can be downloaded here: Students are $6.00 each ($90 minimum), and you get one adult free for every 10 students. Additional adults are $6.00 each if staying for the tour, and $5 each if only arriving for the tour.",NON-EVENT,0,https://www.logcabinvillage.org/faq-pioneer-school,602,106
Your tour begins at 9:30 a.m; your afternoon Frontier 101 tour begins anytime your group is ready after 11:30 a.m. Please be in and out of the School at your allotted time.,EVENT,2,https://www.logcabinvillage.org/faq-pioneer-school,172,32
"To have the best and safest experience possible, please break your group into pods of approximately 12 people (students, teachers, and adults) during the Frontier 101 portion of your field trip. Each pod should have at least one adult. Please have them stay in these small pods for the entirety of your tour. A group size guide is below: *No more than 3 pods per field trip group, please! During the Frontier 101 portion of your field trip, you will see 4-6 historical interpreters throughout the Village. We can't guarantee that you will see a historical interpreter at every cabin, but our interpreters can answer questions about any building at the Village. Cabins that do not have an interpreter will have explanatory text panels and a Find that Artifact activity station for you and your students to use at that stop.",NON-EVENT,1,https://www.logcabinvillage.org/faq-pioneer-school,822,141
"Stopping Stones is a unique organization that creates small memorials that commemorate individuals who were enslaved. The purpose of these memorials is to help citizens realize and remember the histories of slavery and to create conversations that address racial issues today. This is an art project started by an artist in Vermont after being inspired by similar stones memorializing those lost in the Holocaust in Germany. Each hand-engraved “stone” carries the name, profession, and enslaved dates of an individual enslaved in that particular place. Log Cabin Village staff were honored to dedicate two Stopping Stone memorials bearing the names of , two individuals enslaved at the home that now serves as the entrance to Log Cabin Village.  With these two stones, we acknowledge Jefferson Walton and Molly's unrecognized and uncompensated work and contributions to Texas history.  We hope that the two Stopping Stones will give visitors a space to pause and reflect on the complexities of the past. Our research into the lives of Jefferson Walton and Molly began with two photographs. Handwritten notes on the backs of those photos gave us a place to start digging up the evidence that would help us piece together the lives of these two individuals. Below is the information we have uncovered so far. As more sources become available, we will add more details to their histories to give a more complete picture of the lives of Jefferson Walton and Molly. The note of the back of this photograph refers to the woman pictured as Molly. However, that may have been a nickname. Census records do not contain a woman named Molly who meets the rest of the details in the note. We are continuing to research this, but we believe her given name may have been Betsy Rhyne Johnson. She was born in Mississippi around 1833. Enslaved by Martha Ann and Harry Foster, she moved to Port Sullivan, Texas, with their family when she was 16. The end of the Civil War resulted in the emancipation of all of those enslaved by the Fosters, including Molly/Betsy. She married Henry Johnson in 1868 and they remained in the Port Sullivan/Branchville area for the rest of their lives. She gave birth to seven children: Susan, Charley, Ebbie, Virginia, Mary, Waarie, and Loueselle. She spent her last years living with her oldest daughter in Milam county. We know that she remained in contact with the Foster family because she is pictured with a Foster descendant in this photo taken sometime in the early 1930s. She passed away in 1934 at the age of 101. We know he married Fanny Wollard Holland around 1860. During their 66 years of marriage, Fannie gave birth to their 13 children: James, Jeffie, Walter, William, Fannie, Lulu, Mary, David, Burthenia, Walton, Ivory, Addie, and Ozie. These children later gave Jefferson and Fanny a number of grandchildren. During the Reconstruction years, Jefferson registered to vote in Texas in 1867. He lived out his farming life in the Branchville area with his family until his death in 1926 . Stopping Stones es una organización única que crea pequeños monumentos conmemorativos de personas que fueron esclavizadas. El propósito de estos monumentos es ayudar a los ciudadanos a conocer y recordar la historia de la esclavitud y crear conversaciones que aborden los problemas raciales de hoy. Se trata de un proyecto artístico iniciado por un artista de Vermont que se inspiró en piedras similares que conmemoraban a los perdidos en el Holocausto en Alemania. Cada ""piedra"" grabada a mano lleva el nombre, la profesión y las fechas de esclavitud de una persona esclavizada en ese lugar en particular. El 10 de junio de 2023, el personal de Log Cabin Village tuvo el honor de dedicar dos monumentos de Stopping Stone con los nombres de Jefferson Walton y Molly, dos personas esclavizadas en la casa que ahora sirve como entrada a Log Cabin Village. Con estas dos piedras, reconocemos el trabajo y las contribuciones no reconocidas ni compensadas de Jefferson Walton y Molly a la historia de Texas. Esperamos que los dos Stopping Stones brinden a los visitantes un espacio para hacer una pausa y reflexionar sobre las complejidades del pasado. Nuestra investigación sobre la vida de Jefferson Walton y Molly comenzó con dos fotografías. Las notas escritas a mano en el reverso de esas fotos nos dieron un lugar para comenzar a desenterrar la evidencia que nos ayudaría a reconstruir las vidas de estos dos individuos. A continuación, se muestra la información que hemos descubierto hasta ahora. A medida que dispongamos de más datos, añadiremos más detalles a sus historias para ofrecer una imagen más completa de las vidas de Jefferson Walton y Molly. La nota del reverso de esta fotografía se refiere a la mujer retratada como Molly. Sin embargo, eso puede haber sido un apodo. Los registros del censo no contienen a una mujer llamada Molly que cumpla con el resto de los detalles de la nota. Continuamos investigando esto, pero creemos que su nombre de pila puede haber sido Betsy Rhyne Johnson. Nació en Mississippi alrededor de 1833. Esclavizada por Martha Ann y Harry Foster, se mudó a Port Sullivan, Texas, con su familia cuando tenía 16 años. El final de la Guerra Civil resultó en la emancipación de todos los esclavos de los Foster. , incluidas Molly/Betsy. Se casó con Henry Johnson en 1868 y permanecieron en el área de Port Sullivan/Branchville por el resto de sus vidas. Dio a luz a siete hijos: Susan, Charley, Ebbie, Virginia, Mary, Waarie y Loueselle. Pasó sus últimos años viviendo con su hija mayor en el condado de Milam. Sabemos que ella permaneció en contacto con la familia Foster porque aparece con un descendiente de Foster en esta foto tomada en algún momento a principios de la década de 1930. Murió en 1934 a la edad de 101 años. Sabemos que se casó con Fanny Wollard Holland alrededor de 1860. Durante sus 66 años de matrimonio, Fannie dio a luz a sus 13 hijos: James, Jeffie, Walter, William, Fannie, Lulu, Mary, David, Burthenia, Walton, Ivory, Addie y Ozie. Más tarde, estos niños les dieron a Jefferson y Fanny varios nietos. Durante los años de la Reconstrucción, Jefferson se registró para votar en Texas en 1867. Vivió su vida agrícola en el área de Branchville con su familia hasta su muerte en 1926. 10 de junio de 2023",NON-EVENT,0,https://www.logcabinvillage.org/stopping-stones,6279,1064
"15 to 25 (or $225 minimum) Wednesday and Friday, 9:30 a.m. or 1:00 p.m. September-November, March-June This program is 3 hours long. $15 per participant, one adult free for every 10 participants; additional adults are $5 each. Wagons West allows participants to be nineteenth-century Texans! This half-day program of hands-on activities recreates elements of a typical child's day. The children wash clothes using a washboard and lye soap, card wool, complete chores in the Seela hands-on cabin, grind corn by hand, and weave on a child's scale loom. When the school bell rings, they head for the one-room schoolhouse to read and recite 1800s style lessons, and cipher on slates. Also includes a craft and a candle to dip and take home.",NON-EVENT,0,https://www.logcabinvillage.org/wagons-west,736,122
Yoga In the Park 2025 Jaguars Give & Go Tickets Facilitating positive change in the Springfield Historic District since 1974. STAY in our Historic District,NON-EVENT,1,https://www.sparcouncil.org/visitspringfield,155,25
"Established in 1869, and located north of Downtown Jacksonville, Springfield is the oldest neighborhood in Jacksonville. Once home to the city’s wealthiest residents and famous silent firm stars (Jacksonville used to be the winter film capital of the world!), our historic neighborhood is now filled with restored mansions (and bungalows), hip restaurants, locally owned shops, murals, some of the city's oldest parks, craft breweries and tons of southern charm with majestic oaks providing protective shade and a beautiful visual along its residential streets. Popular festivals like PorchFest and the Springfield Tour of Homes attract thousands of visitors each year.",EVENT,2,https://www.sparcouncil.org/visitspringfield,669,99
"There are plenty of options for travellers to stay in Historic Springfield during their visit to Northeast Florida. Consider , which opened in 2016, the building holds five apartments with three available for vacation rentals in a beautifully renovated historic property. is another great choice with multiple affordable rentals throughout the neighborhood for both small and larger groups. SHOP with our Local Businesses You’ll find a variety of fantastic and award winning dining options in Springfield, including 1 Foxy Lady Café & Catering Silkie's Chicken & Champagne Bar . For those on the Ale Trail, don’t miss . If beer is not your style, you should definitely check out Springfield's newest wine bar, , or pick up a Camp Kit from . Planning to host an event? Historic Springfield is home to , a 2300 square foot venue, which housed The Pearl nightclub in years past and is the perfect spot for your next personal or corporate event. Springfield has seen a steady influx of small retail shops popping up over the last few years. specializes in the latest fashions for elegant, classy, and sophisticated women. Beauty needs can be met by stopping . For those who love skateboarding, is a must stop for you with its fully customized skate shop and park. If you run into any home and hardware needs, check out family-run, , which has been in the Springfield area for over 70 years! is Historic Springfield's BRAND NEW one-stop plant shop. And for some fun, offers fantastic bath and body products in the shapes of some of your favorite sweets. Owner Christianna Alexander is only 15 years old, making her the youngest of Springfield's entrepreneurs! ENJOY Art, Nature, History, Sports Historic Springfield offers a plethora of amenities for all interests. , a baseball field, tennis courts, and is home to the Springfield Disc Golf Course. For the art and museum lovers, sits near the southeast corner of Klutho Park and is always ready for visitors to peruse its current manuscript or regional art collection. Don't forget to cruise around the neighborhood to see the collection of public art on display with our curated If you want a personal and unique guided tour of the neighborhood, be sure to check out They each have several tours to choose from with themes such as breweries, art, and history all in the beautiful Springfield neighborhood. According to WalkScore.com, Springfield is the most bikeable neighborhood in Jacksonville’s urban core. You’ll find bicycle repair stations in Henry J. Klutho Park (intersection of Pearl and 3rd St) and behind the SPAR building at 1321 N Main Street. Visitors can enjoy a ride on the or easily ride to many of Jacksonville’s other attractions. Whether it's to the Riverside Arts Market, Jacksonville Farmers Market, or the Stadium Area, Springfield continues to be one of the most connected and easily bike-able neighborhoods in the Urban Core. Want to experience it yourself? organizes bike socials throughout the year, free and open to all ages and skill levels. In the meantime, you can yourself using these suggested routes and activities. Do you like this page? Please check your e-mail for a link to activate your account. Springfield Preservation and Revitalization (SPAR)",NON-EVENT,0,https://www.sparcouncil.org/visitspringfield,3233,535
"Springfield Preservation and Revitalization is committed to fostering, cultivating, and preserving a culture of diversity, equity, and inclusion. We embrace and encourage differences and do not discriminate on the basis of race, color, religion, ethnicity, national origin, age, sex, sexual orientation, gender identity, pregnancy, disability, marital status, or familial status that make our neighborhood unique. SPAR prioritizes creating a welcoming community and values a concerted, organized effort to develop strategies which make our programs, activities, hiring, and volunteer recruitment more accessible and inclusive. Be the first to comment",NON-EVENT,1,https://www.sparcouncil.org/diversity_inclusion,650,88
"Last revised November 22nd, 2021",EVENT,2,https://www.sparcouncil.org/bylaws,32,5
"ARTICLE 1 – NAME……………………………………………………………………………………………. 1 ARTICLE 2 – PURPOSES…………………………………………………………………………………….. 1 ARTICLE 3 – PRINCIPAL PLACE OF OFFICE………………………………………………………… 2 ARTICLE 4 – NONPARTISAN ACTIVITIES…………………………………………………………… 2 ARTICLE 5 – DEDICATION OF ASSETS……………………………………………………………….. 2 ARTICLE 6 – MEMBERSHIP………………………………………………………………………………… 3 ARTICLE 7 – BOARD………………………………………………………………………………………….. 4 ARTICLE 8 – NOMINATION PROCESS…………………………………………………………………. 6 ARTICLE 9 – OFFICERS………………………………………………………………………………………. 7 ARTICLE 10 – INFORMAL ACTION…………………………………………………………………….. 9 ARTICLE 11 – COMMITTEES……………………………………………………………………………… 9 ARTICLE 12 – OPERATIONS………………………………………………………………………………. 10 ARTICLE 13 – CODE OF ETHICS…………………………………………………………………………. 10 ARTICLE 14 – PUBLIC STATEMENTS…………………………………………………………………. 11 ARTICLE 15 – INDEMNIFICATION……………………………………………………………………... 12 R ARTICLE 1 – NAME The name of this Corporation is the Springfield Preservation and Revitalization Council, Inc. (the “Corporation”) The purpose of the Corporation is to stimulate preservation, reinvestment, and community activism in Springfield Historic District, while maintaining the integrity of its structures and history. The mission of the Corporation is to provide leadership to the residents of Historic Springfield to revitalize, preserve, and restore the community through its diverse programs. In addition, the Corporation is formed for the purposes of performing all things incidental to, or appropriate in, the achievement of the foregoing specific and primary purposes.  However, the Corporation shall not, except to an insubstantial degree, engage in any activities or exercise any powers that do not further its specific and primary purposes. This Corporation shall hold and may exercise all such powers as may be conferred upon a nonprofit corporation by Chapter 617, Florida Statutes (the “Act”) and as may be necessary or expedient for the administration of the affairs and attainment of the purposes of the Corporation; provided, however, that in no event shall the Corporation engage in activities which are not permitted to be carried on by a corporation exempt under Section 501 (c)(3) of the Internal Revenue Code. ARTICLE 3 – PRINCIPAL PLACE OF OFFICE Section 1.  LOCATION OF OFFICE.  The principal office for the transaction of the business of the Corporation is located in the historic district of Springfield in the City of Jacksonville, County of Duval, State of Florida.  The Board may at any time, or from time to time, change the location of the principal office from one location to another within Springfield Historic District in Jacksonville. Section 2.  DEFINITION OF SERVICE AREA.   Springfield Historic District is defined as the square mile roughly bounded by Ionia Street and the Seaboard System rail line on the east, the same rail line and 12 Street on the north, Boulevard on the west, and 1 Street and Hogans Creek on the south.  In addition, the service area will include the expanded trade area as defined by the Metro Edge Study (State Street to MLK Expressway and Boulevard Street to Ionia Street). ARTICLE 4 – NONPARTISAN ACTIVITIES The Corporation has been formed under the Corporations Not for Profit Law of the State of Florida for the charitable and educational purposes described above, and it shall be nonprofit and nonpartisan.  No substantial part of the activities of the Corporation shall consist of the publication or dissemination of materials with the purpose of attempting to influence legislation, and the Corporation shall not participate or intervene in any political campaign on behalf of or in opposition to any candidate for public office. ARTICLE 5 – DEDICATION OF ASSETS The properties and assets of this nonprofit Corporation are irrevocably dedicated to charitable and educational purposes.  No part of the net earnings, properties, or assets of this Corporation, on dissolution or otherwise, shall inure to the benefit of any private person or individual, or any member, Director or officer of this Corporation.  On liquidation or dissolution, all remaining properties and assets of the Corporation shall be distributed and paid over to an organization dedicated to charitable and educational purposes with tax-exempt status under Internal Revenue Code Section 501(c)(3). Section 1.  MEMBERSHIP.  The membership of the Corporation is open to all persons over the age of 18 years who are interested in furthering the purposes of the Corporation.  Members must pay dues as set by the Board and must provide the Corporation with pertinent information, including name, address, phone number, etc.  Lists of members shall be kept in the Corporation’s office, solely for use by the organization and will not be released to non-participating parties. Section 2.  REMOVAL OF MEMBERS.  The Corporation may revoke membership privileges from any member for cause by a majority vote of the Board and the return of the member’s current annual dues. Revocation may be initiated when a member commits acts that are in violation of the Bylaws or policies. Section 3.  RIGHT AND RESPONSIBILITIES OF MEMBERS.  Each member of the Corporation shall be entitled to one vote on each matter submitted to a vote at a meeting of the members, except to the extent that the voting rights are limited or denied by the Articles of Incorporation.  No member shall be entitled to any dividend or any part of the income of the Corporation or to share in the distribution of the corporate assets upon dissolution.  Members are expected to provide periodic feedback via surveys and to be involved in revitalization activities and volunteer service to the community. Section 5.  MEETINGS.  The membership shall meet annually and at such other times as the Corporation may find appropriate.  The Board shall determine the location for the meeting, but the meeting will remain within Planning District 1.  Special meetings may be called by the President or 1/3 of the Board of Directors.  Special meetings require at least seven days’ notice to the members. In special circumstances and at the discretion of the President, regular and special meetings may be held virtually using board approved technology. Section 6.  ANNUAL MEMBERSHIP MEETINGS.  Once a year, during the 4th quarter of the fiscal year, at a time and place designated by the Board, the membership shall elect Directors from a slate of candidates presented by the Governance Committee of the Board and transact any other business as may properly come before the meeting. Section 7.  NOTICE OF ANNUAL MEETING.  The Board shall give written notice of the annual membership meeting not less than seven (7) calendar days before the date of the meeting.  The Notice shall state the purpose, place, day and hour of the meeting. Such written notice shall be delivered by posting a copy in a conspicuous place at the principal office of the Corporation, and either by mail, email, handbill, newsletter, newspaper, or such means as the Board shall deem effective. This section may be amended or repealed only by a vote of a majority of the members at a meeting of the membership called in accordance with the terms of these Bylaws. Section 8.  QUORUM.  The number of members attending the meeting shall serve as a quorum for conducting business at either an annual or a special meeting of the membership after proper notice.  The subsequent withdrawal of members shall not affect the validity of any action taken at the meeting or any adjournment, unless there is evidence of collusion.  In this case the action will be brought back before the membership.  No proxy voting shall be allowed. Section 9.  COMMUNITY REFERENDA.  The Board may from time to time conduct referenda among all community residents (including those residents who are not members of the Corporation).  The results of such referenda are advisory only are not binding on the Corporation. ARTICLE 7 – BOARD OF DIRECTORS Section 1.  DEFINITION AND DUTIES OF THE BOARD OF DIRECTORS.  The Board of Directors (the “Board”) is that group of persons vested with the management of the business and affairs of this Corporation subject to the law, the Articles of Incorporation, and these Bylaws. Each Board member has corporate duties mandated by law and funding sources.  Each Director will be asked to/and must participate in a planned orientation program, strategic planning, budget review, program evaluation, and community outreach activities. Section 2.  QUALIFICATIONS.  Directorships shall not be denied to any person on the basis of race, creed, sex, religion, national origin, sexual orientation, gender identity or expression.  Only dues paying members are eligible to become Directors. Family members, business partners, or members of the same household may not serve on the Board of Directors concurrently. Board candidates must sign the Conflict of Interest Standards set out in the Corporation’s Code of Ethics, which is part of the application for Board membership. Section 3.  NUMBER OF DIRECTORS.  The Board shall have between 10 and 15 Directors. Up to four positions will be available to allow the Board to appoint members who have specific skills useful to the community or who may not have been available at the time of the election. At least 2/3 of the Board members must be residents of Springfield Historic District. Section 4.  TERMS AND ELECTION OF DIRECTORS.  The membership shall elect Directors at the annual meeting.  A Director shall serve a term of three years.  To ensure experienced leadership, approximately one-third of the Directorships shall be elected or appointed in alternate years. All Directors will be limited to 2 consecutive terms, or no more than 6 consecutive years. An appointed member may serve a three-year term and be reappointed by the Board or stand for election for an additional term. Section 5.  RESIGNATIONS.  Any Director may resign at any time by delivering a written resignation to the President, Executive Director, or to the Secretary of the Corporation.  Oral resignations require a letter from the Board accepting the resignation. Section 6.  REMOVAL.  The Board at a meeting properly called in accordance with the terms of these Bylaws may vote to remove any Director at any time with cause.  Cause is defined by the majority of the Board members present, which may include three absences at consecutive regular meetings or absence for more than 1/4 of the meetings during any twelve month period.  If a Director finds it impossible to regularly participate, due to conflicts, it is his or her responsibility to resign in order to allow another person to fill this leadership position. Section 7.  VACANCIES.  Resignations of Directors shall become effective immediately or on the date specified therein and vacancies will be deemed to exist as of such effective date.  The remaining Directors may fill any vacancies on the Board by majority vote after review by the Governance Committee, and such Director so appointed shall serve for the remainder of the term of the directorship so vacated. Section 8.  BOARD REORGANIZATION MEETING.  The annual election for the Board is held at the annual membership meeting. The reorganization meeting shall be held as soon as practical after the election.  At this meeting new Board members will take their seats and the entire Board will participate in an orientation and training program. Section 9.  REGULAR AND SPECIAL MEETINGS. The Board shall hold regularly scheduled monthly meetings. These meetings shall be held at the Corporation’s principal place of business or at any other place within Planning District 1 as the Board may designate by resolution duly adopted. Special meetings as deemed necessary may be called by the Board or the President. In special circumstances and at the discretion of the President, regular and special meetings may be held virtually using board approved technology. Section 10.  NOTICE OF SPECIAL BOARD MEETINGS.  Notice of changes in Board meeting dates, times, or locations shall be given to each Board member no less than five (5) days prior to the meeting.  For special Board meetings, Directors shall have a minimum of 24 hours’ notice. Section 11.  WAIVER OF NOTICE.  Attendance by a Director at any meeting of the Board will constitute a waiver of notice of such meeting except where such Director attends the meeting for the express purpose of objecting, at the beginning of the meeting, to the transaction of business because the meeting is not lawfully called or convened. Section 12.   QUORUM.  A majority of the incumbent Directors (not counting vacancies) shall constitute a Quorum for the conduct of business.  At Board meetings where a quorum is present, a majority vote of the Directors attending shall constitute an act of the Board unless a greater number is required by the Articles of Incorporation or any provision of these Bylaws.  Subsequent withdrawal of Board members shall not affect the validity of any action taken at the meeting or any adjournment.  There shall be no proxy voting allowed. Section 13.  SELF DEALING.  No Director shall use confidential information gained by reason of being a member of the Board for personal gain to the detriment of the Corporation.  The Board may vote to remove any Director who so abuses confidential information, after giving prior notice of the meeting and proposed removal to each Director.  Directors shall receive no compensation for their services. ARTICLE 8 – NOMINATION PROCESS BOARD ASSESSMENT.  To ensure the Board has a diversity of skills and representation, the Governance Committee is responsible for recruiting, screening and interviewing candidates before nominating a slate of candidates at the annual membership meeting. Prior to recommending candidates, the Governance Committee is responsible for assessing the Corporation’s expertise and talents to determine gaps in skills and other important representation such as gender, residency, ethnicity, etc.  In addition, the Committee will review the attendance of current Board members to consider renewing their terms once they have expired. Based on the interview and supplemental information requested of the candidate, the committee will decide whether the candidate will be nominated.  Candidates can only be nominated at the annual membership meeting once they have been interviewed and voted by the Governance Committee and the Board.  There will be no nominations accepted from the floor. Section 3.  ELECTION PROCESS.  Elections for the Board will be held at the Annual Membership meeting. The election shall be conducted by the Governance Committee.  Each verified member shall receive a ballot listing the nominees for the Board.  Prior to the voting, the candidates will have an opportunity to make a brief self-introduction and answer any questions from members. Depending on the number of nominees recommended, members have the right to vote for as many nominees as there are vacancies on the Board.  The person receiving the largest number of votes cast for any individual candidate shall fill the first vacancy; the candidate receiving the second largest number of votes shall fill the second vacancy, and so on until candidates fill the total number of vacant Directorships.  Cumulative voting for Directors is not permitted. A run-off shall be held immediately in the case of a tie. While the votes are being counted, the President may conduct other business on the agenda. After the tally is completed, the Governance Committee Chairperson shall report results of the election to the membership.  The President will swear in the new Directors.  Immediately following adjournment, all Board members will convene to select a date for a special reorganization meeting at which the new Board members will be seated.  At that time the entire Board will have an orientation and elect its officers for the upcoming year.  The current Executive Committee will continue its duties until new officers are selected. Section 1.  There shall be a President of the Corporation, Vice President, Secretary and Treasurer and such other officers as the Corporation shall find it appropriate to designate by amendment of these Bylaws. Section 2.  PRESIDENT.  The President shall preside at meetings of the Corporation and shall have general charge and supervision of the affairs of the Corporation. The President shall have general supervision and direction over all other officers of the Corporation to see that their respective duties are properly performed and perform such other duties and have such other powers and authority as may be set forth elsewhere in these Bylaws or as may be prescribed from time to time by the Board.  The President shall preside at all Board meetings. Section 3.  VICE PRESIDENT.  The Vice President of the Corporation shall assist the President in the performance of his/her official duties.  The Vice President shall also perform the functions and duties set forth under Section 2 of this Article 8 should the President be unable to perform them. Section 4.  SECRETARY.  The Secretary shall maintain, all corporate records, except the financial records.  The Secretary shall ensure the recording of all the minutes of the Board and the Corporation meetings and will give all notices as are required by law or these Bylaws, and generally, will perform all duties incident to the office of Secretary and such other duties as may be required by law, by the Articles of Incorporation, or by these Bylaws.  All records will be maintained in the organization office. Section 6.  ELECTION AND TERM.  The officers are elected each year as provided for in Article 8, Section 3; however, officers shall continue to serve until their successors are elected and installed. Section 7.  REMOVAL OF OFFICER.  Any officer may be removed from office by the majority vote of the Board for good cause.  The Board may determine good cause removal under the following circumstances: (i) absence from three consecutive meetings or absence from more than 1/4 of the meetings during a one year period; (ii) conduct not in support of the purposes of the Corporation; (iii) failure to perform duties and responsibilities of office to which elected; or (iv) failure to serve the best interest of the Corporation. In the event an officer is no longer able to serve, for whatever reason, the Board will appoint an interim officer to complete the vacant term. Section 9.  EXECUTIVE DIRECTOR.  The Board shall have the power to hire an Executive Director to serve at the Board’s discretion and to carry out the policies and programs established by the Board.  The Executive Director shall be an ex-officio member of the Board and shall have the same rights and privileges as all other Board members, excluding, the right to vote. Section 10.  IMMEDIATE PAST PRESIDENT.  The Immediate Past President shall be an ex-officio member of the Board and shall have the same rights and privileges as all other Board members, excluding, the right to vote. ARTICLE 10 – INFORMAL ACTION Section 1.  WAIVER OF NOTICE.  Whenever the law, the Articles of Incorporation, or these Bylaws, require the Board to give notice, a waiver of such notice in writing signed by the person or persons entitled to notice, whether before or after the time stated in such waiver, is sufficient.  Such waiver must, in the case of a special meeting of members, specify the general nature of the business to be transacted. Section 2.  ACTION BY CONSENT.  Any action required by law or under the Articles of Incorporation or by these Bylaws, or any other action which the members or Board may take at a meeting, they may also take without a meeting if all of the persons entitled to vote on a subject sign a consent in writing, setting forth the action so taken, and file the consent with the Secretary of the Corporation. Section 1.  STANDING COMMITTEES.  The two standing committees of the Corporation shall be the Executive Committee and the Board Governance Committee. Section 2.  EXECUTIVE COMMITTEE.  The Executive Committee shall consist of the four officers of the Corporation and up to two at-large board members.  The Executive Committee shall have the authority to act on behalf of the Corporation between regular Board meetings.  The Board must validate the actions of the Executive Committee at its next regular or special meeting.  Any such action not so validated will not be legally binding on the Corporation.  The President shall act as chairperson of the Executive Committee. Section 4.  APPOINTMENT OF OTHER COMMITTEES.  The Board may from time to time designate other committees as it sees fit.  Such committees shall have and exercise such prescribed authority as is designated by the Board.  The President shall have power of appointment of chairperson(s) of these committees.  All such other committees shall be open to the membership.  The Governance Committee will provide oversight on the appointment of committee members to ensure optimal functionality. The President shall have the power to appoint board members as board liaisons if the committee chair is not a board member. Section 5.  DUTIES OF STANDING COMMITTEES.  The duties of the Executive and Governance Committees and all other standing committees are outlined in the Policies and Procedures Handbook. All committees shall record minutes of their meetings and make them available to the Board. All committee members must be members of SPAR. Section 1.  FISCAL YEAR.  The fiscal year for this Corporation will be January 1 through December 31. Section 2.  EXECUTION OF DOCUMENTS.  Except as otherwise provided by law, all checks, drafts, promissory notes, and other evidences of indebtedness of this Corporation shall be signed by whomever the Board designates by separate resolution.  All contracts, leases, or other instruments executed in the name of and on behalf of the Corporation shall be signed by the Executive Director and/or any of the Executive Committee Officers and will have attached copies of the resolutions of the Board certified by the Secretary authorizing their execution where appropriate.  The President and Executive Director will report to the Board concerning such transactions. Section 3.  INSPECTION OF BOOKS AND RECORDS.  All books and records of the Corporation may be inspected by any Member as provided for in Section 617.1602 of the Act. Section 4.  LOANS TO MANAGEMENT.  This Corporation will make no loans to any of its Directors or Officers. Section 5.  AMENDMENTS.  The Bylaws may be amended at any time by a vote of the 2/3 majority of Directors at a meeting where a quorum is present. ARTICLE 13 – CODE OF ETHICS All Board members will be given a Code of Ethics document at the start of their tenure and annually thereafter. Board members will be expected to review and sign the document, acknowledging that they agree to abide by it. In the case of a Board member being negligent in carrying out Board duties, the Board President may contact that Board member in writing, outlining the circumstances and corrective actions to be taken. Continued offense could result in the Board member being asked to resign or, by a majority vote, the Board member may be removed from the Board. ARTICLE 14 – PUBLIC STATEMENTS Section 1.  AUTHORITY TO MAKE STATEMENTS.  No person except the President or an appointee shall be authorized to make any public statements, whether written or oral, purporting to represent the official policy, position, or opinion of this Corporation, without first having obtained the approval of the Board. Section 2.  LIMITATION ON STATEMENTS.  Any person who is authorized to make any public statement, whether written or oral, purporting to represent the official policy, position, recommendation or opinion of the Corporation, shall first make it clear that he or she is representing the Corporation.  Thereafter, throughout the entire presentation, he or she shall confine his/her presentation only to those matters that have been properly approved by the Corporation.  He or she shall not at the same time present any statement purporting to represent any other firm, group, or organization or purporting to represent his or her own personal views. Section 3.  PERSONAL EXPRESSION.  Individual Board members may express their personal opinions at public meetings, if they make it clear they are not speaking for the Corporation.  They must also take into account their responsibilities under the Code of Ethics. We, the undersigned, consent to, execute and adopt these Bylaws of Springfield Preservation and Revitalization Council, Inc. at a meeting duly held and called on the 19 I hereby certify that I am the currently elected and acting Secretary of Springfield Preservation and Revitalization Council, Inc., and the above Bylaws, consisting of 14 pages, are the Bylaws of this Corporation as adopted by the Board of Directors at their meeting held on the 22nd day of November, 2021 and that they have not been amended or modified since that date. - Bylaw Revision: ARTICLE 12 Section 1.  FISCAL YEAR.  The fiscal year for this Corporation will be October 1 through September 30. Changed to: The fiscal year for this Corporation will be January 1 through December 31. - Bylaw Revision: ARTICLE 6 Section 6. ANNUAL MEMBERSHIP MEETINGS.  Once a year during the month of October, or as soon as practical thereafter, at a time and place designated by the Board, the membership shall elect Directors from a slate of candidates presented by the Governance Committee of the Board and transact any other business as may properly come before the meeting.  Changed to: Once a year, during the 4th quarter of the fiscal year, at a time and place designated by the board… - Bylaw Revision: Article 6 Membership, Section 5.  MEETINGS.  The membership shall meet annually and at such other times as the Corporation may find appropriate.  The Board shall determine the location for the meeting, but the meeting will remain within Planning District 1.  Special meetings may be called by the President or 1/3 of the Board of Directors.  Special meetings require at least seven days’ notice to the members.  Added:  In special circumstances and at the discretion of the President, annual membership meetings may be held virtually using board approved technology. Article 7 Board of Directors, Section 9.  REGULAR AND SPECIAL MEETINGS. The Board shall hold regularly scheduled monthly meetings. These meetings shall be held at the Corporation’s principal place of business or at any other place within Planning District 1 as the Board may designate by resolution duly adopted. Special meetings as deemed necessary may be called by the Board or the President. Added:  In special circumstances and at the discretion of the President, regular and special meetings may be held virtually using board approved technology. - Bylaw Revision: Article 6 Membership, Section 2.  REMOVAL OF MEMBERS.  The Corporation may revoke membership privileges from any member for cause by a majority vote of the Board and the return of the member’s current annual dues.  Members must conform to the Code of Ethics included in the Bylaws.  Revocation may be initiated when a member commits acts that are in violation of the Bylaws or policies. Article 13 - Code of Ethics All Board members will be given a Code of Conduct document at the start of their tenure and annually thereafter. Board members will be expected to review and sign the document, acknowledging that they agree to abide by it.",NON-EVENT,0,https://www.sparcouncil.org/bylaws,27586,4386
"BOARD OF DIRECTORS MEETING AGENDA 6:00pm @ SPAR Office & Google Meet CALL TO ORDER (T. Grant) - 6 PM - in attendance: In person: Tyler Grant, Rachelle Miller, Kenny Logsdon, John Shermetaro, Justin Gravatt, Jose Acevedo, Jesse Wilson, Mallik Singareddy, Melissa Schmitt, Daniel Ashworth, Heidi Ford; Online: Jason Hardwic; Guests: Bill Hoff (in person), Bryant Shumaker (online; Staff: Mike Haskins (in person) INTRODUCTION / COMMENTS FROM GUESTS CONSENT AGENDA OF PRIOR BOARD MEETING MINUTES/COMMITTEE REPORTS (M. Viss) REVIEW OF TREASURER’S REPORT (M. Singareddy) ITTEE / TASK FORCE OVERVIEWS Asset Management - (M. Singareddy) Community Engagement - (A. Blitch) CRIC- (B. Shumaker / D. Ashworth) Demolition by Neglect Task Force - (A. Blitch & M. Viss) Design Review - (D. Ashworth) Fund Development – (M. Haskins) Home Tour - (M. Viss) Zoning Overlay Task Force - (K. Derringer) NEW BUSINESS / RECOMMENDATIONS TO BOARD FROM EXECUTIVE COMMITTEE MOTION - To accept oral resignation of Sekani Kobelt; PASSED MOTION - To dissolve the Asset Management Committee; PASSED MOTION - To dissolve the Organizational Design Committee; PASSED MOTION -  To dissolve th MOTION - To dissolve the Holiday Society (Committee); MOTION - To establish the Membership Task Force orga",NON-EVENT,0,https://www.sparcouncil.org/board_meeting_minutes,1265,197
"nized as of the date of motion passage and concluding on the earlier of (i) Board’s vote for dissolution or (ii) December 31, 2025; PASSED",EVENT,2,https://www.sparcouncil.org/board_meeting_minutes,138,25
"MOTION - To establish the Holiday Task Force organized as of the date of motion passage and concluding upon Board vote for dissolution; PASSED REVIEW - Committee chairpersons to review and provide updates as necessary 1/18 - Sheriff’s Watch - Neighborhood Crime Prevention Walk 1/24 - Annual SPAR Gala BOARD OF DIRECTORS MEETING MINUTES 6:00pm @ VCCS - SPAR Office & Google Meet The meeting was called to order by Vice-president Tyler Grant at 6:01 pm. Consent Agenda BOD Meeting Minutes/Committee Reports (Approved) John Shermetaro (President), Tyler Grant (Vice President), Mallik Singareddy (Treasurer), Ryan McFarland (Secretary), Daniel Ashworth Jr., Kattie Derringer, Bryant Shumaker, Kenny Logsdon, Margie Viss, Pam Batts-Brown, Kelly Lezama, Jason Hardwick, Melissa Schmitt, Alison Blitch, Rachelle Miller Guests: Jose Acevedo, Jessie Wilson, Justin Gravitt, Bill Hoff, Tim Hope Move to allocate $3,631.91 from Bold City Ball proceeds to the Endowment Fund (approved) Move to allocate $15,000 from operating account to the Endowment Fund (approved) Move to allocate Foundation donation of $10,000 to Prudential Equity account (approved) Move to accept board resignation of Annie Howe (approved) (Logsdon voted against) Move to update employee handbook (page 19-21) to reflect previous board vote for Executive Director’s paid time off (approved) 2025 Joyce Holbrook Award Vote (Bill Hoff - Approved) EC elections for 2025 (Tyler Grant - President, Melissa Schmitt - Vice-president, Malik Singareddy - treasurer, Margie Viss - secretary) Motion to accept changes in investment policy as saved in the board agenda (approved) CONSENT AGENDA BOD MEETING MINUTES/COMMITTEE REPORTS Demolition by Neglect Task Force- Alison & Margie and RECOMMENDATIONS TO BOARD FROM EXECUTIVE COMMITTEE Zoning Overlay Taskforce Community Meeting Overview (Meeting 11/19- 6pm) Porchfest Summary…. Reflection Meeting 11/20 The meeting was called to order by President John Shermetaro at 6:00 pm. John Shermetaro (President), Tyler Grant (Vice President), Mallik Singareddy (Treasurer), Ryan McFarland (Secretary), Daniel Ashworth Jr., Kattie Derringer, Bryant Shumaker, Kenny Logsdon, Margie Viss, Pam Batts-Brown, Kelly Lezama, Annie Howe, Jason Hardwick, Melissa Schmitt Absent: Alison Blitch, Rachelle Miller Guests: Jesse, Justin, Bill Hoff Org Design Recommendation of unlimited PTO for Executive director (approved) - Annie, Margie, Katie oppose Motion to approve full bonus for Michael (approved) Comments from Councilman Chris Miller John Shermetaro (President), Tyler Grant (Vice President), Mallik Singareddy (Treasurer), Ryan McFarland (Secretary), Daniel Ashworth Jr., Kattie Derringer, Rachelle Miller, Jason Hardwick, Bryant Shumaker, Kelly Lezama, Kenny Logsdon, Annie Howe, Margie Viss Absent: Melissa Schmitt, Alison Blitch, Pam Batts-Brown Guests: Chris Miller, Tim Hope Strengthen the Overlay Bill- 2024-0373 letter of recommendation (Approved) 2025 COJ Matching Grant board resolution (Approved) 2025 Preliminary Budget approval (Approved) 2025 New Board Member approval (Approved) Tap Task Force/Zoning Overlay Revision- RMD-S (Approved) COMMENTS FROM GUESTS                                                                             Groundwork Jax- Kay Ehas CONSENT AGENDA MAY BOD MEETING MINUTES/COMMITTEE REPORTS Demolition by Neglect Task Force Tap Task Force/Zoning Overlay Revision- RMD-S Karpeles Grand Rehab Funding letter of support, EVOTE- passed John Shermetaro (President), Tyler Grant (Vice President), Mallik Singareddy (Treasurer), Ryan McFarland (Secretary), Daniel Ashworth Jr., Kattie Derringer, Rachelle Miller, Alison Blitch, Pam Batts-Brown, Jason Hardwick, Bryant Shumaker Absent: Kelly Lezama, Kenny Logsdon, Annie Howe, Melissa Schmitt, Margie Viss Guests: Kay Ehas, Guermo, Wyatt Bowers Meeting Adjourned: 8:00 pm - Had lost quorum. John Shermetaro (President), Tyler Grant (Vice President), Mallik Singareddy (Treasurer), Ryan McFarland (Secretary), Kenny Logsdon, Daniel Ashworth Jr., Kattie Derringer, Rachelle Miller, Melissa Schmitt, Alison Blitch, Margie Viss, Pam Batts-Brown, Annie Howe Absent: Jason Hardwick, Bryant Shumaker, Kelly Lezama Motion to approve the current revisions to Zoning Overlay as written (Aprroved) Tap Task Force/Zoning Overlay Revisions Groundworks Jax will be presenting at September board meeting LEARNING SEGMENT- Traffic Engineering (canceled) John Shermetaro (President), Tyler Grant (Vice President), Mallik Singareddy (Treasurer), Ryan McFarland (Secretary), Kenny Logsdon, Daniel Ashworth Jr., Kattie Derringer, Bryant Shumaker, Rachelle Miller, Melissa Schmitt, Alison Blitch, Kelly Lezama Absent: Annie Howe, Jason Hardwick, Margie Viss, Pam Batts-Brown Rehab Funding letter of support (Approved) Move to Approve $7,800 for wall upstairs (Approved) John Shermetaro (President), Tyler Grant (Vice President), Mallik Singareddy (Treasurer), Ryan McFarland (Secretary), Kenny Logsdon, Pam Batts-Brown, Daniel Ashworth Jr., Kattie Derringer, Jason Hardwick, Bryant Shumaker, Rachelle Miller, Margie Viss, Melissa Schmitt, Alison Blitch Absent: Annie Howe, Kelly Lezama Guests: Bill Hoff, Tim Hope … Letter of support for zoning variance recommended (approved) Groundworks Jax- presenting as learning segment (deferred) Closure of 6th Street between Boulevard and Jefferson… CRIC has concerns but recommends no action due to lack of reason for closure Closure of Market Street between Orange and Confederate… CRIC recommends no action due to lack of reason for closure Demolition of the historic JEA building at Main and Orange. CRIC recommends no action. 3) Traffic Calming Discussion – Recommendation from Community Meeting was for 4-way stops. CRIC has concerns about bike ease of use. Reasonable to suggest 4-way stops at all current intersections where stop signs are on North-South. Michael will bring this to a poll at next CRIC meeting. (deferred) (L-5826-23C) - Requesting letter of support. Mike requesting CRIC volunteer review and update letter for SPAR Board. Draft letter language from Future of Cities. Letter of support recommended. (approved) 5) letter of support for armory (Logsdon and Malik abstain) The meeting was called to order by President John Shermetaro at 6:01 pm. John Shermetaro (President), Tyler Grant (Vice President), Mallik Singareddy (Treasurer), Ryan McFarland (Secretary), Kenny Logsdon, Pam Batts-Brown, Daniel Ashworth Jr., Kattie Derringer, Jason Hardwick, Bryant Shumaker, Rachelle Miller Absent: Annie Howe, Margie Viss, Kelly Lezama, Alison Blitch, Melissa Schmitt Guests: Bill Hoff, John DeVore Motion by Mallik to move funds in restricted ambassador fund to operating account and notify donors (Approved) John Shermetaro (President), Tyler Grant (Vice President), Mallik Singareddy (Treasurer), Ryan McFarland (Secretary), Margie Viss, Kenny Logsdon, Rachelle Miller, Pam Batts-Brown, Kelly Lezama, Alison Blitch, Melissa Schmitt, Daniel Ashworth Jr., Kattie Derringer Absent: Bryant Shumaker, Jason Hardwick, Annie Howe Guests: Bill Hoff, Tim Hope, Amita Bey, Hugues Touze Motion to add John Shermetaro to the SPAR VyStar Checking Account (Approved)",NON-EVENT,0,https://www.sparcouncil.org/board_meeting_minutes,7163,986
"Joining a committee or taskforce is a great way to get involved, learn more about upcoming developments impacting Springfield, and ensure that your voice is heard in our neighborhood. Our committee members provide valuable input and planning for a variety of Springfield initiatives. To join a committee or taskforce, email us at or call us at 904-353-7727 and we'll send you more information on how to join the committee. Please note that we ask our committee members to in Springfield Preservation and Revitalization. Reviews proposed changes to our neighborhood and provides opportunities for community input on new developments Open to all SPAR Members Improves our commercial corridors (Main Street, 8th Street, and Pearl Street) through small business grantmaking, running our business association, and beautification efforts SPAR Office (1321 N Main) Reviews proposed changes to historic properties in our neighborhood and provides opportunities for community input on those changes Oversees committee actions and makes recommendations to the SPAR Board of Directors Oversees financial policies of the organization Board Members and invited guests Develops and raises funds for the organization Oversees development and policies of SPAR Board of Directors Organizes the Historic Springfield Tour of Homes and Gardens Organizes Jacksonville PorchFest, a free, annual community music festival",NON-EVENT,0,https://www.sparcouncil.org/committees,1397,205
Meetings resume in May 2025,EVENT,2,https://www.sparcouncil.org/committees,27,5
Co-Chairs: Alison Blitch and Margie Viss Works to prevent and address cases of demolition by neglect Organizes holiday celebrations and decorates commercial corridors in the neighborhood for the holidays,NON-EVENT,0,https://www.sparcouncil.org/committees,203,29
Meetings resume in August 2025,EVENT,2,https://www.sparcouncil.org/committees,30,5
Recruits new members and retains current members of SPAR Reviews the Springfield zoning overlay and recommends changes and updates,NON-EVENT,0,https://www.sparcouncil.org/committees,130,19
"Sign up for the SPAR Scoop, the monthly newsletter of Springfield Preservation and Revitalization. Our monthly newsletter contains important information and updates about Springfield, including upcoming events, construction updates, and proposed changes to the neighborhood. Sign up today to stay up-to-date on the latest happenings in Springfield and please be sure to like and follow us on Send me text message updates Address (Street, City, State, Postal code) Bonaire, Sint Eustatius and Saba Congo, the Democratic Republic of the Heard Island and McDonald Islands Holy See (Vatican City State) Saint Helena, Ascension and Tristan da Cunha Saint Vincent and the Grenadines South Georgia and the South Sandwich Islands United States Minor Outlying Islands Don't publish this on the website Like us to spread the word",NON-EVENT,0,https://www.sparcouncil.org/spar_scoop,819,125
"Associate Membership ($125 per year) (up to $2500 annual matching grant) (up to $250 per year) Opportunity to participate in SPARdi Gras, Home Tour, and PorchFest marketing initiatives ($100 social media ad per event) Included in meeting invitations, newsletter, social media groups, membership directory, and annual report Featured business spotlight on social media First access to vendor spots for SPAR programming Executive Membership ($250 per year) In addition to all General Membership benefits, Executive Members also receive: SPAR Household Membership ($50 value) 2 tickets to Springfield Home Tour ($40 value) Please select the amount appropriate to the membership level you wish to join. Memberships are valid for one year and are tax-deductible. Memberships auto-renew annually at the original rate. Members receive a 30 day notice of autorenewal of membership. If you use Apple Pay, your confirmation prompt may refer to our payment processor, ""NationBuilder"" You're almost done! Submit donation below. Payment method information has been saved. How did you hear about us? Don't publish my donation on the website.",NON-EVENT,0,https://www.sparcouncil.org/business_membership,1127,169
"SPAR has installed a temporary park on Main Street, aptly named Sesquicentennial Park, in celebration of 150 years of the Springfield neighborhood. The pocket park was completed in February 2019 and was in use for the entire Sesquicentennial year. Due to the successful activation of the space, the lease for Sesquicentennial Park has been extended over the past few years.",EVENT,3,https://www.sparcouncil.org/sesquicentennialpark,373,60
"SPAR hosts events in Sesquicentennial Park and we look forward to the park being activated not only by us but by our neighbors, as well.",NON-EVENT,0,https://www.sparcouncil.org/sesquicentennialpark,136,25
"The park, located at 1527 N. Main St. and centered around a century-old live oak tree, is semi-enclosed with picket fencing and features a stage. The grand opening of the park was March 6, 2019 with the kick-off of “Music on Main."" This music series, organized by SPAR, includes food trucks, live music, beer and wine, and is free and open to the public.",EVENT,2,https://www.sparcouncil.org/sesquicentennialpark,354,64
"Currently there are no public spaces north of 1 Street on Main Street in Historic Springfield. SPAR is leading the way to change that by utilizing this place-making strategy that has seen success in many other urban areas. The goal is to create or enhance public spaces. This helps meet community needs and bring underused places to life. 1. Would you like to book Sesquicentennial Park for your next outdoor event? Download the Sesquicentennial Park Application here 2. Submit your $20 application fee at the time of submission (If you are a member of Springfield Area Merchants and Business Association, this fee is waived) ""What a great idea: Downtown needs its vital neighborhoods like Springfield to have great activities like these that draw neighbors and residents together."" - Sesquicentennial Park was created with support from: JoAnn Tredennick and Jack Meeks",NON-EVENT,0,https://www.sparcouncil.org/sesquicentennialpark,869,140
"Community Meeting - May 6, 2025 Our Springfield Community Meeting on May 6, 2025 covered the following topics:",EVENT,2,https://www.sparcouncil.org/community_meeting_notes,110,18
"Corner on Main After Hours Tour . Community members can also review the Florida Department of Transportation's plans for Main Street landscaping . Unfortunately, a video recording of this meeting is not available. We are actively soliciting community input on the Main Street landscaping plan and the design for the Pearl Street bridge mural. Please contact with comments, questions, or concerns. Community input will be forwarded to the Florida Department of Transportation and the design team for the Pearl Street bridge mural as appropriate. And we welcome input on other topics that are significant to the community as well.",NON-EVENT,1,https://www.sparcouncil.org/community_meeting_notes,628,99
"Community Meeting - February 18, 2025 Our Traffic Calming Community Meeting on February 18, 2025 covered the following topics: Community Meeting - February 11, 2025 Our Quarterly Community Meeting on February 11, 2025 covered the following topics:",EVENT,2,https://www.sparcouncil.org/community_meeting_notes,247,37
2024 Year in Review and 2025 Goal Planning Jacksonville Transportation Authority's Transit-Oriented Development for Phoenix Arts District Green Space Activation with Feeding Northeast Florida,NON-EVENT,1,https://www.sparcouncil.org/community_meeting_notes,191,24
"Community Meeting - December 2024 Our Quarterly Community Meeting on December 3, 2024 covered the following topics:",EVENT,2,https://www.sparcouncil.org/community_meeting_notes,115,17
Board of Directors Elections and Certification,NON-EVENT,0,https://www.sparcouncil.org/community_meeting_notes,46,6
"Community Meeting - September 2024 Our Quarterly Community Meeting on September 3, 2024 covered the following topics: Community Meeting - May 2024 Our Quarterly Community Meeting on May 7, 2024 covered the following topics: Community Meeting - February 2024",EVENT,2,https://www.sparcouncil.org/community_meeting_notes,257,39
"SPAR Board and Staff were excited to welcome a packed house of neighbors and community members for our Quarterly Meeting at Historically Hoppy Brewing Company. Our agenda was as follows: Welcome and Announcements by Mike Haskins, SPAR Executive Director Springfield Housing Market Update by Crissie Cudd 904 Happy Hour by Brooke Edmondson JEA Tree Trimming by Joe Anderson Phoenix Arts and Innovation District Updates by Future of Cities Team (Tony Cho, Michael Weil, Emily Moody, Tanya Watts, and Hayden Phillips) If you missed the meeting, please with all the discussed information or",NON-EVENT,0,https://www.sparcouncil.org/community_meeting_notes,586,92
Community Meeting - December 2023,EVENT,2,https://www.sparcouncil.org/community_meeting_notes,33,5
"SPAR Board and Staff were excited to welcome a packed house of neighbors and community members for our Annual Meeting at Wells Fargo Learning Center. Our agenda was as follows: Board Candidate Presentations by AJ Rodriguez, SPAR Board of Directors Vice President 2023 Annual Report by Mike Haskins Election Announcement by AJ Rodriguez",NON-EVENT,0,https://www.sparcouncil.org/community_meeting_notes,335,53
Community Meeting - September 2023,EVENT,2,https://www.sparcouncil.org/community_meeting_notes,34,5
"SPAR Board and Staff were excited to welcome a packed house of neighbors and community members for our Fall 2023 Community Meeting at Hyperion Brewing Company. We hosted a variety speakers whom provided great updates for upcoming projects in and updates for Historic Springfield including: Mike Haskins, SPAR Executive Director, introduced himself to the community and provided updates from SPAR AJ Rodriguez, SPAR Board of Directors - Vice President, announced the 2023 Board of Directors Election Season Crissie Cudd who presented an update on the Springfield Housing Market Daniel Ashworth, Charles Garrison, Ashantae Green, and Bill Hoff presented on the Mayoral Transition Committees Jimmy Peluso, City Councilman for District 7, held a community conversation with all the discussed information.",NON-EVENT,1,https://www.sparcouncil.org/community_meeting_notes,800,119
Community Meeting - May 2023,EVENT,2,https://www.sparcouncil.org/community_meeting_notes,28,5
"SPAR Board and Staff were excited to welcome a packed house of neighbors and community members for our Spring 2023 Community Meeting. We hosted a variety speakers whom provided great updates for upcoming projects in Historic Springfield including: Vicki Helow of Encore Research Group, who presented on the importance of engaging in clinical research Daryl Joseph and Jeffery Foster of JaxParks, who presented on Springfield Park brownfields work that will take place this Fall Michael Ryan of Corner Lot Development, who presented updates of Corner Lot's project at 1st and Main Emily Moody and Tanya Watts of Future of Cities, who presented updates on the Phoenix Arts + Innovation District Kay Ehas of Groundwork Jacksonville, who presented updates of the Emerald Trail watch the recorded video located on our Facebook page",NON-EVENT,1,https://www.sparcouncil.org/community_meeting_notes,826,131
"The mission of SPAR is to ensure Historic Springfield is a preferred place to live and do business by leading programs that drive the preservation, revitalization, and balanced growth of our community. Inclusive – We embrace diversity and inclusion in our organization, neighborhood, residents, and businesses and believe our differences make us stronger. Integrity – We hold ourselves to the highest standards of honesty and ethical behavior and make decisions that are in the best interests of the neighborhood as a whole. Visionary – We are driven today by the potential of what we can become tomorrow. Engaged – We recognize the importance of being actively involved with issues and programs that impact our community. Collaborative – We realize that better results are achieved when our communities work together. Resilient – We respond effectively, with flexibility and strength, to inevitable changes in local and global conditions.",NON-EVENT,0,https://www.sparcouncil.org/strategic_plan,939,146
"Members support our on-going mission to preserve and revitalize the Springfield neighborhood. Your membership enables our advocacy on behalf of our community. Memberships include access to , a set of discounts for our members provided by the generous support of local businesses, as well as access to our monthly newsletter, voting rights in our organization, and eligibility to participate on committees related to the work of our mission. Our standard memberships. Refer to our Preservation Memberships if you wish to support our work at a higher commitment level. Access to the SPAR Scoop, our monthly newsletter Voting rights in our organization Eligibility for participation on committees Family Membership ($50 per year) Some individuals and families wish to support our work at a higher commitment level. Preservation Memberships include the all of the benefits of a Family Membership, plus additional recognition for your contribution. Bungalow Membership ($125 per year) In addition to all Family Membership benefits, Bungalow Membership includes: Recognition in our newsletter and annual report Colonial Membership ($300 per year) In addition to all Family Membership benefits, Colonial Membership includes: 2 invitations to our Annual Gala Victorian Membership ($500 per year) In addition to all Family Membership benefits, Victorian Membership includes: Prairie Membership ($1000 per year) In addition to all Family Membership benefits, Prairie Membership includes: Business members receive unique benefits including access to our facade and marketing grants, preferred vendor status, and networking opportunities through our business association, the Springfield Area Business and Merchants Association. Please",NON-EVENT,0,https://www.sparcouncil.org/membership_redirect,1723,247
"The Springfield Area Merchants and Business Association (“SAMBA”) and Springfield Preservation and Revitalization Council, Inc. (“SPAR”), have established a Commercial Corridors Grant Program. Matching Grants are available to members of SAMBA for projects improving the appearance of commercial property located within the Springfield Historic District. The Grant Program will be administered by the Commercial Corridors Committee (“CCC”) of SPAR. The Grant Program is intended to cover improvements such as painting, awnings, signage, window and/or door replacement, lighting, landscaping, planters, street furniture, bicycle racks, and restoration of historic features (including removal of inappropriately applied facades). The property must be located in the Springfield Historic District. Applicant must be a member of SAMBA, at the time of application, at the time of award, and at the time of payment. Applicant must submit a grant application to the commencement of the proposed work. All improvements must meet any applicable ordinances of the City of Jacksonville, state and federal law and comply with all historical guidelines of the Springfield Historic District. The money is in the form of a grant, not a loan, and is available as follows: The grant is a 50% matching grant meaning that the applicant will pay one half the cost of the project, and the grant will fund a percentage of the remainder based upon the scoring matrix attached to this application. The minimum grant request is $250 and the maximum request is $5,000. Grant funds will only be disbursed after the project has been completed. If the applicant is not the property owner, the applicant must receive and present to the CCB prior written approval from the property owner for the project contemplated by the applicant’s application. If project requires Certificate of Appropriateness (“COA”)  from the Historic Preservation Section of the City of Jacksonville, applicant must submit the approved COA to the Committee. Applications will be reviewed by the CCC to assure that the project plans are consistent with the intent of the Grant Program. Following the review of the application, the CCC will make one of the following recommendations: 1. Approved; 2. Approved with Changes; 3. Approved with Partial Funding; 4. Denied. Please call 904-353-7727 or email Application for the Commercial Corridors Grant Program Scoring Matrix for the Commercial Corridors Grant Program The Commercial Corridors Grant Program is funded in whole or part by LISC Jacksonville and Wells Fargo.",NON-EVENT,0,https://www.sparcouncil.org/facade_grant,2560,392
"About the Springfield Historic District The Springfield Historic District is a neighborhood located north of downtown Jacksonville. It was established in 1869 and is the first of four federally designated historic districts in Jacksonville. Springfield was the first neighborhood established outside of downtown Jacksonville and was the most desirable place to live in Jacksonville after the Great Fire of 1901 left much of downtown in ruins. Springfield still retains much of its historic character and contains some of the best examples of late 19th and early 20th century architecture that the city has to offer. The Springfield Historic District is located north of downtown Jacksonville and east of I-95. The approximate boundaries of the Historic District are: 12th street to the North, 1st Street to the South, Boulevard to the West, and Ionia Street to the East. The Historic District is just under one square mile and contains approximately 1800 structures that are more than 75 years old. Springfield’s historic homes are built in a wide range of architectural styles. Some of the most notable styles are: Colonial Revival, Queen Anne, Victorian, Prairie School, Mediterranean and Bungalow. Springfield, like so many other urban neighborhoods in the United States, fell into a period of decline in the mid 20th century. After years of neglect, Springfield started to make a turn for the better in the latter part of the 20th century. That momentum has carried forward into the 21st century. Many of Springfield’s “grand old ladies” (as Springfield’s historic homes are affectionately known) have recently been renovated. Modern day Springfield is arguably one of the most attractive neighborhoods in Jacksonville, due to its beautiful architecture, gridded streets, walkability and bikeability, variety of parks, eclectic nightlife, unique restaurants, proximity to Downtown, abundant social events, and friendly neighbors. National, state, and local media have taken notice and highlighted our dynamic and growing community. People of all ages, races, sexual orientation and interests are drawn to Springfield and its historic homes. Residents of Springfield often move to the neighborhood for the beautiful architecture and convenience, but choose to stay because of the sense of community. Here, you know your neighbors: not just those on your block, but the ones who live all over the historic district. There are a wide range of groups and organizations for residents to participate in, from the mission-driven to the purely social. Springfield’s residents and organizations are passionately committed to preserving the historic character of the district, keeping the neighborhood safe and clean, and creating a vibrant community. Come and see what makes Springfield such a unique place. They sure don’t make neighborhoods like this anymore…",NON-EVENT,0,https://www.sparcouncil.org/neighborhood,2856,437
Our #SPARperks program includes a coupon book for members with discounts at local Springfield businesses. New coupon books are released annually. Members can visit the SPAR Office (1321 N Main) during normal business hours to pick up their coupon book or email their address to for porch delivery. (Porch delivery is only available to members living in Springfield.),NON-EVENT,0,https://www.sparcouncil.org/sparperks,366,58
"John Shermetaro, Immediate Past President",NON-EVENT,0,https://www.sparcouncil.org/board,41,5
"Springfield Preservation and Revitalization is a 501(c)(3) nonprofit organization. We are grateful to our donors and funders and are committed to responsible financial stewardship. To demonstrate that commitment, we an independent audit of our finances on an annual basis. Our Form 990 provides financial information about our work based on our annual independent audit. Our Form 990 can be accessed via the Check-A-Charity registry maintained by the Florida Department of Agriculture and Consumer Services. To find our most up-to-date, independently audited financial information, and search our registration number (#CH12588). FORM 990s - SPRINGFIELD PRESERVATION AND REVITALIZATION A COPY OF THE OFFICIAL REGISTRATION AND FINANCIAL INFORMATION MAY BE OBTAINED FROM THE DIVISION OF CONSUMER SERVICES BY CALLING TOLL-FREE  1-800-HELP-FLA (435-7352) OR ONLINE AT . REGISTRATION DOES NOT IMPLY ENDORSEMENT, APPROVAL, OR RECOMMENDATION BY THE STATE.",NON-EVENT,0,https://www.sparcouncil.org/financial_information,947,134
": 1321 N Main Street, Jacksonville, FL 32206 : Monday - Thursday, 10 AM - 2 PM",NON-EVENT,1,https://www.sparcouncil.org/contact_us,78,17
"Throughout Historic Springfield, one of the most beloved installations to be found is the collection of . The Little Free Library program started in 2009 in Hudson, Wisconsin with a small handful of libraries. In the eleven years since the first library was built, the Little Free Library network has grown to include over 100,000 registered libraries in over 100 countries worldwide. An estimated ten of those make their home in our one square-mile.",NON-EVENT,0,https://www.sparcouncil.org/little_free_libraries,450,74
"If there's one thing that we appreciate, it's the walkability between the Little Free Libraries. Neighbors can take an afternoon stroll and visit quite a few of them; simultaneously, dropping off and picking up reading material. SPAR is happy to support restocking the libraries. If you ever have books to donate, please feel free to swing them by 1321 North Main Street and we will disperse them. ⁠",EVENT,2,https://www.sparcouncil.org/little_free_libraries,399,68
"As you can see by the map above, Historic Springfield has at least one Little Free Library in every quadrant except the Northeast Quadrant (east of Main Street and north of 8th Street) of the neighborhood. We would love to see a neighbor take the challenge of establishing a Little Free Library in that quadrant. The steps to doing so are fairly easy. Potential stewards can either buy one from the or build one themselves, then register it buy . The last step would be adding your Little Free Library to the global map . As only three of our current libraries appear on the global map, we'd love if our other neighborhood stewards would consider adding their libraries to the map, too. Last but not least, special thanks to Margaret Taylor for designing many of the Little Free Libraries in the neighborhood!",NON-EVENT,0,https://www.sparcouncil.org/little_free_libraries,809,143
"Our neighborhood is a nationally and locally recognized historic district known as the Springfield Historic District. As a historic district, there are special rules to build, alter, or renovate properties in Springfield. Property owners are required to apply for a special permit, called a Certificate of Appropriateness (COA), before making exterior changes to their property, in addition to any other required permits such as a building permit. The rules that govern architectural design in the historic district are known as the Springfield Design Guidelines. These guidelines were formalized in 1992 and provide general recommendations for appropriate architectural design in Springfield. In addition to these guidelines, the City of Jacksonville Historic Preservation Section provides supplemental guidelines to address design elements in more depth. Property owners can use these materials to ensure their design choices align with historic district standards. Historic Preservation Guidelines for the Springfield Historic District (Supplemental material from the City of Jacksonville Historic Preservation Section) Properties in the Springfield Historic District that are considered architecturally significant are called ""contributing"" structures because they contribute to the historic character of the community. Both contributing and non-contributing structures require a Certificate of Appropriateness before building, alterations, or renovations can be performed, but the design guidelines are stricter for contributing structures. That said, even non-contributing and new construction properties require a Certificate of Appropriateness before beginning work on the property. JaxGIS Land Development Review maps to determine if a property is in the Springfield Historic District. Use to navigate the JaxGIS maps. The City of Jacksonville maintains the list of and is searchable by address. Each contributing structure has an accompanying survey. Springfield Preservation and Revitalization maintains original hard copies available for review and research by appointment or during business hours. Electronic copies are available for review and research through the for research assistance or to schedule an appointment to review the archives. Contributing structures in the historic district are the most protected. Non-contributing structures and new construction in the historic district are also protected. All properties in the historic district require a Certificate of Appropriateness before exterior alterations or new construction can commence. Although rare, some properties outside the historic district are protected via landmark status. (A map of the Springfield Historic District) All properties in the historic district require a Certificate of Appropriateness before exterior alterations or new construction can commence, including work on roofs, fences, doors, windows, siding, garages or secondary structures, sidewalks, driveways, curb cuts, etc. The Certificate of Appropriateness is in addition any other required permits such as building or utility permits. Please also note that many trees are protected and require special permits before removal. apply for a Certificate of Appropriateness through the City of Jacksonville Historic Preservation Section. Many minor modifications can be administratively approved; major modifications must be approved by a vote of the Historic Preservation Commission. The Certificate of Appropriateness Matrix Criteria provides guidance on which types of modifications qualify for administrative approval and which types of modifications require a vote of the Commission. for step-by-step instructions to apply for a Certificate of Appropriateness. Certificates of Appropriateness are public records and can be reviewed through the City of Jacksonville Land Use & Zoning Portal . Select ""Inquire Application"" and use ""Show Advanced Search"" to search by address. Springfield Preservation and Revitalization offers educational and technical assistance for researchers and property owners who are interested in making changes to the exterior of their home or property. Our Design Review Committee consists of planners, architects, engineers, and other professionals who can provide insight and support. Email for more information on research and technical assistance available through the Design Review Committee. The City of Jacksonville offers financial incentives for certain types of historic preservation projects: Historic Preservation Property Tax Exemption a limited time, partial ad valorem tax exemption on the added value to the property for property owners who complete an approved qualified improvement project. Restore Endangered Historic Adaptable Buildings (REHAB) Special Revenue Fund provides grant funds for the rehabilitation of certain historic properties that are income-producing, mixed-use or owned by a not-for-profit corporation. enforces property maintenance, safety, and zoning codes, including historic design rules, and inspects properties to confirm compliance with an approved Certificate of Appropriateness. To report a violation or request an inspection, call 904-630-CITY or use the for additional questions or support. We are happy to help with research and technical assistance.",NON-EVENT,0,https://www.sparcouncil.org/design,5282,728
"Celebrate 150 years of History at SesQ Park! SPAR Council works to preserve and build community in the Springfield Historic District. SPAR, a 501c3 tax-exempt non-profit organization, has served as a resource and advocate for our community since 1974. We facilitate improvements in quality-of-life and work to preserve the unique character of our neighborhood, engaging with city leaders and law makers, hosting popular public events, and helping residents directly. See a cause that's near and dear to you? . We'd love your help. . REGISTRATION DOES NOT IMPLY ENDORSEMENT, APPROVAL, OR RECOMMENDATION BY THE STATE. REGISTRATION #: CH12588",NON-EVENT,0,https://www.sparcouncil.org/,639,98
"Springfield is blessed with an abundance of parks in our 1x1 sq mile neighborhood, from large open green spaces to dedicated sports courts. Even a . Some of our most popular parks include the Springfield Park, Klutho Park, Liberty Park, and the ever-popular (inside Springfield Park). Residents and visitors have enjoyed these parks for over a century, and they hold much history. Warren W. Schell Jr. Memorial Park",NON-EVENT,0,https://www.sparcouncil.org/parks_info,415,68
"To report a problem or concern online, Zone 1 Office: (904) 630-8144 Our neighborhood is located in If having an issue with trespassers on your property, please fill out the Trash, Recycle & Yard Waste > For residents on the EAST side of Main Street, garbage, recycle, and yard waste pick up all come on Thursdays. > For residents on the WEST side of Main Street, garbage pick up is on Tuesdays, while recycle and yard waste comes on Thursdays. > Please note all recycle pick ups are EVERY OTHER week, so roughly twice a month. > Keep garbage separated from yard waste. Neither will be picked up if garbage and yard waste are mixed together. > Residents must report the location of car tires to be picked up to the city. Even if tires are sitting on the curb, they will not be picked up unless they are reported. > Garbage and yard waste placed in front of vacant lots or vacant homes is not automatically picked up. You must report the location to the city for pick up > If you see a property or area littered with garbage, report it to the city to be addressed. They will notify the owner to clean up the property or clean up the property themselves (after a period of time has passed). For more information about trash, recycle and yard waste, Know your disposal days for trash, yard waste and recycling. Keep your yard maintained with grass no higher than 15 inches. Knee high is too high. Report litter, illegal dumping or overgrown grass online at or by calling 630-CITY (630-2489). Animal Care & Protective Services There are three schools zoned for our neighborhood, and also two magnet schools in the neighborhood. Many children attend schools outside the neighborhood via (About 1 mile or less or away) (Less than a mile away) (About 1 mile or less away) <b><a href=“”https://www.onegeneric.com/product/buy-dapoxetine-90-mg-tablet-online-duratia-tablet"" rel=""nofollow"">https://www.onegeneric.com/product/buy-dapoxetine-90-mg-tablet-online-duratia-tablet"">Duratia 90mg</a></b> Slowly ease clinical studies of it in men with PE demonstrated that it was, for the most part, covered and all around taken with the dosing regimens employed. Latanoprost 0.005 eye drops viably brings down during the day and night with a once-daily organization. An expansion in the uveoscleral surge can clarify the decrease. The daytime impacts of Latanoprost on and uveoscleral outpouring are more articulated than the evening impacts.",NON-EVENT,0,https://www.sparcouncil.org/helpful_information,2424,392
"""THE MISSION OF SPAR IS TO ENSURE HISTORIC SPRINGFIELD IS A PREFERRED PLACE TO LIVE AND DO BUSINESS BY LEADING PROGRAMS THAT DRIVE THE PRESERVATION, REVITALIZATION, AND BALANCED GROWTH OF OUR COMMUNITY."" Since 1974, we have facilitated positive change in the Springfield historic district through a variety of roles and initiatives. Through the decades, these actions have taken different forms, from painstaking documentation to sweat soaked service. We're your neighborhood advocate. In 2016, SPAR is organized around five important themes:",NON-EVENT,0,https://www.sparcouncil.org/about_us,542,80
"— As Jacksonville's oldest existing neighborhood, circa 1869, Springfield contains a diverse catalogue of architectural styles and treasures. But it's not just the Victorian, Prairie School and Colonial Revival homes that make the neighborhood special; it's also the mature tree canopy and historic streetscapes that are worth protecting. Our Design and Review Committee provides expert advice to residents, developers and city officials alike on aesthetic design issues in the historic district, which help preserve our neighborhood’s unique character. In addition, we host annual Home Tours which showcase the neighborhood’s eclectic nature and encourage new restorations in the community.",EVENT,2,https://www.sparcouncil.org/about_us,691,98
"- By focusing on public safety, we have helped to create a more comfortable neighborhood environment. Our Block Captain program coordinates with residents and volunteers to tackle Neighborhood Clean Up projects and works closely with local law enforcement. But Quality-of-Life is so much more than that. Embracing our storied ""Emerald Necklace"" park system, hosting a variety of events, and making our streets pedestrian and bicycle friendly also add value to our neighborhood fabric. — We have partnered with the Springfield Area Merchants and Business Association (SAMBA) to support our existing businesses and encourage new business, both big and small, to take root in the neighborhood. Now a SPAR affiliate, SAMBA promotes our current businesses and can help guide those interested in setting up shop in Springfield. In addition, we use the Spar building not only as our home office but also as an incubator for a variety of small businesses. - Communication with elected representatives, state and federal agencies, and the City of Jacksonville is essential to ensure effective representation in issues impacting our neighborhood. Our Board and committee chairs make this a priority, and also spark residents to engage in the process when appropriate. - Through our e-newsletter, email updates, website, and social media platforms like Facebook, Instagram and Twitter, we inform and connect residents with local happenings and each other. By hosting office hours, returning phone calls, and answering email inquiries, we connect with residents, media, and the general public to provide valuable information and guidance. We take the responsibility of being a neighborhood resource seriously. and help Historic Springfield become the neighborhood you want to see.",NON-EVENT,0,https://www.sparcouncil.org/about_us,1768,269
"Zoo To You - Outreach Petting Farm, Wildlife, & Zoo Animals Holly Jolly Festival of Lights Cookies & Cocoa with Santa Makers Market & Kids Market Fun and Educational Group Outings ""We had a blast and plan to make Lucky Ladd an annual field trip."" ADVANCED REGISTRATION and PAYMENT REQUIRED. Accredited schools, preschools, year-round day cares, parent's-day-out programs and non-school youth programs who desire an educational outing at your own pace can register for a Self-Guided Tour of the Farm. We assign your group a time to catch a wagon ride,  but the rest of the day is an on-your-own adventure. $13 per person when paid by the group. $15 per person when paid by the group. (Teachers, paid staff and bus drivers are free.) During your visit you will have access to our most popular attractions. Animal feeding is included and groups may reserve picnic tables for a scheduled lunch at no extra charge. Self-Guided Tours may even request to observe an educational program if one has been scheduled on the day of your visit. Information regarding program availability and class times may be requested at check in. Get FULL Park access with UNLIMITED PLAY: This attraction operates at scheduled times throughout the day. All guests in your group must arrive and check-in at the same time. IS ADVANCED PAYMENT REQUIRED? WHAT IS YOUR CANCELATION AND/OR REFUND POLICY? Payments should be remitted at least seven days in advance of your scheduled tour. Cancellations must be made in writing at least 10 days in advance of tour date in order to receive a refund. After that time, no refund will be given. We do not accept voicemail messages for cancellations. To cancel email If Lucky Ladd Farms cancels your tour due to inclement weather or conditions beyond our control, we will contact you to reschedule and if that is not possible, a full refund will be issued.  If your tour is canceled, we will make every effort to reschedule during the season it was booked.  In the case of sprinkles, light rain or cold, we continue tour activities and ask guests to come prepared. DOES OUR GROUP NEED TO PAY FOR PARENTS OR CAN THEY PAY SEPERATELY AT THE GATE? To guarantee entry with your group and qualify for the Self-Guided Field Trip Rate, groups must pay for all guests with a single payment. This means you must pre-collect fees from any tour guest (students, parents, siblings or other) that will be joining your group. ARE TEACHER RESOURCES FOR OUR CLASSROOM AVAILABLE? Yes. We are pleased to offer grade-level appropriate Power Point presentations, worksheets and activities for most of our educational program topics. Upon scheduling your field trip, you will receive a password allowing you to download the appropriate packet for your educational topic found on our Yes. You can pre-order lunch for staff, parents or even your entire group and it will be ready for pick-up at your scheduled lunch time. To view our menu and order form, I HAVE A STUDENT THAT HAS A SEASON PASS. CAN THEY USE IT FOR OUR FIELD TRIP? Sorry, all field trip and farm tour admissions for both adults and children are excluded from use with a season passes. WHAT HAPPENS IF IT RAINS, OR RAIN IS FORECAST FOR THE DAY OF OUR VISIT? The Farm generally remains open during periods of light rain. If there is a high probability of heavy storms on the day of your visit, then you may request to reschedule your field trip for another day up to 24-hours in advance of your visit. Please with further questions or  reschedule requests. Be sure to include your booking number. ARE THERE ANY ACTIVITIES NOT INCLUDED WITH A SELF-GUIDED FIELD TRIP? Self-Guided Tours include access to most popular attractions with unlimited playtime. Please note that certain activities only operate at set times throughout the day such as the tractor train and pony rides. Also remember, Self-Guided Tours are assigned a specific time to take the wagon ride and eat lunch if tables were requested. Fees for all add-on activities such as the pony rides and gem mining still apply. CAN PARENTS TAKE STUDENTS TO THE PONY RIDES DURING A SELF-GUIDED TOUR? Yes. Pony rides are $6 per ride. Pony rides operate on set intervals throughout the day. Operation times are posted at admissions and at the attraction. Certain restrictions for height/weight apply. Attraction is weather dependent. DO SELF-GUIDED GROUPS NEED TO STAY TOGETHER AFTER CHECK-IN OR CAN WE SPLIT UP? Though it is not required, for the best experience, we suggest all guests on a Self-Guided Tour remain with your group throughout the duration of your visit. Please remember, Self-Guided Tours are assigned a specific time to take the wagon ride and eat lunch if tables were requested. ARE ADDITIONAL DISCOUNTS AVAILABLE FOR TITLE ONE SCHOOLS? Yes. Title One schools receive $2.00 off each student's admission rate. The price adjustment is reflected in your total at the time of making your online reservation. qualify for the additional discount. WHO QUALIFIES FOR A TOUR BONUS SUCH AS THE PUMPKIN? Children (Ages 2-12) that are paid for by the school (or group) qualify for a bonus gift with tour. They receive a coloring book in the spring/summer, and pumpkin in the fall. Any guest, regardless of age, whose admission is paid for separate from the school at the main admission gate will not qualify for a tour bonus. PETTING FARM & ZOO. PONY RIDES. FAMILY FUN PARK. NATURE & WILDLIFE TRAILS. FARMtastic EVENTS. TULIPS. STRAWBERRIES. SUNFLOWERS. PUMPKINS. LIVESTOCK PRODUCER. Admission ends 1-hour prior to closing. Be the first to know! Receive information about upcoming events and exclusive offers! Notifications regarding weather related closings are posted on our as they occur. We encourage you to check before you come if it has recently rained or if rain is forecast for our area. Buy tickets online in advance. Ticket availability is not guaranteed at the gate. © 2025 Lucky Ladd Farms, Inc.",NON-EVENT,0,https://luckyladdfarms.com/self-guided-field-trips.html,5916,999
"Centrally located minutes from Nashville, Franklin and Murfreesboro TN. ""Best Farm in Nashville to take kids and spend the day!"" Admission ends 1-hour prior to facility closing. Hours of operation vary throughout the year. Please verify scheduled hours for the day you plan to visit. Lucky Ladd's is centrally located in middle Tennessee with a short drive south of Nashville and only 15-minutes from Franklin or Murfreesboro at: 4306 Rocky Glade Rd., Eagleville, TN 37060 FROM: East Nashville, Murfreesboro and Chattanooga From I-24: Exit TN-99 W (#80) towards Eagleville/Chapel Hill. Follow 9.4mi and turn right onto Lowe Ln. Follow 1.5mi to Old Jackson Ridge Rd N. Continue onto Rocky Glade Rd for 1mi and the Farm is on the left. FROM: West Nashville and Franklin From I-65: Exit TN-96 (#42) for Franklin/Murfreesboro. Head east on TN-96 towards Murfreesboro. Follow 10.5mi and turn right onto US-41A S. Follow 3.4 mi and take slight left onto US-41A S. Follow 2.4mi turn left onto Rocky Glade Rd. Continue onto Rocky Glade Rd for 4.2mi and the Farm is on the right FROM: Mt Juliet & Lebanon -or- Columbia & Spring Hill From 840: Exit US-41A S (#42) towards Shelbyville/Lewisburg. Follow 3.4mi and take slight left onto US-41A S. Follow 2.4mi turn left onto Rocky Glade Rd. Continue onto Rocky Glade Rd for 4.2mi and the Farm is on the right.",NON-EVENT,0,https://luckyladdfarms.com/hours-directions.html,1346,227
"Zoo & Wildlife Animal Park NEAR NASHVILLE, FRANKLIN, & MURFREESBORO, TN Middle Tennessee Zoo and Animal Encounters Voted ""Favorite Place to Take Kids"" in Nashville and Murfreesboro! KidsOutandAbout.com, Ruthie Awards, Nashville Parent Magazine Zoo & Wildlife Animal Farm Welcome to Lucky Ladd Farms, a beloved and award-winning family-owned destination for  agricultural and  wildlife education in Middle Tennessee. Since 2009, we've been dedicated to providing unforgettable animal encounters and educational experiences to guests from Nashville, Franklin, Murfreesboro, and beyond. Our farm is more than just a petting zoo; it's a journey into the heart and mind. Our goal has always been to reconnect guests to the natural world around them through meaningful experiences and education, making us a top choice for those seeking a wildlife   park near Franklin or a family-friendly zoo experience in the Nashville area. View our gallery to a catch a glimpse of some of the animals waiting for you at Lucky Ladd's petting farm, zoo, and wildlife animal park. New habitats are under construction for additional farm animals, amphibians, reptiles, aquatics, and wildlife. Take a sneak peek of a few new species that will be joining our animal farm zoo family very soon!",NON-EVENT,0,https://luckyladdfarms.com/nashville-tn-zoo-wildlife-park-animals.html,1268,196
"Located in Greater Nashville area, near Franklin and Murfreesboro TN. ""#1 Place to Take Kids"" in Nashville & Murfreesboro ""FAVORITE Kid-Friendly Farm"" 7-Years in a Row! Fill Your Year With Fun Memories! 2025 Season Passes Now Available Enjoy unlimited visits to Lucky Ladd Farms Fun Park and Petting Zoo with a Season Pass. ""like the Disney World of farms... Such a gem!"" Brimming with fun, wonder and adventure! Lucky Ladd Farms offers acres of entertainment for all ages. Visit Tennessee's LARGEST petting farm with hundreds of friendly critters: encounter farm livestock, wildlife, and exotic animals in our zoo. Explore nearly 60-acres of  activities that are fun for the whole family including playgrounds, mega slides, wagon rides, games, and much more. Nearly two-dozen equine live at the Farm. Little cowboys and cowgirls can saddle-up for a ride on one of our beloved ponies or donkeys. Flutter with excitement as you walk through our free-flight aviary with hundreds of budgies and feathered friends. Feed the parakeets tasty seed stick treats straight from your hand. Embark on an unforgettable adventure with the addition of an special animal encounter! Our exotic encounters provide you with a unique experience and intimate opportunity to meet one of your favorite Animal Ambassadors, up close and personal. Reserve your spot today - spaces are limited. Fun Events and Things to Do Visit Lucky Ladd Farms for a springtime experience in Middle Tennessee like no other with lots of fun events to choose from. Named ""FAVORITE Place to Take the Kids"" Lucky Ladd's is a ""MUST DO"" on your bucket list for a unique and entertaining day-trip near Nashville, Franklin, Smyrna, Nolensville, Spring Hill, Mt. Juliet, Shelbyville, Manchester, and Murfreesboro TN. Order a basket of juicy, ripe strawberries, as fresh and as sweet as they come, picked just for you. An enchanting event filled with fun. Imagination takes center stage with our magical live unicorns, inflatable dragons, and strolling pixie fairies! Select Days - June 5 to August 31 Join us for Splash Days! Cool off in the splash pad, bubble blast, and inflatable water slides. Don't forget kids swim wear, swim diapers, and towels! June 19 - July 27 Enjoy an immersive Butterfly Experience with hundreds butterflies to observe, encounter, interact with, and feed! PLUS daily pollinator releases. Estimated: June 19 to July 20 Experience over 300K beautiful sunflowers in our fields of gold. U-pick and pre-picked bouquets available. Stunning photo opportunities! Picnics, Parties, Reunions, Team Building & More Why Should Kids Have All The Fun?",NON-EVENT,0,https://luckyladdfarms.com/index.html,2614,418
"Petting Zoo & Pony Rides Fall in Love with Tennessee's ""The best petting zoo and animals hands down!"" Lucky Ladd Farms is home to the largest petting farm attraction of it's kind in Tennessee featuring hundreds of friendly farm animals and exotic livestock. You will learn about a variety of domesticated farm animals and enjoy unique live animal encounters. Our interactive approach is fun for young and young-of-heart alike! Get up-close and personal to pet, snap selfies, love and hug our sweet animals in Lucky's Barnyard Petting Zoo featuring the friendliest sheep and goats around. In the Lucky's Barnyard area you'll also see cows, llamas, alpacas, horses, donkeys, chickens, turkey, pea-fowl, rabbits and more! Trips through the Barnyard and to the petting farm are included with admission. However, guests may enhance their experience with purchases of a souvenir cup of animal feed and lettuce treats. Be sure to review our tips below on how to have ""Safe Interactions with Animals"" and hand-washing. Animal feed is $6 per souvenir cup, with $4 refills. Lettuce treats are $2 each. To see a full list of animal species found at Lucky Ladd Farms please visit our Optional Add-on Activity Fee: $6.00 Per Ride Let your little one enjoy this classic recreational entertainment that children have loved for years and helps keep our equine in tip-top shape. Over 20 miniature horses, donkeys, and ponies are proud to call Lucky Ladd Farms their home; and they're eagerly waiting for your doting affection. So let's get saddled up for ride that's sure to be a highlight in your child's day! Children are safely led around a pony carousel in a fenced enclosure by a trained attendant. Parents may be asked to assist children depending on their size and abilities. Riders must be under 4' tall and weigh less than 75-lbs. Attraction operates on timed schedule. Healthy animals and bugs may naturally carry diseases that can make you sick. These are known as zoonotic diseases. While this list is not all inclusive, some of the most common zoonotic diseases and their carriers include: Lyme disease and Rocky Mountain spotted fever, which you can get from a tick bite. West Nile virus, which you can get from a mosquito bite. Salmonella infection, which you can get after handling a baby chick, chicken, bird, duck, frog, turtle, or snake. E. coli and Lysteria infections, which you can catch if you touch almost any type of living animal, but are most often associated with cows, sheep, and goats. Bites and direct contact with animals are not the only way diseases get transmitted. You can also accidentally come into contact with germs by touching surfaces in or around a petting zoo, animal living quarters, or any other area where animals or their feces have been in contact. These types of germs most often are shed in an animals feces and then people become sick by accidentally consuming them by putting fingers or other objects in their mouths. Thankfully, there are things you can do to help protect yourself, your children, and others from contracting a zoonotic diseases. Closely supervise children in animal areas. Avoid putting things in your mouth when in or around animal areas. No food, drinks, baby bottles, pacifiers, toys, or strollers should be in animal areas. Wash your hands for at least 20 seconds after being around animals or animal areas. Hand-washing sinks are located at the entrance/exit-ways of Lucky's Barnyard and at nearby restroom facilities. Additionally, hand-sanitizing stations can be located throughout the facility. Hand sanitizer should only be used as a supplement to preventative measures until you can wash with soap and water, as sanitizer does not effectively remove all dirt and debris from hands. Properly sanitize any personal belongings such as shoes, strollers and clothing to kill germs that might have been transferred through contact with animals, their bedding, or surroundings. Protect yourself from bug bites by using repellent on skin not covered by clothes or shoes. Check for ticks after you've been outdoors. It's important to remember that anyone can become sick from a zoonotic disease, including healthy people. However, some people may be more at risk than others and should take steps to protect themselves or family members. These people are more likely than others to get really sick, and even die from infection with certain diseases. These groups of people include: People with weakened immune systems",NON-EVENT,0,https://luckyladdfarms.com/nashville-tn-petting-zoo-pony-rides.html,4473,734
"Awarded #1 - Tennessee's Best Corn Maze. ""Worth the drive...my boys love getting lost in the maze!"" Fun things to do in Nashville and around Middle TN this fall means a visit to Lucky Ladd's Corn Maze. Voted as ""Tennessee's #1 Corn Maze"" eight years in a row, and nominated as one of the ""Top Ten Best Corn Mazes in the United States"" by USA Today for 2024. Discover a new challenge as we design a brand new maze for you to explore in the cornfield year after year. Average time to complete the corn maze is 30 minutes (if you don't cheat!). The 2025 Corn Maze design will be revealed in August. Plan early, this event has a high likelihood to sell out! The Corn Maze is open during standard farm park operating hours from Sept. 20 through Oct. 31, and included with all admission ticket options. Do NOT make your own paths. This ruins the experience for other guests. Picking and throwing corn are both prohibited. Adult supervision required for children under age 12. There is a $750 fine for any damage or vandalism caused to the corn maze field by a guest. This includes cutting through areas that are not a designated walkway. The corn maze field is under camera surveillance.",NON-EVENT,0,https://luckyladdfarms.com/nashville-tn-corn-maze.html,1181,214
"Middle Tennessee's Destination for Family Fun - five years in a row! More to see and more to do ...Lucky Ladd's offers for all ages. Here's a little sampling of our most loved attractions: Animals, Fossils, & Nature Exhibits These seasonal activities are only offered during late-September through October for our ""Fall Family Fun Fest:"" These activities  operate at scheduled times throughout the day. We are working to make our playgrounds more inclusive. Some activities are wheelchair accessible, including but not limited to: petting zoo, duck races, sand dozer, gem mining, sound garden, corn maze and wagon ride. In addition, there is a support swing available on the playground. All activities are weather permitting. A few attractions have restrictions based on height/weight such as Pony Rides and Toddler Town area.",NON-EVENT,0,https://luckyladdfarms.com/things-to-do-with-kids-family-attractions-nashville-tn.html,826,130
"Delicious meals, treats and drinks. ""Lemonade is BEST EVER ...prices are reasonable too."" From our piping hot pizza's to our sweet and salty kettle corn and a whole lot in between, Lucky Ladd's offers a great selection of family favorites sure to satisfy the pickiest appetite. Our meals are cooked to order to guarantee quality food at an affordable price. Individual, kids and family-size meals will help keep you on-budget. Save room for a coffee, ice cream, or dessert from the bakery... it's our specialty! Our team stays busy cooking up some of the yummiest treats around. Dining venues operate based on seasonality and anticipated crowd size. Please review a sampling of menu options and operating hours for our primary food stand below: Opens when admission gates open. Closes 30-minutes prior to farm closing. Giant Bavarian Pretzel with Beer Cheese Dip Crispy Chicken Tenders with Fries Monterey Chicken Sandwich with Fries Apple Bacon Gouda Sandwich with Fries Chicken Salad Sandwich with Fries Hot dog with apple sauce and juice drink. Includes 14"" large pizza and four drinks. Fresh Baked Bars and Brownies Dip Topping Flavors: Chocolate, Peanut Butter, Confetti (Choice of any fountain soda) Blue Raspberry, Dreamsicle, Sour Apple, Wild Cherry - $3.99 Strawberry with Real Fruit - $4.99 Flavored slushee layered with vanilla ice cream. - $5.99 Cookies & Creme', Cotton Candy, Strawberry, Cinnamon Bun Pepsi, Diet Pepsi, Mountain Dew, Starry, Orange Crush, Root Beer, Gatorade, Kid's Juice, Water Pepsi, Pepsi Zero, Mountain Dew, Starry, Orange Crush, Root Beer, Dr. Pepper, Gatorade Menu items and pricing subject to change. On-site pricing prevails.",NON-EVENT,0,https://luckyladdfarms.com/dining.html,1664,263
"Save the Date! Family-friendly events you won't want to miss. More exciting events are being added so check back often! Apr 17 to June 1 If you haven't had fresh Tennessee strawberries, then you are missing out! Tennessee strawberries are a bit smaller but much sweeter than store bought berries. Strawberries are typically in season from mid-April through late-May but the season can vary depending on the weather. In 2025, we will offer baskets of fresh picked berries. You can order online to pick up your berry basket Thursday through Sunday from 9am-5pm. Any extra baskets remaining will be available in our Farm Store for walkup shoppers and Farm Park guests while supplies last. We will share updates and availability throughout the season on our Facebook and Instagram pages. Step into a world of magic and marvel in Nashville, TN! Encounter our majestic unicorns, grand dragons, and joyful pixie fairies strolling about the Farm. Each visit promises a unique experience for children with exclusive meet-n-greets with our very own spellbinding live unicorns. June 5-August 3: Open Thursday-Sunday August 9-31: Open Saturday/Sunday only Splash Days are water-filled days of fun! Let your kids beat the heat as they play in the splash pad, get lost in a sea of foam in the bubble blast, or zoom down inflatable water slides. Remember to pack the essentials: kids swim wear, swim diapers, and plenty of towels. And don't worry, we've got a convenient changing station ready for you. Tennessee Butterfly Experience - Encounters & Releases Entry to butterfly observation house included for all. Butterfly feeding and releases extra. Enjoy an immersive experience with hundreds butterflies to observe, interact, and and even feed! Butterfly releases offered daily while supplies last. June 19 - July 20 Field access included with Season Pass. Flower picking extra. Agricultural Product - Bloom dates not guaranteed. We've planted over 200,000 sunflowers along with tens of thousands of zinnias to bring you a stunning flower field experience this summer. Pick-your-own field updates and bloom statuses are shared on our Facebook & Instagram pages as flowers become available. Event & field access included with Season Pass. Flower picking extra. Agricultural Product - Picking dates not guaranteed. Pups in the Park - dog friendly days. The Tennessee Sunflower Festival is a spectacular event scheduled to take place during the estimated peak of sunflower and zinnia season. The festival features over 50 hand-picked artists and craft vendors, live acoustical entertainment by up-and-coming area artists, amazing food, and fun activities for the entire family all set against a field of golden sunflowers and vibrant colorful zinnias. Event access included with Season Pass. Donation appreciated. Community Appreciation Day is the Farm's way of saying thank you to our Tennessee community for all your tremendous support you show us throughout the year while also helping out our own local food bank. As part of Community Appreciation Day, Lucky Ladd Farms is offering FREE admission to each Tennessee Resident that brings in select nonperishable food items to donate. Eligible items include: jars of peanut butter, canned soup, canned stew, canned vegetables, canned fruit, canned beans, canned fish, canned chicken, pasta, rice, or 12-count pack of Ramen Noodles. Canned items should be 14-ounces or larger. Items must be in date and have at least a 14-day shelf life remaining. REDEEM DONATION AT GATE FOR ENTRY Job Fairs for Seasonal Employment Walk-ups welcome, but pre-applying online in advance is preferred. Be part of the fun during our busy fall and Christmastime seasons! Join our team and help make the magic happen. Submit your application and sign up to interview with a manager at one of our upcoming Hiring Fairs today. We are conducting interviews on Get your hard hats on and gear up for some big fun! A mini construction zone will be ready for exploration. Kids can help operate and maneuver real mini-excavators, digging, moving, and dumping dirt. Climb on and check-out real life equipment from a variety of sponsors ready to show off some of the coolest heavy machinery and tractors around. Plus, hands-on activities centers let kids practice skills of trade with hammers, power drivers, plumbing challenges and more. It's a day of building fun! Included with Season Pass. Advance reservation required. Join us on this special evening as we open exclusively for our 2025 Season Pass Members. Most standard attractions will be open to enjoy along with with some special activities and treats! Advance Reservation Required by Sept. 17, 2025. Pumpkin Patch & Corn Maze Included with Season Pass. Pumpkin picking extra. Plan early. High likelihood of sell out during October. Middle Tennessee's favorite fall family tradition, make your way down to the Lucky Ladd Farms to enjoy all things fall during our famous pumpkin patch and corn maze season. Frequently recognized as a ""best of"" event in Tennessee and across the United States, a visit the Lucky Ladd's is the don't miss fall event perfect for families, friends, and groups of all sizes. Event access included with Season Pass. Pumpkin picking extra. The Fall Family Fun Festival is an acclaimed annual event celebrating the beautiful start of Tennessee's autumnal season. Festival highlights include an arts and crafts show, live performances by up-and-coming musical artists, flavorful foods, pumpkin picking, a corn maze, and fun activities for the entire family all set against a charming backdrop fall on the farm. Scout Day - Fall Outing Can visit this day with season pass, but this event is NOT included with Season Pass Area Boy Scouts and Girl Scouts, along with their families are invited to join us for Scouts Day at the Farm. All Scouting organizations will participate in a community service project. Scouts can enjoy a variety of special activities designed to earn merits and matches that align with their organizational programs. Advance Reservation Required by Oct. 2, 2025. Discount tickets with 2025 Season Pass. Immerse yourself in the magic of the holiday season at Lucky Ladd Farms dazzling walk-through Christmas light attraction. This festive experience invites you to stroll through a wonderland of twinkling lights, spectacular displays, and themed areas that bring the spirit of Christmas to life. Perfect for families, friends, and individuals alike, each step reveals a new sight, from shimmering tunnels to animated scenes that capture the joy and wonder of the holidays. Just a friendly reminder Lucky Ladd's Farm Fun Park and Petting Zoo are closed for winter. 6, 13, 14, 20, 21 Bring the family for a personal visit with Santa and snap photos to remember the moment. While here, enjoy decorating a cookie, a cup of hot cocoa, shopping, along with many festive sights and sounds of the holiday season. Just a friendly reminder Lucky Ladd's Farm Park and Petting Zoo are closed for winter.",NON-EVENT,0,https://luckyladdfarms.com/events.html,6998,1126
"Bring your well behaved pup to the Holly Jolly Festival of lights to snap photos with Santa Claus. Pups will receive a special treat if they are on the ""Nice List."" Santa will sit for photos from 5:30 PM - 8:30 PM on listed dates. Tickets to attend Holly Jolly Festival of Lights required for entry.",EVENT,2,https://luckyladdfarms.com/events.html,299,56
"Meet the Green Grouch at the Holly Jolly Festival of Lights for a fun photo and let your heart swell with joy! Appearances from 5:30 PM - 8:30 PM on listed dates. Meet Rudy the Red Nosed Reindeer Meet the Red Nosed Reindeer at the Holly Jolly Festival of Lights for a heart-warming hug and to snap a silly photo! Appearances from 5:30 PM - 8:30 PM on listed dates. Get into the holiday spirit with a festive greeting and photo with Frostbite our lovable snowman at the Holly Jolly Festival of Lights! Appearances from 5:30 PM - 8:30 PM on listed dates. It's a magical meet and greet with Santa's very own mischievous Elf himself at the Holly Jolly Festival of Lights! Appearances from 5:30 PM - 8:30 PM on listed dates. Mar 15 - April 13 Tulips: You-Pick Fields & Display Garden Season Field access included with Season Pass. Tulip picking extra. We've planted over 1-MILLION tulips to create the largest tulip farm experience in the southeastern United States. Pick-your-own field updates and bloom statuses are shared on our Facebook & Instagram pages as flowers become available. UPDATE: Tulip fields will be open for final days of picking tulips April 10-13, but they've gone through peak bloom and the fields won't be desirable for photos. Tulip bulb dig days will begin April 17. Event & field access included with Season Pass. Plan early. High likelihood of sell out. The Tennessee Tulip Festival is a highly anticipated annual tradition scheduled to take place during the estimated peak of tulip season. The festival features high-quality arts and crafts vendors, live music by up-and-coming area artists, great food, hot air balloons, and fun activities for the entire family all set against a stunning backdrop of over 1 million tulips. Update: Hot air ballons have been canceled due to high winds, as they are not able to launch. Breakfast with the Easter Bunny Discount tickets available with Season Pass. Advance reservation required. Tickets not available at gate. Egg Hunts with the Easter Bunny It's one of the most EGG-CITING events of the year! Join the Easter Bunny for special Easter time activities around the Farm. Kids will love the egg hunt and come home with an awesome prize pack; plus, entertaining crafts, baby animals, and more! It's a fun-filled tradition that you can enjoy with the whole family. Agricultural Product - Dates subject to change. ""Dig Day"" ticket required. Buy online for $25, or on-site for $30 $10 discount with Season Pass. Members pay $20 on-site. As the tulip season comes to an end, join us as we glean the fields in preparation for our next crop. You may dig up as many tulip bulbs as you like to take home and plant in your own gardens for flowers next spring. Event & field access included with Season Pass. Strawberry picking extra. The Strawberry Jam Festival celebrates the peak of strawberry season in Tennessee. The festival features a makers market with hand-made crafts and goods, live music by local artists, and a variety of strawberry-themed treats. Attendees can also compete in amusing pie-eating contests and the homemade strawberry jam competition. Fresh picked strawberries will be available for purchase online, extras will be available at the farm store while supplies last. It's sweet fun for kids and adults alike! May 3 - activities cancelled due to severe weather expected in our area throughout the day. May 4 - open as scheduled. Spring into fun with a special two-week opportunity to meet some of Lucky Ladd's adorable baby farm animals up close. Pet, cuddle, and love a variety of adorable baby farm animals. Perfect for families and animal lovers, this limited time event offers unforgettable photo opportunities and heartwarming experiences. Donâ€™t miss out â€“ buy your tickets now and create cherished memories with your family and friends!""",NON-EVENT,1,https://luckyladdfarms.com/events.html,3826,643
"A great value for hours of entertainment with your family and friends. ""...Loads of entertainment at a very reasonable price!"" Each ticket admits one person age two and older. Pricing varies by day and demand. March - August Ticket Rates & Options Age 23 Months and Under September - October Ticket Rates & Options November - December Ticket Rates & Options Holly Jolly Festival of Lights Event: 2024 Season Pass Members save $4 off standard general admission tickets on Thursdays through Sundays, and $2 off on Wednesdays when you buy tickets online. No discounts available at the gate. Ticket valid for single-day  admission on exact date and time selected. In order to provide a fun and safe visit for our guests we utilize timed ticketed entry and are unable guarantee ticket availability to walk-up purchases at gate should we sell-out online in advance. Buy online & SAVE $6 per ticket. Tickets not guaranteed to be available at the gate! We accept cash &  most credit cards. All sales final - NO  refunds. Animal Feed: $6 souvenir cup Pony Rides: $6 per ride Rabbit and Tortoise Feeding: $2 each Face Painting & Temporary Tattoos: $6-$15 Lucky Ladd offers $4 off general admission tickets for military personnel and their immediate family when they present their military ID at the ticket gate. Discount not available online at this time. During the months of September & October you will need to email to schedule your visit at least 7 days in advance as we often sell out in advance for the most popular times. If you are a school group, click here to schedule a school field trip. Any non-school group purchasing 20 or more tickets with one payment qualifies for a group discount. Tickets required for all guests ages 2+. November-December (Holly Jolly Festival of Lights): $14 Group rate availability varies by season and is not available all days of the week. We utilize timed ticketed entry and are unable guarantee admission to walk-up purchases at gate should we sell-out online in advance. Buy tickets online in advance to guarantee entry. We are unable to offer tax-exempt purchasing through our online system. Should your organization qualify for tax-exempt status email your tax-exempt form, along with your preferred date to visit and arrival time to Prices subject to change without notice. Tickets subject to TN sales tax. Online ticket processor fees apply.",NON-EVENT,0,https://luckyladdfarms.com/pricing.html,2380,398
"Nashville's Immersive Butterfly Encounter Experience A New Butterfly Experience in Tennessee TICKETS AVAILABLE ONLINE OR AT GATE June 19 through July 27 Step into a world of enchantment at Lucky Ladd Farms' Butterfly Festival! Immerse yourself in the mesmerizing beauty of these delicate creatures as you embark on an unforgettable Butterfly Experience. Prepare to be captivated by hundreds of butterflies fluttering around, providing a breathtaking spectacle that will leave you in awe. Our immersive Butterfly Encounter allows you to get up close and personal with these magnificent creatures. Observe their intricate patterns, vibrant colors, and graceful flight as they dance through the air. A visit to our butterfly house is included with admission during the Butterfly Festival. A highlight is sure to be our thrilling LIVE Butterfly Releases. Be part of the magic as we introduce a variety butterfly species into our flower fields. Releases are held daily so you can be a part of setting these regal pollinators free. It's an experience that will fill your heart with wonder and delight.	To ensure your participation in the butterfly releases, butterflies are available for purchase in advance through our convenient online ticketing site. Please note that a limited number of butterflies will be sold on-site, however, we cannot guarantee availability so we encourage you to pre order to avoid disappointment. Kindly note that admission to the farm is not included and must be purchased separately to participate in this incredible event. Inside our butterfly house, you'll have the extraordinary opportunity to be in close proximity to a variety of butterfly species. Marvel at their grace and delicate beauty as you witness them in all their splendor. You can enhance your butterfly encounter with the purchase of a nectar stick which they love to feed on. Our knowledgeable experts will be on hand inside the house, ready to answer all your questions and share fascinating insights about the butterflies. You'll even have a chance to see adorable baby caterpillars and learn about the wondrous life cycle of these fascinating beauties. Don't miss out on this unforgettable experience with butterflies at Lucky Ladd Farms' Butterfly Festival. Book your tickets online now and prepare to be swept away by the enchanting world of these marvelous creatures. Release a Butterfly - $6 Feed a Butterfly - $2 The Tennessee Butterfly Experience is offered June 19 - July 27 Advance ticket purchase strongly recommended. Ticket availability is not guaranteed at the gate. Season Pass Members do not require advance reservations and may purchase butterflies to release on-site.",NON-EVENT,0,https://luckyladdfarms.com/nashville-tn-butterfly-festival.html,2678,422
"Educational outing for students ages 4-12. ""We had a great time and will definitely be back in the spring!!"" Homeschool days are for both individual homeschool families and organized homeschool groups. We offer engaging programs including live educational presentations, hands-on activities and more to help homeschool students ages 4-12 develop an understanding and appreciation of the natural world and agriculture.",NON-EVENT,0,https://luckyladdfarms.com/middle-tn-homeschool-field-trip.html,417,60
May 22 - Lesson Schedule 11:30 PM - Baby Animals and their Parents,EVENT,2,https://luckyladdfarms.com/middle-tn-homeschool-field-trip.html,66,13
"Compare how baby animals are alike yet different from one another; then match the babies to their mothers and examine their similarities. 12:30 PM - Flower Power Kids learn about the life cycle of a sunflower, what makes it grow and then they plant a seed to take home. 1:30 PM - Phenomenal Fossils Glade fossils are explored on a tour into the Cedar Glades where kids see fossils found on the farm and learn how they got there. (The educational presentation is included but guests may also opt to purchase a bag of fossil mining rough for an added hands-on activity for $12.00.) Sept. 25 - Lesson Schedule 12:30 PM - The Pumpkin Circle From planting to harvest, students learn about pumpkins, their history, the different species, foods produced and then play a fun, interactive game.",NON-EVENT,1,https://luckyladdfarms.com/middle-tn-homeschool-field-trip.html,785,137
1:30 PM - Animals Around Us,EVENT,2,https://luckyladdfarms.com/middle-tn-homeschool-field-trip.html,27,6
"Kids learn about the origins of domestic farm animals, wildlife in the forest, tracking wild animals while exploring the farm from the barnyard to the nature trail. This activity ends with a guided tour to a habitat exhibit where students discover hidden animals that live there. Explorer guide included. 2:30 PM - From Egg to Chicken Kids learn about the development of a chick inside the egg and its life after it hatches. Includes FULL access with UNLIMITED Play to: May 22 - $13.00 per person Includes farm themed coloring book for each paid child Sept. 25 - $15.00 per person Includes Corn Maze attraction for all and a field trip variety pumpkin for each paid child the Friday preceding scheduled event, or when sold out whichever comes first. The educational lessons provided at specific times are exclusively offered to Homeschool Day participants; however all other farm activities are open and available to the public and other field trip groups throughout the day. Ticket sales close when sold out or the Friday before the scheduled event, whichever is first. Prices do not include applicable taxes. Tax exempt organizations must provide copy of exemption certificate. No minimums - bring one, bring all! A ticket is required for all guests age two and older to participate in this event. Educational events prohibit use of season passes.",NON-EVENT,1,https://luckyladdfarms.com/middle-tn-homeschool-field-trip.html,1349,224
"Weather-influenced cancellations will be made by 8:00 AM on date of event. Should it be necessary to cancel due to inclement weather then Homeschool Day will be rescheduled to May 23, 2025 for Spring event, and September 26, 2025 for Fall event. All sales final, tickets non-refundable.",EVENT,3,https://luckyladdfarms.com/middle-tn-homeschool-field-trip.html,286,47
"Helpful information for a fun and safe visit. ""This place gets better and better every year!"" Please review the following USDA licensing and Tennessee liability warnings that apply to Lucky Ladd Farms.",NON-EVENT,0,https://luckyladdfarms.com/liability-disclosures.html,201,32
"We care about the health, safety and quality of life of our animals. As required by the United States Department of Agriculture, Marketing and Regulatory Programs, Animal and Plant Health Inspection Service for Animal Care, under the Animal Welfare Act - Lucky Ladd Farms is a licensed and inspected facility as a Class C Exhibitor. License #63-C-0264.",EVENT,2,https://luckyladdfarms.com/liability-disclosures.html,352,57
"The Tennessee Wildlife Resources Agency has inspected and issued permits for Lucky Ladd Farms to legally possess certain wildlife species according to Tennessee Code Annotated for Exotic Animals. Type 160. Permit #37814878. WARNING. Under Tennessee law, there is no liability for an injury to or death of a participant in an agritourism activity conducted at this agritourism location or by this agritourism professional if such injury or death results from the inherent risks of the agritourism activity. Inherent risks of Agritourism activities include among others, risks of injury inherent to lands, equipment, and animals, as well as the potential for you to act in a negligent manner that may contribute to your injury or death. You are assuming the risk of participating in this agritourism activity. WARNING. Play at own risk. Adult supervision is required. Playground attendants not on duty. Lucky Ladd Farms is not responsible for injuries. COVID-19, Communicable & Zoonotic Disease Liability Waiver: By visiting Lucky Ladd Farms, you fully acknowledge that there is an inherent risk of exposure to COVID-19, an extremely contagious disease that can lead to severe illness and death, along with other common communicable and zoonotic diseases. Further you fully accept such risks and agree to hold harmless Lucky Ladd Farms Inc. (dba Lucky Ladd Farms), along with it's owners, staff, volunteers, and any affiliates should any issue, injury, illness or death arise for any reason to yourself, any member of your family, or any member in attendance with you. WARNING. Under Tennessee law, an equine professional is not liable for an injury to or the death of a participant in equine activities resulting from the inherent risks of equine activities, pursuant to Tennessee Code Annotated, title 44, chapter 20. WARNING. Under Tennessee law, a bovine owner is not liable for any injury, loss, damage, or death of a person resulting from the inherent risks of bovine activities, pursuant to Tennessee code Annotated, Title 44, Chapter 21.",NON-EVENT,1,https://luckyladdfarms.com/liability-disclosures.html,2043,323
"Tennessee Farm Hosts Sunflower Festival and Picking Sunflowers from their Fields ""A magical experience that I highly recommend! """,NON-EVENT,0,https://luckyladdfarms.com/nashville-tn-you-pick-sunflower-farm-festival.html,129,19
Estimated 2025 Sunflower Bloom Dates are June 19 - July 27.,EVENT,2,https://luckyladdfarms.com/nashville-tn-you-pick-sunflower-farm-festival.html,59,11
"Located in the heart of Middle Tennessee, Farmer Ladd has planted nearly four acres of sunflowers in our fields to provide a family-friendly event, combining sunflower picking with an extremely desirable photography experience near Nashville, Franklin, and Murfreesboro. Bring your cameras - sunflower selfies are encouraged! Spend as much time as you like wandering the fields and enjoying the beautiful scenery that our Sunflower fields have to offer. It's an ideal spot for professional and amateur photographers alike, seeking the best sunflower photography spots near Nashville. (Learn more about reserving a After exploring, guests have the chance to engage in a hands-on experience by cutting and creating their very own bouquet of sunflowers from our fields. This you-pick sunflower experience is a highlight for visitors from Franklin to Murfreesboro and beyond. Please note, sunflower season in Middle Tennessee is brief, with bloom periods generally only lasting only 2-3 weeks. Experience the joy of Middle Tennessee's sunflower season at its peak. Make your way to our blooming sunflower fields for an unique outdoor adventure near Nashville. We are excited to share our farm with you and offer a day filled with sunshine and happiness during Lucky Ladd Farms annual sunflower picking season! Access to the sunflower fields is included with our standard ticket options June 19 - July 27. Picking sunflowers is not included with admission. Buy sunflowers online with your tickets and SAVE 20%! Remember, sunflower bloom dates estimated as they are an agricultural product. Follow us for bloom updates on Facebook & Instagram. Advance ticket purchase strongly recommended. Ticket availability is not guaranteed at the gate. Season Pass Members do not require a reservation. Sunflowers for picking are priced per bloom. Single Sunflower Bloom - $3 French Market Bucket with ten Sunflower blooms and UNLIMITED Zinnias. French Market Bucket colors vary. - $45 Sunflower bloom dates estimated. Follow us for updates on Facebook & Instagram. Zinnias for picking are priced per stem. Single Zinnia Flower Stem - $1 Quart Jar or vase with two Sunflower Blooms and UNLIMITED Zinnias - $15 Zinnia bloom dates estimated. Follow us for updates on Facebook & Instagram. Be sure to join us for our Tennessee Sunflower Festival on July 5 & 6! Experience the vibrant joy of summer at the Tennessee Sunflower Festival. Wander through our stunning sunflower fields, where the radiant blooms are sure to bring smiles and create picture-perfect memories. Festival highlights include picking your own sunflowers, savoring fun festival-themed foods, and participating in our sunflower photo contest. Not to be missed will be the makers market and kids craft fairs, along with live music, and over 50 exciting activities for both kids and adults to enjoy. Click here to learn more! Shutterbugs and Instagrammer's want to know... Can I take pictures in the sunflower fields? Absolutely, we encourage you to take pictures of the sunflowers, post them online and on Facebook, Instagram, YouTube, X, and TikTok; but if you are a wanting to schedule a photography or videography session with clients or for other monetary gain in the sunflower fields then you'll need to purchase a Photography Pass. Not sure if you need the Photography Pass? Click here to learn more.",NON-EVENT,0,https://luckyladdfarms.com/nashville-tn-you-pick-sunflower-farm-festival.html,3352,531
"Select evenings have been set aside for photographers to reserve for ""2025 Golden Hour Sessions."" These dates include: June 27, June 29, and July 6 -from 6:00 pm to 8:00 pm in the Sunflower field. A photography pass is required and the photographer needs to book the sessions for their clients.",EVENT,3,https://luckyladdfarms.com/nashville-tn-you-pick-sunflower-farm-festival.html,294,51
"To ensure a full and enriching visit to our farm during sunflower season, each guest aged two and older will need to purchase an admission ticket. This ticket grants you access to our beautiful sunflower fields, along with Lucky Ladd Farms Fun Park and Zoo. Any standard admission ticket option applies. A sunflower field only pass is not available. Though sunflowers are not included in the admission, they can be purchased separately, allowing you to take the sunflower farm experience home with you for a lasting memory you can continue to enjoy. Get your tickets to visit the farm during sunflower season now! Access to the sunflower fields is included with our standard ticket options June 19 - July 27. Picking sunflowers is not included with admission. Buy sunflowers online with your tickets and SAVE 20%! Remember, sunflower bloom dates estimated as they are an agricultural product. Follow us for bloom updates on Facebook & Instagram.",NON-EVENT,0,https://luckyladdfarms.com/nashville-tn-you-pick-sunflower-farm-festival.html,945,156
"""One of my most favorite days with the family yet!"" Lucky Ladd Farms strives to create a safe and enjoyable experience for all our guests, so we kindly ask that you respect the following rules and regulations: Due to mechanical, health, weather or safety conditions; we may close certain areas or attractions. We will do everything we can to re-open as soon as safely possible. Lucky Ladd Farms does not offer refunds for ticket purchases. NO GLASS, CONFETTI, SILLY STRING, STREAMERS, WHISTLES OR PINATAS The above items can be hazardous to our animals and are not permitted. Please help keep the Farm beautiful and clean for others to enjoy by placing trash and recyclables in designated receptacles. The Farm is proud to be a vapor and smoke-free environment. We host ""Pups in the Park"" on select days throughout the year. Leashed dogs with friendly temperaments may accompany their families for a visit to the farm; however, pets in general sometimes present health and safety issues to our own animals and guests, therefore certain areas of the facility are still strictly off-limits even on dog-friendly days. Learn more about our Trained service dogs that are leashed and properly restrained are welcome at Lucky Ladd Farms. Guests with a service dog are asked to alert a staff member at admissions upon arrival for approved entry. Dogs whose sole function is to provide comfort or emotional support do not qualify as service dogs under ADA standards and are not permitted at Lucky Ladd Farms. Certain areas of the facility are still strictly prohibited to service animals to protect the health and safety of our own animals and guests. We kindly ask owners to pick-up after your animal around the Farm to ensure all guests a clean fun experience at the Farm. DO NOT DAMAGE LANDSCAPING OR VEGETATION Do not pick or damage any flowers, vegetables, natural vegetation or other plant materials. Do not walk-through, climb-on or otherwise damage landscaped areas, including trees and flowerbeds. Refrain from kicking/throwing rocks, mulch and sticks. Fencing, rocks, ropes and other barriers between you and the animals or non-public areas of the Farm are there to protect you from harm. Do not enter non-public areas. Do not chase, ride, hit, flail your arms at, harass or tease the animals. Do not throw objects at the animals or into exhibits. Do not make loud sounds that might scare or spook the animals. Anyone found doing any of the above will be asked to leave the Farm. All Farm Park animals are on a carefully structured diet. Introducing outside food can cause illness and even death to the animal. Approved animal feed is available for purchase from the Farm. Do not feed animals plastic bags or foreign objects. For good health and hygiene always properly wash your hands after feeding. Use a flat hand when feeding the animals. Animals approved for hand-feeding include goats, sheep, ducks, llamas and alpacas. Do NOT feed horses, donkeys, pigs or rabbits from your hand as these animals will bite. Animals and bugs may naturally carry diseases that can make you sick. These are known as zoonotic diseases. Some of the most common zoonotic diseases include: Salmonella infection, which you can get after handling a baby chick, chicken, duck, turtle or snake. E. coli infection, which you can catch if you touch areas in a petting zoo or animal exhibit where some of the animals are infected. Thankfully, there are things you can do to protect yourself and your children from zoonotic diseases. Avoid putting things in your mouth in animals areas. Always wash your hands for 20 seconds after being around animals. Hand-washing stations can be found at the entrance/exit-ways of Lucky's Barnyard and at nearby restroom facilities. Additionally, hand-sanitizing stations can be located throughout the farm. Properly sanitize any personal belongings such as shoes, strollers and clothing to kill germs that might have been transferred through contact with animals, their bedding or surroundings. It's important to remember that anyone can become sick from a zoonotic disease, including healthy people. However, some people may be more at risk than others and should take steps to protect themselves or family members. These people are more likely than others to get really sick, and even die, from infection with certain diseases. These groups of people include: Not responsible for injuries. Adult supervision required. YOUR HEALTH PLEDGE TO US We are committed to keeping you healthy and safe; but we cannot guarantee you will not be exposed to a communicable disease like COVID-19 during your visit with us as there is an inherent risk of exposure in any public facility. We rely on you to do your part to protect yourself and your family too: Stay home if you, or someone in your family/group is sick, have a vulnerable immune system, or are considered at-risk as identified by the CDC - including those who are over the age of 65 or those who have severe underlying medical conditions. Participate in guest health screening questionnaire upon entry. Wash and/or sanitize your hands frequently throughout your visit. Upon entry to the park and at some attractions, you may be asked to apply sanitizer before, during, and/or after the experience. Follow social distancing guidelines by maintaining at least 6-feet of physical distance between groups. Minors must have direct parental supervision at all times. We still strongly encourage guests to wear a mask in situations where you find yourself unable to properly social distance from others. Please know that if you don't feel comfortable visiting the Farm right now that we understand and encourage you to delay your visit until a time in the future when you do feel comfortable. We believe each of us has to individually make the decision as to what we feel is right and/or safe for ourselves and our families; and with that decision comes personal responsibility to voluntarily assume and accept all related risks associated with that decision, including the potential risk of exposure to COVID-19. Please take a moment to review the Tennessee Agritourism Liability Act and additional liability disclosures here Our guidelines are subject to change as needed to comply with mandates issued during the COVID-19 pandemic. We are striving to offer a safe, fun and educational experience when visiting Lucky Ladd Farms. Our family and staff appreciates your support and look forward to seeing you soon.",NON-EVENT,0,https://luckyladdfarms.com/information.html,6470,1064
"FAQ's to help plan your visit. ""ABSOLUTELY LOVED IT! ...was a highlight of our trip."" WHAT FORMS OF PAYMENT DO YOU ACCEPT? We gladly accept cash and most major credit cards. School/Business Checks Only. HOW LONG DOES IT TAKE TO VISIT LUCKY LADD FARMS? We suggest allowing minimum of 2-3 hours when visiting the Farm Fun Park and Petting Zoo, though it is not uncommon for guests to spend the day. On festival and special event days you should allocate 3-4 hours for your visit, as crowds will likely be heavier and wait times may be longer. WHEN ARE CROWDS THE LOWEST? Crowds are generally lighter on weekdays, later in the afternoon. Crowds are heaviest during the first two hours of opening. Peak season crowds occur when tulips are blooming in the spring and for fall festivities in mid-October. CAN I LEAVE AND COME BACK ON THE SAME DAY? Yes. Visitors are welcome to exit and come back on the same day, but all guests must leave their wristband on to re-gain entry. I ONLY PLAN TO WATCH THE KIDS PLAY. DO I NEED TO PURCHASE ADMISSION? Yes, when visiting the Farm Fun Park, Petting Zoo, or You-Pick Fields admission is required. Lucky Ladd Farms offers many fun activities for all ages, therefore everyone entering must pay admission. Your admission allows you to relax and enjoy quality time with your family and friends, creating enjoyable memories sure to last a lifetime. ARE THE FARM PARK & PETTING ZOO OPEN DURING THE WINTER? No. The Farm Fun Park & Petting Zoo are open seasonally. Dates of operation vary from year-to-year. We will open once Tulips begin to bloom in the spring and remain open through the last weekend in October each year. We do host events during the Christmas season, but the Farm Fun Park & Petting Zoo are still closed. DO YOU CLOSE FOR INCLEMENT WEATHER SUCH AS WHEN IT'S COLD OR RAINING? CAN I RECEIVE A REFUND, RESCHEDULE, OR RECEIVE A RAINCHECK? Lucky Ladd Farms is almost entirely an all-outdoor venue. Tickets are non-refundable. Safety of our guests, staff, and animals are primary considerations, therefore Lucky Ladd's will occasionally close our facility due to severe weather conditions. Operations and special event activities will go on regardless of outdoor temperatures so please dress accordingly. The Farm remains open during periods of light rain. However, operations may be suspended if there is lightning, torrential downpours, or flooding in the area. During brief periods of inclement weather some or all activities, attractions, and rides may be shut down temporarily. Rain checks are only issued to on-site guests should it become necessary for the Farm to close early. A weather forecast (for Lucky Ladd Farms physical location) showing a probable chance of during our scheduled hours of operation will automatically result in cancellation of activities and pre purchased tickets for the day. (Consistently means the forecast shows a high chance of rain here at the farm for the better part of the day. This does not apply for a brief storm passing through.) Once a decision is made to cease operations for the day, we will not reopen, even if weather conditions improve later in the day. Should a decision to close be made before opening for the day then ticket holders will be issued a voucher code, via the email they used to purchase their tickets, with a credit that can be used towards the purchase of tickets to visit the Farm Fun Park and Petting Zoo during normal hours of operation on an future date in the same season. , so please be sure to use them before they expire. Per the ticket processor, vouchers may only be used towards a single transaction and cannot be split. Closure notifications are (1) emailed to existing ticket-holders, (2) announced on our , and (3) posted on our should cancellation of outdoor activities be necessary. IMPORTANT: Please do not assume weather conditions at Lucky Ladd Farms are the same as your location. Decisions will be based on our physical location only. RESCHEDULING: The ticket processor allows you to create an account and reschedule your tickets to another date or time, so long as the change is done before your scheduled visit and pending availability. Instructions on how to reschedule are included in the ticket purchase confirmation email. Please be aware ticket modifications, including moving dates and times, are subject to a $10 fee per transaction, and assessed by the ticket processor to the card they keep on file. DOES THE FARM HAVE RESTROOMS? Yes. The Farm is equipped with portable restroom facilities, baby changing stations and sinks for hand-washing. While we agree portable facilities are not preferred, we do not have access to sewer service, nor soil sites for septic systems to accommodate large crowds, thus portable facilities are our only option. All facilities are serviced hourly to ensure cleanliness. CAN YOU BRING OUTSIDE FOOD IN? Guests are welcome to bring in snacks to enjoy during your visit. Complementary tables are provided on a first-come basis. We ask that you not use tables for birthday parties or hold them for extended periods of time so that other guests may enjoy them too. Guests celebrating a special occasion may reserve a Party Pavilion with reserved tables here. Please properly dispose of all trash and clean-up your tables after eating. Coolers, insulated bags, grills, and glass containers are not allowed. Cooking on-site is strictly prohibited. CAN I BRING MY PET WITH ME ON MY VISIT? Trained service companions, as defined by ADA standards, are permitted any day, though still with  limitations, please review our DO YOU OFFER GROUP DISCOUNTS? Yes. Any non-school group purchasing 20+ tickets with one payment qualifies for a . If you are a school group, please visit our for special pricing on educational tours. DO YOU OFFER STROLLER OR WHEELCHAIR RENTALS? Stroller and wheelchair rentals are not available. We do have wagons for rent on a first-come basis. Due to the popularity of these rentals, we are unable to guarantee availability. Wagon rentals are $10 daily. Personal strollers and wheelchairs are always welcome. Motorized wheelchairs and strollers with larger bicycle-style wheels fair best on our natural terrain of gravel, mulch, grass and dirt. Walking paths are not paved. ARE FARM TOURS SAFE? DO ANIMALS CARRY GERMS? Farm tours give people of all ages an exciting opportunity to learn more about animals and agriculture but can also put people at risk of becoming ill or injured. Zoonotic diseases are infectious diseases that can be spread between animals and people. Some examples include Campylobacter, Salmonella, E. coli O157:H7, Yersinia enterocolitica, Leptospira, A variety of germs are naturally in the intestines of healthy animals and are unknowingly passed in the animals' feces. People get sick from these germs by swallowing them. Germs may end up on your hands after contact with animals or surfaces in animal areas. Adults over 65, children under five, pregnant women, and those with weakened immune systems are at a higher risk. To reduce your risk of getting sick: properly supervise children in animal areas, don't put fingers or other things in your mouth while in animal areas, and thoroughly wash your hands with soap and water immediately after visiting animal areas. Hand sanitizer may be used as a supplement to aid in the killing of germs, but does not replace soap and water since it doesn't kill all parasites like WHO DO I CONTACT TO REQUEST DONATIONS FOR MY ORGANIZATION? Lucky Ladd Farms is pleased to offer a limited number of complementary passes to charitable organizations in the Middle Tennessee community. Please complete the",NON-EVENT,0,https://luckyladdfarms.com/faqs.html,7651,1274
"""Love coming every year. So organized and  fun."" Bring your classroom lessons to life! Students benefit from our enhanced learning environment that complements Tennessee's curriculum standards through multi-sensory, hands-on interaction and encounters with living things. $10 per person when paid for by the school. Our standard guided tours are 2.5 hours of action-packed fun. Classes follow a scheduled rotation to ensure each group gets the same great experience. Animal feeding is included. Groups may reserve picnic tables for a scheduled lunch at no extra charge. Express tours are available for those on a tighter schedule and require an earlier departure time; however, express tours do not include a Wagon Ride. Coloring Book for each child Click tour times below to make reservation. TIP: If we do not have an opening for the time you selected, then return to this page and try an alternate time slot. If all time slots are full, then consider a Mini Pumpkin for each paid child DOES THE SCHOOL NEED TO PAY FOR PARENTS OR CAN THEY PAY AT THE GATE? To qualify for the ""$10 - Guided Field Trip Rate,"" groups must pay for all guests with a single payment. This means you must collect fees from any field trip guest that will be joining your group in advance and pay with your schools payment. Groups opting to have guests pay entry fees separately at the gate will need to advise them their rate of admission will be $11 plus tax if your scheduled visit is on a Wednesday; or of our on days we are open to the public, as these guests will not qualify for the Guided Field Trip rate or bonus offer. We strongly encourage groups to collect fees from guests in before turning in your head-count. Our wagon ride and lunch tables have limited capacity and require advance planning. We cannot guarantee seating for guests not included on your class head-count form which must be turned in prior to your tour. WHAT CURRICULUM STANDARDS ARE SUPPORTED? Our educational programs focus on life science and complement Tennessee academic standards of science through exploration of the natural world. It depends on your scheduled date to visit. If your tour is scheduled on a day the farm is not open to the general public, then we will not be accepting food orders as our food stands will be closed. If requested you will still be assigned lunch tables and may bring in your own sack lunches to enjoy. If your tour is scheduled on a day the farm is open to the general public, then you may pre order lunch for staff, parents or even your entire group and it will be ready for pick-up at your scheduled lunch time. To view our menu and order form, WILL CONCESSIONS BE OPEN DURING OUR VISIT? If your tour is scheduled on a day the farm is not open to the general public, then the food stands will be closed. Most Guided Field Trips take place on Wednesdays when we are closed to the public. You group will still be assigned lunch tables and may bring in sack lunches to enjoy. Also, as a courtesy to parents the gift barn will be open with a very limited selection of grab-n-go snacks and drinks. If your tour is scheduled on a day the farm is open to the general public, then at least one full-service food stand will be available during your visit. Please be mindful wait times can be long during peak times. CAN ALL OR SOME OF OUR GROUP STAY AND PLAY ON THE FARM AFTER OUR FIELD TRIP ENDS? If your tour is scheduled on Wednesday, then your visit will conclude at the end of your scheduled tour as the farm park and petting zoo are closed. If your tour is scheduled on a day the farm is open to the general public and all or part of your group would like to stay longer to enjoy attractions not included in your Guided Tour, then you may purchase a ""Stay & Play Pass"" for $5 plus tax per person. ""Stay & Play Passes"" can be purchased in advance when making your reservation online or individually at the admissions gate after your Guided Tour ends. Sorry, all field trip and educational programs for both adults and children are excluded from use with a season passes. with further questions or reschedule requests. Be sure to include your booking number. ARE THERE ANY ACTIVITIES NOT INCLUDED WITH OUR FIELD TRIP? Schools are typically on a tight schedule; as such our Guided Tours are structured to include many of our most popular attractions but there is simply not enough time to do everything. The Train, Jump Pad, Tricycle Race Track, Splash Pad, Bubble-Blast, Gem Mining, and Pony Rides are not included with our Guided Tours. Guests wanting to do these activities after your tour has ended will need to purchase a ""Stay & Play Pass."" CAN PARENTS TAKE STUDENTS TO THE PONY RIDES DURING A GUIDED TOUR? Pony rides are not included with our Guided Tours. We respectfully ask that all guests remain with your group until your scheduled tour has ended. Guests wishing to stay after your tour has ended may add a pony ride at that time. To do so they will need to purchase a ""Stay & Play Pass"" and pony ride ticket at the admissions gate. DOES OUR GROUP HAVE TO STAY TOGETHER AFTER WE CHECK-IN OR CAN WE SPLIT UP? For the best experience, we respectfully ask all guests on a Guided Tour to remain with your group throughout the duration of your visit. Yes. Title One schools receive $1.00 off each students admission. The price adjustment is reflected in your total at the time of making your online reservation. WHO QUALIFIES FOR A TOUR BONUS, SUCH AS THE PUMPKIN? Children (Ages 2-12) that are paid for by the school (or group) qualify for a bonus gift with tour. They receive a coloring book in the spring, ice-pop in the summer, and pumpkin in the fall. Any guest, regardless of age, whose admission is paid for separate from the school will not qualify for a tour bonus.",NON-EVENT,0,https://luckyladdfarms.com/farm-field-trips-school-tours-tn.html,5772,1035
"Visit the Farm again and again, all season long. ""Amazing. Amazing. Amazing. Worth every penny."" SAVE Big! - a pass pays for itself in just 2 visits to the Petting Farm, Zoo, and Fun Park during regular hours of operation from",NON-EVENT,0,https://luckyladdfarms.com/season-passes.html,226,41
"March 15, to October 31, 2025, with no reservations required, even when sold out!",EVENT,2,https://luckyladdfarms.com/season-passes.html,81,14
"Unlimited pony rides for children named on pass 10% discount on concessions and retail purchases Member rates for eligible educational programs and special events The opportunity to purchase tickets at the gate for up to four guests that will be visiting with you, without need for advance reservation, even on sold out days. Email updates about new events, attractions, animals, programs, and more Bring-A-Friend FREE single visit tickets valid to use April-August 1 ticket with purchase of Adult Pass 2 tickets with purchase of Companion, Family, or Family +Guest Pass Family named on a pass should reside in the same household,  be the grandchildren of the primary adult member, or be a grandparent. Children under the age two are always admitted free. Only children named on a pass qualify for pony ride benefits. 1 Adult and 1 Child, or 2 Adults 5 Family Members, PLUS 1 Guest Guests purchasing Companion, Family, or Family Plus Guest Passes may add the following options. You will be asked if you would like to add any of these options during the check-out process of purchasing your pass. Add a Caregiver to your Companion, Family or Adventure Pass. Add grandparents to your Companion, Family or Adventure Pass. Price per grandparent. Add additional children to your Companion, Family or Adventure Pass. Price per child. SEASON PASSES PURCHASED ONLINE ARE NOT AVAILABLE FOR SAME-DAY USE. A valid pass with current photo must be presented each visit. Guests may only visit with a named pass-member. Excludes admission for field trips, Homeschool Day, farm tour, summer camp, and some special  events. WHO CAN I INCLUDE ON MY SEASON PASS? One adults must be named on all season passes. We call this person the Primary Pass Member. , you can name one additional person. This can be another adult or child. , you can name up to four additional people. This can be: Additional adults or eligible children. the children or grandchildren, under age 18, of the Primary Pass Member. Children under age two are always admitted free, but sometimes will be included on a pass so they can take advantage of the unlimited pony ride benefit. , you can name up to four additional people the same as a standard Family Pass, but you also receive the benefit of having a sixth person who is considered an unnamed guest. Your unnamed guest can be different for each visit, but must attend with a named pass member. DO I NEED TO MAKE A RESERVATION TO VISIT WITH MY SEASON PASS?",NON-EVENT,0,https://luckyladdfarms.com/season-passes.html,2463,420
"Season pass members are not required to make reservations for daily visits or  events to the Petting Farm, Zoo, and Fun Park during regular hours of operation from March 15, through October 31, 2025. You may arrive at your convenience, even if we are sold out to the public.",EVENT,2,https://luckyladdfarms.com/season-passes.html,274,49
"If needing same-day use, then you first need to purchase an admission ticket online and then request to upgrade to a season pass when checking in. Please be aware you will only receive credit for base admission fees towards your pass; as ticket processor fees, taxes, add-on activities or the activities included in upgraded ticket will not be credited. WHAT EVENTS ARE INCLUDED WITH A SEASON PASS? The majority of our events are covered by a season pass. The general rule is if the event takes place during regular hours of operation,  then it's covered by the pass. This list contains of some of our most popular events included with a pass: Tennessee Tulip Festival (tulip picking extra) Easter Egg Hunts with the Easter Bunny Pickin' N' Grinnin' Strawberry Jam Festival (strawberry picking extra) Sunflower Festival (sunflower picking extra) Fall Family Fun Festival (pumpkin picking extra) Here is a list of some events not included with a pass, but tickets are offered at a discounted rate: These lists are not all inclusive for the season. Events are subject to change as new ones are added throughout the year. HOW LONG IS MY SEASON PASS GOOD FOR?",NON-EVENT,0,https://luckyladdfarms.com/season-passes.html,1155,196
"We are not open year-round, therefore we do not offer an annual pass. Instead we offer season passes. They are good for the operating season they are purchased in. Passes are valid beginning the first day the Farm Fun Park opens for the season and expire on the Farm Fun Park's last regular day of operation for the season. 2025 passes are valid beginning March 15, through October 31.",EVENT,2,https://luckyladdfarms.com/season-passes.html,385,69
"HOW DO I GET MY PASS? Shortly after purchasing a Season Pass the primary pass member will receive an email for each named pass member requesting them to upload a current picture of that person for their pass. Once the photo is uploaded, a digital copy of the official pass is automatically emailed back. The primary member may then either download and print the pass to carry a physical copy or save a digital copy on their phone to present at the admissions window. Each person listed on the pass will have a unique membership QR code and each pass must be presented for entry to visit. We never mail season passes and are unable to print them on-site. If needing same-day use, then you will first need to purchase an admission ticket online and then request to upgrade to a season pass when checking in. Please be aware you will only receive credit for standard general admission fee towards your pass; as ticket processor fees, taxes, add-on activities or the activities included in upgraded tickets will not be credited. HOW DO I GET MY BRING-A-FRIEND FREE TICKETS OR OTHER PROMOTIONAL OFFERS? Pass members may pick up their bring-a-friend free ticket(s), along with any other promotional offers or inclusions, at admissions on the first day they visit for the season. CAN MY CHILD VISIT WITHOUT ME? Yes. The child will need to bring: Their season pass with current photo. A copy of the Primary Pass Members photo ID, such as a drivers license. Remember, the person accompanying your child will need to purchase an admission ticket to visit, unless you have the Family +Guess Pass. The person bringing your child may present either a printed or digital copy of the child's pass and the Primary Pass Members photo ID. CAN I CHANGE THE NAME OF SOMEONE LISTED ON MY PASS? Yes, but only if the pass has not been used yet for the season. Once any member of a group pass has visited, then no changes may be made. CAN I USE MY PASS TO ATTEND A FIELD TRIP, HOMESCHOOL DAY, OR FARM TOUR? Season pass admission is not valid for a field trip, homeschool day, educational tour or group outing. CAN I USE MY PASS TO ATTEND A BIRTHDAY PARTY? Yes. A season pass may be used for admission to a birthday party; however, some exclusions may apply to other group outings and events. WHY DO I HAVE TO LIST EVERYONE BY NAME ON MY PASS? Each season pass is purchased for a specific person or set of individuals. By naming each member we are better able to protect the integrity of the season pass program and offer more benefits to our participating members. CAN I GET A REFUND OR TRANSFER MY PASS? Season passes are non-refundable and not transferable. It is assumed that every pass-holder will have visited often enough to recoup the cost regardless of when the pass was purchased during the season and therefore cannot be carried forward to subsequent years. Promotional discounts offers may be offered via email, social media, etc. Sign up for our email newsletters here: IT'S THE MIDDLE OF THE SEASON, DO YOU OFFER A PRO-RATED PASS? A season pass pays for itself in just two visits. We stop selling passes at the end of August each year, but it is assumed that every pass-holder will have visited often enough to recoup the cost regardless of when the pass was purchased during the season. I'M PURCHASING PASSES AS A GIFT. IS THERE ANYTHING SPECIAL I NEED TO DO? Gift purchases should be made online if you would like something to print out and provide the recipient. When purchasing a pass as a gift online, simply input your recipient's information into the ticket detail fields. Once your purchase is finalized you will be emailed a receipt which contains a printable ticket(s) which you may print and give to your recipient. After purchasing a Season Pass as a gift the primary pass member will receive an email requesting them to upload a current picture for each named member on their pass. Once the member has uploaded a picture, a digital copy of the official pass is emailed to them for that member. The primary member may then either download and print the pass to carry a physical copy or save a digital copy on their phone to present at the admissions window. Each person listed on the pass will receive a unique pass QR code which must be presented for entry at each visit. If a pass member has not uploaded their picture for the pass then they will need to present a photo ID for verification at admission. If the pass member is a minor, then an adult listed on their pass must present their photo ID as verification for the child. Pictures must be uploaded before the first visit. Should a member be unable to upload their picture from home, then we are able to take their picture on-site and upload it for them at that time. Please be aware this will delay their entry into the Farm. I PURCHASED A SEASON PASS BUT DIDN'T RECEIVE AN EMAIL TO UPLOAD MY PICTURE? When you purchase a season pass, please be aware that it may take 24 hours before your information is completely transferred into our season pass program, which is different than our point-of-sale system that processed your payment. Once the pass is transferred an email is automatically generated and sent to the email address you provided for the primary adult at time of purchase. The email is from ""No-Reply@LuckyLaddFarms (no-reply@ms.mypasstracker.com)"" with the subject ""Selfie upload for XYZ..."" , subject: Season Pass Invite Inquiry, and include your name, the name of all pass members listed on the pass, the date the pass was purchased, and whether the pass was purchased on-site or online so we can investigate and correct any issue relating to your season pass. SEASON PASSES PURCHASED ONLINE ARE NOT AVAILABLE FOR SAME DAY USE.",NON-EVENT,0,https://luckyladdfarms.com/season-passes.html,5704,1005
"The story behind the farm. Located south of Nashville, Tennessee, Lucky Ladd Farms is a 60-acre farmstead owned by the Ladd family.",NON-EVENT,0,https://luckyladdfarms.com/about-us.html,131,22
"In 2007, the Ladd's began inviting local school and church groups out to their former home located Franklin, TN. They cherished sharing their wonderful life in the country and giving families the opportunity to visit their animals.",EVENT,2,https://luckyladdfarms.com/about-us.html,231,37
"In 2008, Jason and Amy set out on their next adventure, when they purchased their current farm in Eagleville, TN. With more land they were afforded more opportunities to grow and reconnect other families to their agricultural roots. From there plans went into motion and they opened Lucky Ladd Farms in the fall of 2009. When asked about the name, it just made sense, as for all of lifeâ€™s blessings which had been bestowed upon them made the Laddâ€™s feel like the luckiest people in the world. Today, the Ladd Family is even more excited to continue sharing fun and educational agricultural experiences on their farm with visitors from across the United States and beyond.",NON-EVENT,1,https://luckyladdfarms.com/about-us.html,675,115
"Come experience the LARGEST Tulip Farm in the Southeastern United States! ""Dreaming of wandering in the tulip fields! """,NON-EVENT,0,https://luckyladdfarms.com/nashville-tn-you-pick-tulip-farm-festival.html,119,19
Estimated 2025 Tulip Field Bloom Dates are March 15 - April 13,EVENT,2,https://luckyladdfarms.com/nashville-tn-you-pick-tulip-farm-festival.html,62,12
"Estimated Tulip Bulb Dig Days are April 17-19, & 24-27 Located in the heart of Middle Tennessee, Lucky Ladd Farms has planted over 1-MILLION tulip bulbs to provide a family-friendly event, offering both an authentic tulip picking experience on the farm and an extraordinary photography backdrop conveniently located near Nashville, Franklin, and Murfreesboro. Bring your cameras - tiptoeing through the tulips to capture your Insta-worthy selfie is encouraged! Spend as much time as you like strolling through the vibrant tulip fields to enjoy their beauty. The tulip fields are a coveted spot for professional and amateur photographers alike, seeking the best tulip photography location that Tennessee has to offer. Please note, tulips are extremely sensitive to warm weather, potentially making Tennessee's tulip season very brief, sometimes ending weeks sooner than anticipated. Plan your visit early so you can experience the joy of our tulip fields in bloom and enjoy a unique outdoor adventure just south of Nashville. We can't wait to share this amazing tulip picking and photography experience with you! Tulip field access is included with our standard ticket options March 15 - April 13. Picking tulips is not included with admission, but buy tulips online with your tickets now and SAVE 20%! Tulip bulb dig day tickets are offered April 17-19, and 24-27. Remember, tulip bloom dates estimated as they are an agricultural product. Follow us for bloom updates on Facebook & Instagram. Tulips for picking are priced per stem. Single Tulip Stem - $2.50 Add a vase for your bouquet of tulips: Tulip bloom dates estimated. Follow us for updates on Facebook & Instagram. As the Tulip Festival winds down, we host Tulip Bulb Dig Days. This season we this will occur from April 17-19, and 24-27. During tulip bulb dig days, you may purchase a ticket that allows you come in and dig up as many tulip bulbs as you would like to take home. You will need to furnish your own bags, buckets, or containers. Shovels and other garden tools are NOT PERMITTED, but our tulips are only covered in a layer of mulch making them easy to remove by hand. Gardening gloves are recommended! Does this mean that there won't be tulips to pick or see? Once we begin tulip dig days this means the fields are no longer as picturesque or  plentiful as we would like,  therefore we no longer promote the photography or flower picking aspect of the event. There will still be hundreds, if not thousands, of  flowers in the fields but overall quality and longevity is not to our standards. You are welcome to still visit the farm, snap photos in the tulip fields, and pick tulips. If planning your visit during tulip bulb dig days then we  suggest purchasing the tulip dig day ticket option. You save money and can take home more flowers than if purchased individually picked tulips. Dig Day participation is $25 per person when purchased online or $30 at the gate. Your ticket provides access to the farm fun park, petting farm and zoo, tulip fields and more. Be sure to select the Tulip Dig Day Participant option online, as this is the only ticket that includes the tulips and bulb digging. Season pass members may add tulip digging when checking in at admissions for $20 per person. How to care for your bulbs? When digging tulips consider the following... If the foliage has not completely browned or at least prominently yellowed, then you will want to temporarily plant your bulbs in a shallow bed of mulch, sand, or peat to allow the it to finish its' recharging process. This is when the bulb is collecting and storing vital nutrients critical for the bulb to flower again next spring. Once foliage has died back, cut it off at the top of the bulb. Then store  bulbs in a cool dry place, out of sunlight. If possible, in early October place bulbs in a refrigerator to chill  for 6-8 weeks, as our mild southern climate does not always provide the adequate number of cold weather days tulips require. Bulbs may be planted  in your landscaping or flowerpots in late November through the end of December. Tulip bulbs, and even the flowers, are  cold hardy and can generally sustain the freezing temperatures we experience in our region. Be sure to join us for our Tennessee Tulip Festival on April 5 & 6! Experience the vibrant joy of spring at our Tennessee Tulip Festival. Wander through our stunning tulip fields, where the colorful blooms are sure to bring smiles and create picture-perfect memories. Festival highlights include picking your own tulips, devouring fun dutch-themed festival foods, and participating in our tulip photo contest. Not to be missed will be the arts and crafts fair along with kids market, plus live music, and over 50 exciting activities for both adults and kids alike to enjoy. Can I take pictures in the tulip fields? Absolutely, we encourage you to take pictures of the tulips, post them online and wanting to schedule a photography or videography session with clients or for other monetary gain in the tulip fields then you'll need to purchase a Photography Pass.",NON-EVENT,1,https://luckyladdfarms.com/nashville-tn-you-pick-tulip-farm-festival.html,5079,864
"Select evenings have been set aside for photographers to reserve for ""2025 Golden Hour Sessions."" These dates include: March 30 , April 3, and April 4 -from 6:00 pm to 8:00 pm in the Tulip fields. A photography pass is required and the photographer needs to book the session for their clients.",EVENT,3,https://luckyladdfarms.com/nashville-tn-you-pick-tulip-farm-festival.html,293,52
"To ensure a full and enriching visit to our farm during tulip season, each guest ages two and older will need to purchase an admission ticket. This ticket grants you access to our beautiful tulip fields, along with Lucky Ladd Farms Fun Park and Zoo. Any standard admission ticket option applies. A tulip field only pass is not available. While tulips are not included in the admission, they can be purchased separately, allowing you to take the tulip farm experience home with you for a lasting memory you can continue to enjoy. Get your tickets to visit the farm during tulip season now! Access to the tulip fields is included with our standard ticket options March 15 - April 13. Tulip bulb dig day tickets are offered April 17-19, and 24-27. Picking tulips is not included with admission. Buy tulips online with your tickets now and SAVE 20%! Remember, tulip bloom dates estimated as they are an agricultural product. Follow us for bloom updates on Facebook & Instagram.",NON-EVENT,0,https://luckyladdfarms.com/nashville-tn-you-pick-tulip-farm-festival.html,973,168
"Tennessee Livestock Breeder & Farm Sales ""Your babies are the best! Look forward to buying again..."" Breeding healthy, genetically sound livestock with friendly dispositions for hobby farms. Pygmy, Nigerian Dwarf, Mini Silkies, Fainting Llamas, Alpacas, Miniature Cattle and More",NON-EVENT,0,https://luckyladdfarms.com/middle-tn-livestock-farm.html,279,39
"A Partnership to  Grow Our Businesses Together ""Perfect golden hour shoot in the sunflowers!"" Ready to Capture Amazing Moments? Lucky Ladd Farms provides a picturesque and fun backdrop for professional, amateur, and smartphone photographers alike. All creatives are welcome, but some will need to purchase a Photography Pass for professional shoots. WHAT IS CONSIDERED PROFESSIONAL PHOTOGRAPHY? A professional photographer is anyone photographing or filming people, animals, or nature on our farm and receiving any type of compensation, such as money, trades, goods, services, or other like-kind considerations in return. As a professional, we love the opportunity of having you and your clients make beautiful memories at our farm and in our fields. We look forward to working with you to create a positive and successful experience for all. Please be aware our farm is open to everyone and we do not have a dedicated areas for professional photo shoots. Therefore it is important that you set the appropriate expectations with your clients, notifying them in advance, that there is a possibility other people may be in the backgrounds of their pictures, especially during popular dates and times. We offer one-day and full season photography passes. Both Photography Passes cover your personal admission when you have a scheduled shoot(s); site usage fees; and allows you the flexibility of rescheduling, and special access to purchase admission tickets for your clients the day of the shoot without having to worry about tickets selling out. WHAT TYPES OF PHOTOGRAPHY SESSIONS CAN I HOST USING MY PHOTOGRAPHY PASS? Lucky Ladd Farms provides an excellent backdrop location for all types of photo shoots and videography including: family photos; Engagement Photos; Engagement Photos; Senior Photos; Birthday Photos, Lifestyle Photos; Candid Photos; Outdoor Photos; Woodland Photos; Spring Photos; Summer Photos;   Fall Photos; Easter Photos; Tulip Field Photos; Sunflower Photos; Pumpkin Patch Photos; Animal Encounter Photos; Animal Photos; Nature Photos; Scenic and Landscape Photography. $150 for single day use during normal business hours, or for a single  golden hour sunrise or sunset photography event scheduled by Lucky Ladd Farms. $250 per season with unlimited use during normal business hours, as well as on any golden hour sunrise or sunset events during spring, summer, or fall scheduled by Lucky Ladd Farms. You will receive a request to upload your picture to your Photography Pass via email immediately after purchase. Your picture is required to use the pass. You will also receive a confidential link for scheduling session(s) and to purchase client tickets. PHOTOGRAPHER SITE FEES & ADMISSION Photography Pass which allows them to schedule  photo sessions at the farm. This pass covers general admission entry for the photographer when they schedule a shoot. The one-day pass is valid for one single-day use; whereas, the season pass is valid for spring, summer, and fall seasons during the year in which it was purchased in, and allows the opportunity to schedule unlimited sessions during all events that are included with a standard general admission ticket or for a special sunrise/sunset photo event. The solicitation of people at the farm for any services is strictly prohibited. SCHEDULING SESSIONS & CLIENT ADMISSION TICKETS Photo  sessions must be scheduled in advance and may only take place during normal daily hours of operation. Be aware vary throughout our season so be sure to verify before booking. Also, be mindful of our closing time the day of your shoot and plan to end your sessions at least 15-minutes prior to our scheduled closing. Select evenings have been set aside for photographers to reserve for",NON-EVENT,0,https://luckyladdfarms.com/photography-pass.html,3745,587
"These dates include: March 30 , April 3, and April 4 -from 6:00 pm to 8:00 pm in the Tulip field; and June 27, June 29, and July 6 -from 6:00 pm to 8:00 pm in the Sunflower field.",EVENT,2,https://luckyladdfarms.com/photography-pass.html,179,39
"After purchasing a Photography Pass, the photographer/videographer will be emailed a confidential link allowing special access to schedule  sessions at the farm and to purchase admission tickets for their clients and/or assistants for the day of the scheduled shoot. Tickets on the photographers  link will not sell out. You must agree not to share this link with clients or anyone else, as only you have  permission to use the link. Sharing the link will result in cancellation and forfeiture of both the Photography Pass and any tickets purchased through the link without refund. The benefit of a photographers link is that you now have the option to either require  clients to purchase admission tickets to enter the farm on their own accord, or the you can provide this service for them and arrange an arrival time that works best for you while also guaranteeing your clients admission/entry. Let's examine the difference a little closer... If a photographer has a client purchase tickets for themselves, the client must go through our which only offers a limited number of tickets for very specific arrival times and is subject to sell out. It is not uncommon for popular dates to sell out days or weeks in advance. It can be risky to put this in the hands of your clients, especially if they are procrastinators. Alternatively, you may choose to purchase admission tickets on behalf of your clients using your assigned photography pass link, which then gives your clients freedom to arrive at a time arranged by you and also ensures your client doesn't run into a sold out ticket situation resulting in them being unable to enter our facility. We suggest building the cost of the admission tickets into your photography package pricing and requiring that portion be paid in full as part of the reservation deposit for their session. This way you have collected ticket fees upfront and aren't having to absorb these costs yourself. Please remember all general admission tickets are non-refundable regardless of the link used to purchase; in addition, tickets provide your clients to access to enjoy the farm park and attractions scheduled to be open on the day of your shoot. Everyone involved in the photo shoot will need an admission ticket to enter the farm. (Children 23 months and younger are free.) Your admission is covered with your Photography Pass. Admission  rates are the same price whether purchased through our public ticketing site or through the photographers confidential link. Please allow up to 72-hours processing time to receive an email with your confidential scheduling and client ticketing link. Another benefit of your photographers link is the flexibility to easily reschedule your sessions and client tickets which is not always the case with our public online ticketing system. If purchasing tickets for your clients, then we suggest waiting until the day before your scheduled session to limit the possibility of cancellations and hassle of rescheduling as much as possible. If inclement weather is forecast, then you may consider waiting until the day of the shoot to purchase client tickets but know that tickets must be in our system at least two-hours before your clients are scheduled to arrive. Photographers/Videographers and their clients should check-in at the Photography Pass line. Look at the overhead signs at admissions to locate the correct one. When using your photographer link, all admission tickets will be purchased under your name, therefore you will need to advise your clients of this so they can let the admissions cashier know how to properly check them in. PAY FOR WHAT YOU PICK Any picked tulips, strawberries, sunflowers, vegetables, etc. must be paid for as they are not included with a Photography Pass,  Admission Ticket, or photo session. It is only fair that everyone be respectful of our own personal hard work and financial investments to grow the crops and create the beautiful scenery that is being enjoyed at the farm. Pay for what is picked, even if it was an accident. We kindly ask you to also advise all everyone involved with the shoot of the u-pick you-pay policy. Do not pick or damage any flowers, natural vegetation or other plant materials in our landscaped areas. Do not walk-through, climb-on or otherwise damage crops in fields, crops in containers, landscaped areas, including trees and flowerbeds. Adequate walking paths have been placed to avoid the need to stand-in or cut-across crops in the field. Remind clients to refrain from kicking/throwing rocks, mulch and sticks. Fencing, rocks, ropes and other barriers between you and animals or non-public areas of the Farm are there to protect you and guests from harm. Do not enter non-public areas. PUPS IN THE PARK PHOTO SHOOTS Drones are strictly prohibited from use on the farm property. Should we host a special date/time for drone operators to visit then the event will be placed on our and require a special ticket to be purchased in advance. A Photography Pass will not cover entry to designated Drone Days. Anything photographed or filmed at the farm must be family friendly and cannot contain any suggestive images or profanity. Boudoir or scantly clad sessions are not appropriate for our facility as children may be present. Commercial production for music videos, television and film is not permitted with a Photography Pass. For more information or to schedule your commercial filming or photography shoot, please email with scope of project and preferred dates. OTHER TIPS FOR A SUCCESSFUL SHOOT If you are scheduling more than one session, we recommend creating a free account with our scheduling platform ""TicketSpice."" You can do this after you purchase your Photography Pass. This will help you manage your appointments and make changes as needed such as rescheduling or purchasing tickets for clients. Clients and assistants cannot enter our facility or fields without their ticket. It is the photographers responsibility to make sure their client(s) have their tickets. Please be polite and respectful to all farm guests (clients or not) at all times. Do not monopolize our staged photo op areas or ask other guests to move from areas they are exploring. If scheduling a shoot later in the day then plan accordingly so that you are finished at least 15-minutes prior to  closing. If arranging for clients to arrive late in the day, then advise them they will have little to no time to explore and participate in park activities and attractions to avoid disappointment. Bring your own baskets for tulip or sunflower sessions. Baskets may be available for you to use but we cannot guarantee that they will be available at the time of your photo shoot. Remember crops are weather dependent and we cannot guarantee availability  at the time of your photo shoot. VISIT AND PLAY AT OWN RISK Not responsible for injuries or death. There are inherent risks of injury or even death when visiting a farm, around animals, or playing on a playground. Adult supervision required. Please review and share with your clients our full liability disclosures and waivers here. Do not allow clients to chase, ride, hit, flail arms at, harass, or tease the animals. Do not allow them throw objects at the animals or into exhibits. Do not make loud sounds that might scare or spook the animals. Anyone found doing any of the above will be asked to leave the Farm. Make sure to properly wash your hands after leaving the animal area. Remind clients to do the same. Have clients provide hand-washing assistance to minors. All Farm Park animals are on a carefully structured diet. Introducing outside food can cause illness and even death to the animal. Approved animal feed is available for purchase from the Farm. Do not feed animals foreign objects. For good health and hygiene always properly supervise children and guests with special needs when interacting with animals. Use a flat hand when feeding the animals. Animals approved for hand-feeding include goats, sheep, ducks, llamas and alpacas. Do NOT feed horses, donkeys, pigs, tortoises, birds, or rabbits from your hand as these animals will bite.",NON-EVENT,0,https://luckyladdfarms.com/photography-pass.html,8141,1344
"Honored ""TOP FIVE"" Best Pumpkin Patches in the South! ""...one of THEEE best pumpkin farms I've seen in 3 states!"" Pumpkin Patch - Fall Festival Sept. 20 - Oct. 31 Searching for the best pumpkin patch with the most activities and a terrific value for your family in  Nashville, Franklin, Murfreesboro and surrounding Middle TN area is easy - just visit Lucky Ladd Farms! We offer thousands of pumpkins in different shapes, sizes, and colors so you can pick the perfect pumpkin for your fall, Halloween and Thanksgiving celebrations. in 2024, and named as the in the state,"" by the Travel Channel, Lucky Ladd's Pumpkin Festival is the don't miss event of the season. Stay-the-day... explore acres of wholesome family entertainment, get lost in our , bite into a juicy caramel apple or graze on homemade kettle corn ...Ohhhh! did we mention our new pumpkin spice lattes and apple cider donuts? Make our family farm part of your fall traditions and let's create lasting memories together! Plan now - likely to sell out! More to see. More to Do. WHEN WILL PUMPKINS BE AVAILABLE? Pumpkins are generally available starting the second-to-last weekend of September through the end of October. IS A PUMPKIN INCLUDED WITH MY ADMISSION? Lucky Ladd Farms is open for multiple seasons and events therefore a pumpkin is not included with a standard general admission ticket. Pumpkins are included with special admission options offered during our Fall Festival such as our ""Pumpkin Pass"" and ""Fall Frenzy"" tickets. DO I HAVE TO PAY ADMISSION IF I ONLY WANT TO PURCHASE A PUMPKIN? No. Guests may request a ""Shoppers Pass"" and are granted a 20-minute entry to our Gift Barn and Pumpkin Patch to shop for pumpkins and other fall decor. HOW MUCH DO PUMPKINS COST? Pumpkins range from $1 for decorative miniatures to $50 for prize winning giants. Depending on variety and size pie pumpkins are $3.50 to $15.00; and Jack-o-lanterns the most popular carving variety pumpkins are $7.00 to $25.00. CAN I PICK MY PUMPKIN IN THE PUMPKIN PATCH? All pumpkins are harvested from the pumpkin fields and sold at our Farm. We have lots of cute props and areas with pumpkins for the perfect photo opp. DO YOU HAVE BAKING OR PIE PUMPKINS? Yes, we generally carry two-or-three different varieties of pumpkins that are known for their superb flavor and are popular for baking pies. We also carry a variety of winter squashes that are excellent for soups and baking. DO YOU HAVE OTHER FALL DECOR? Yes. You will find colorful mums, decorative stacking pumpkins, gourds, straw bales, corn shocks and more to enhance your fall arrangements, porch, and yard ornamentations. Decorations go fast, so be sure to visit early in the fall season. WHO DO I CONTACT TO REQUEST PUMPKIN DONATIONS FOR MY ORGANIZATION? Sorry, due to the overwhelming number of requests received, we no longer donate pumpkins. We are pleased to offer a limited number of complementary passes to charitable organizations with qualifying nonprofit designations in the Middle Tennessee community for fundraising opportunities. Please complete our DO YOU WHOLESALE OR OFFER BULK RATES FOR PUMPKINS? We do not offer pumpkins at wholesale prices. We do offer a 10% discount on advance-purchases of pumpkins, gourds and other fall decorations totaling $100 or more. Orders must be received a minimum of 7-days in advance and a an appointment for you to pick-up your pumpkins will be scheduled.",NON-EVENT,0,https://luckyladdfarms.com/nashville-tn-pumpkin-patch.html,3416,570
"Enjoy a Panoramic View of the Schoharie Valley If you've dreamed of a wedding among the sounds and sights of the natural world with a panoramic view of the Schoharie Valley. Landis Arboretum can offer you and your guests an affordable private garden venue complete with spectacular views of the Schoharie Valley. Whether you choose to be married beside the Meadow Pond, on the hill by the Meeting House overlooking the beautiful valley, in the Van Loveland Perennial Gardens, in the shade of the beech tree by our Farm House, or in a hidden glade in the Upper Forest, you can be sure a Landis wedding will be uniquely yours. Please contact us to discover how we can help, get an estimate or check availability. Note: Rentals are available only from May through October. A large mortise & tenon Adirondack Pavilion with electricity, alongside a beautiful pond, all nicely landscaped. Excellent, fair priced, in-house caterer available. 3 new restrooms, handicapped accessible. Handicap accessible Meeting House area. Large white plastic folding tables. Grounds available for large party tents. You and your guests may also enjoy: Meditation Pavilion, garden and pond complete with waterfall and bridge. A grand panoramic view of the Schoharie valley. Hundreds of acres for guests to enjoy. 8 miles of hiking trails. For more information or to check availability please contact us. The Meeting House Complex offers you a rustic and relaxing, green atmosphere to hold your gatherings. Large or small, inside or outside, house catered or not. All of the amenities above are available. For your business, the Meeting House Complex offers casual surroundings for your meetings. It has 2 smaller rooms for breakout groups plus the outside deck area can also be used for additional tables and chairs. The deck and patio is a perfect place for a catered lunch offering an amazing view of nature and the surrounding valley. All content © Landis Arboretum 2019-2022 |",NON-EVENT,0,http://www.landisarboretum.org/rentals,1956,321
"If this is a memorial donation, please provide the name of the person to be memorialized. If this is a donation in honor, please provide the name of the person to be honored . If this is a donation to be targeted to a specific purpose at the Arboretum. please describe. Amount in dollars, the minimum donation we can process is $35. All payments are securely processed by Landis Arboretum retains no customer data. Landis Arboretum is a 501(c)(3) not for profit organization.  All donations are tax deductible to the full extent of the law. Outright gifts of cash and securities help Landis with day-to-day operations by providing quality education programs and The donor benefits from the income tax . The Arboretum benefits by the immediate use of funds to further our mission. Donations of materials, supplies, and equipment are also appreciated. Please",NON-EVENT,0,http://www.landisarboretum.org/donate,856,143
"Proud Sponsor of Boy Scout Troop 501 The Arboretum is pleased to sponsor Boy Scout Troop 501 under the very capable leadership of Scout Master Chuck Whitman of Mariaville. Troop 501 has been invaluable to the Arboretum, especially through volunteer efforts at our Spring/Fall Plant Sales. The Troop offers its members guided and responsible fun and adventure; trains them in citizenship, service, and leadership; engenders self-reliance; and promotes the maturing of youth prepared to participate in society. These attributes complement the Arboretum’s own educational endeavors, and the scouts make quality use of the Arboretum’s grounds. No doubt Fred Lape would be proud that his Oak Nose Farm is the site of such high ideals, noble goals, and community-minded action. , Landis Arboretum Board Champion of Troop 501 Arboretum sponsored Boy Scout Troop 501. Please visit",NON-EVENT,0,http://www.landisarboretum.org/scouting,872,135
"Hopefully we can answer a few of your questions. Where is the Landis Arboretum? In Esperance, New York, a short drive – 30 minutes or so – from Albany and the Capital Region, nestled in the beautiful Schoharie Valley, and close to major but scenic roads including I-88 and Route 20. An arboretum is a garden of trees, a place where trees and shrubs are grown for display and study. The Landis Arboretum has more than 200 acres of natural beauty, with old growth forests; collections of oaks, rhododendrons, crabapples, and native plants; perennial gardens; trails, ponds, and vistas; and MORE! Sounds like a great day trip. How could I spend the time? Pack a lunch and enjoy it at one of our picnic tables after a hike on your choice of 15 miles or so of trails. Pick up a trail map in our Welcome Center. Be sure to include our amazing Native Plant Trail, bog gardens, and the Fred Lape Trail, named after our founder. Leave a donation if you can. Why is it called the George Landis Arboretum? George Landis was a plant collector and close friend of Fred Lape. After George passed away in 1950 and left most of his estate to Fred Lape, Fred established the Arboretum on the site of the Lape family home, the 19th century Oak Nose Farm. He named it after his friend George, “who had made it all possible both in life and in death.” I’d love to bring my teenagers, but they are more interested in texting and checking their phones than in either history or the great outdoors. Any ideas? Visitors with smartphones are encouraged to take a self-guided tour of many of the Arboretum’s attractions that use QR codes to provide audio information year-round. Is Landis open all year? Landis is open 365 days a year for your enjoyment. The beauty and stillness of a winter day can’t be underestimated. Look for animals and their tracks, and breathe in the crisp frosty air. Plus, you don’t want to miss our very popular Second Sunday Snowshoe program in the months of January through March. Spend the afternoon at the Arboretum, with your equipment or ours, and enjoy a hot chocolate and conversation afterwards. Even without snow, you can still enjoy a group hike in a spectacular winter setting. I’m a birder. Is the Arboretum a good place to work on my life list? Landis is a birder’s paradise, with deep woods, open fields, ponds and transition areas, and a diversity of plant life to attract and sustain birds. In fact, the Arboretum is part of the Route 20 Bluebird Trail and features nesting boxes throughout the grounds. Are there any activities in the evening? Landis hosts a music series on selected weekends in the spring through fall. Check our website for dates and performers. And don’t miss the dark skies of Landis, easily enjoyed at a Star Party sponsored by the Albany Area Amateur Astronomers, who come to the Arboretum with world-class telescopes and lots of information to orient you to the wonders of the night. Star Parties are free (donations to the Arboretum gratefully accepted)! Other night-time activities have included family-friendly nature programs like the Halloween Owl Prowl with Science Educator George Steele. I’d like to get my kids more involved with nature. Do you have any other educational programs to recommend? Science educators George Steele and Anita Sanchez and other Landis instructors offer a great variety of programs for both children and adults, focusing on the natural environment at the Arboretum, plant and animal life, crafts, and much more. And, the Arboretum sponsors our own Boy Scout troop, another way for young people to learn about the outdoors right here in Schoharie County. Can I bring my dog to the Arboretum for a short hike? Yes, Landis is dog-friendly and welcomes well-behaved leashed dogs. Please be sure to clean up after your pets. Two waste stations with pick-up bags are located on the grounds for your convenience. The Arboretum sounds like a good place to run. Am I right? Absolutely. In fact, our trails are home to the annual Landis Forest Run, a 5K race second to none. A friend of mine bought some beautiful perennials at Landis. When are they available? The Arboretum conducts plant sales twice a year, in May and September. We have a large selection of native plants, flowers, shrubs, trees, vegetables, and herbs, including many plants that are Landis-grown. Plus, we open up our used bookshop (a real treasure), sell homemade baked goods you can’t resist, and offer free accessible guided tours and mini-workshops. I haven’t been to the Arboretum in a few years. Anything new I should look for? Definitely. There’s always something new at Landis. We’ve added the Waterfall Trail, a moderate to difficult trail with plenty of elevation loss and gain. It begins at the furthest point of the Ancient Forest Trail, and ultimately brings hikers to the Charleston State Forest. This stunning,wooded trail includes several small waterfalls and a giant bitternut hickory tree. Landis is once again a garden of sculptures. Check out our ever-changing installations by notable artists - and our resident “fearsome dinosaur” - throughout the Arboretum. And, yes, we are continuing the renovation of the Meeting House. The views are as spectacular as ever, but the space is now the home of a seasonal music series and other performances, weddings, retreats, and other events, maybe even the site of your next family reunion. This sounds like the place for me and my family. How can I find out more? Start with our website at LandisArboretum.org, where you’ll find loads of information about Landis Arboretum plus slideshows that highlight its beauty. Become a member of Landis and reap the many benefits of discounts on programs and plant sales, special events, newsletters, reciprocal admission at other arboreta and public gardens nationwide, and so much more. Your membership is invaluable to the preservation of Landis Arboretum, a natural resource we strive to continually improve and sustain for you and your family, now and in the future. Give us your email, and we will send you updates on Arboretum events, as well as the annual Calendar of Events and the quarterly Newsletter. And, become a volunteer! We have many opportunities to get involved, whatever your interests and talents. We have committees, special events, and a wealth of ideas on how you can help. Contact Susan Strangia, Volunteer Coordinator, at landisvolunteering@​gmail.​com or (518) 875-6935.",NON-EVENT,0,http://www.landisarboretum.org/faq,6437,1085
"Landis is a Member Supported Non-Profit Outright gifts of cash and securities help Landis with day-to-day operations by providing quality education programs and enhancing our beautiful collections. The donor benefits from the income tax charitable deduction. The Arboretum benefits by the immediate use of funds to further our mission. Donations of materials, supplies, and equipment are also appreciated. Landis could not accomplish a fraction of what it does without the dedication, time, and enthusiasm of its volunteers. us in making the Arboretum the best public garden it can be. Consider participation on an Arboretum Committee (Education, Buildings and Grounds, Horticulture, Publicity, Website, Special Events).​ Our Business Members and Sponsors support the Arboretum through their membership donations as well as many in-kind donations and financial support. We hope you will show your appreciation by patronizing them! Your membership dollars are critical to our economic viability and the sustainability of our collections, grounds, and educational programs. Renew your membership. Consider renewing at a higher level. Encourage your friends, neighbors, and co-workers to as well. Give the gift of membership to the beautiful Landis Arboretum! : $200 or more a year. : $2500 in one year. Admission to our Members Only Pick of the Pots Sale (POPS) at our Spring and Fall Plant Sales. Access to free or reduced-price admission and in some cases a discount in their gift shops to over 350 gardens and arboretums through the American Horticulture Society Reciprocal Admissions Program Business members receive a business card sized advertisement in each Landis Newsletter for the year. Members at the Benefactor and Lifetime levels receive a free membership each year to give as a gift.",NON-EVENT,0,http://www.landisarboretum.org/support,1795,274
"Our Staff and Board of Trustees The Arboretum is pleased to sponsor Boy Scout Troop 501 under the very capable leadership of Scout Master Chuck Whitman. Committees and volunteers are essential to the Arboretum’s work as a center of excellence in outdoor education. Fred Breglia; Wendy Kass; and Jim Paley; Jim Miller, Chair Erin Breglia, Craig Blevins, Shawn Bevins, Terrence Bevins, Wendy Kass, Jim Paley, and Steve Perog Wilma Jozwiak, Chair; and George Steele Erin Breglia; Fred Breglia, Chair; Chris Cash; Nick Miller; Ed Radle; Nan Williams; and Nick Zabowsky Nick Miller and Nan Williams Karl Gustafson, Ron Ketelsen, Jim Paley, Steve Perog, and Morgan McClary Fred Breglia, and Wilma Jozwiak; Sue Tricario, Chair Erin Breglia; Chandra Burkhart; Chris Cash; Randy Herrington; Wilma Jozwiak; Lee Lattimer; Carole Olsen; Robert Olsen; Louise Polli, Karin Savio; Sue Tricario; Fred Breglia, Chair Erin Breglia; Fred Breglia; Chandra Burkhart; Wilma Jozwiak; Lee Lattimer; Morgan McClary; and Sam McClary; Nolan Marciniec and Louise Polli, Co-Chairs Landis Perennial Forest 5K Run Co-chairs: Fred Breglia and David Roy",NON-EVENT,0,http://www.landisarboretum.org/people,1120,171
"We're always happy to hear from you. Just drop us a line and we'll get back to you. How would you like us to get back to you? The Arboretum is open daily, dawn to dusk for hiking, walking, cross country skiing and biking; no motorized vehicles are allowed on the Arboretum grounds to protect the plants. Parking is free. Please take a moment and review our Suggested donation for non-member visitors: $5/per person, $15/family.",NON-EVENT,0,http://www.landisarboretum.org/contact,427,75
"The Landis Fall Plant Sale Isn't that Far Away! Before long, the lazy hot days of summer will give way to fall, and we'll... From the Director’s Desk: Eyes on the Collections Fred Preglia, Executive DirecotDuring the winter, the ground freezes and our collections pile up with... From the Garden: Fern Glen Is a Hidden Gem Tucked beyond the Willow Pond is the Fern Glen, a collection of ferns that grow... The Dance of the Gnat In spring, you can see and hear it everywhere, the classic rites of the season... Chris Keefer: Author, Birder, and Friend of the Arboretum Chris Keefer has a history with the Arboretum and will be teaching a class at... Pinkster:  A Plant – and a Festival Pinkster azalea is a native understory plant found in moist woods and swamps of the... News & Muse from the Bluebird Trail Trail monitoring reportAll nest monitoring is conducted in accordance with The Cornell Lab of Ornithology’s... A Path for Everyone at Landis Is an uneven surface a challenge for you? Need a bit of an assist to... From the Director’s Desk: Looking Back -- Landis Over the Years When I began working at Landis as a horticulturist in 1998, the Horticulture Committee issued... From the Garden: Dwarf Conifers Landis is home to many great collections including oak and beech, ferns and native plants... News and Muse from the Bluebird Trail Trail Monitoring Report​All nest boxes were inspected and cleaned out in late August after nesting... Price Chopper Donates to Landis The Landis Arboretum was the recent recipient of a generous donation from Price Chopper/Market 32...",NON-EVENT,0,http://www.landisarboretum.org/news,1579,268
"Arboretum founder Fred Lape earned a degree in English at Cornell and started a teaching career at Stanford University, before he returned in 1928 to the farm to pursue a career in freelance writing. Selling a short story to Collier's encouraged this move, but the ensuing years, although productive in terms of writing, were not productive financially. Prolific in prose and poetry, he was involved in music, art and theater. Fred taught for a few years in the late 1930s at Rensselaer Polytechnic Institute in Troy, New York. The Landis Arboretum began as an idea. Fred Lape aimed to grow every species of woody plant from temperate regions around the world that would survive in the hills of Schoharie County. Fred’s desire had its origin in a fascination with the variations of trunk, limb and leaf. To fulfill that desire he started planting trees on the site of his 19th century Oak Nose Farm, his boyhood family home. Fred collected plants from nurseries, other arboreta, and botanical gardens through seed exchanges,and from the wild. His enthusiasm for collecting and propagation continued until his death, resulting in a unique collection of hardy trees and shrubs. Some familiar names identify his propagation projects: Rhododendron x ‘Esperance’, Syringa vulgaris ‘Schoharie’ (lilac), Chaenomeles speciosa ‘George Landis’ (quince), Malus pumila niedzwetzkyana ‘Unnamed Cultivars’ (crabapples). Fred kept careful records of his plantings, providing valuable historical documentation of his efforts. Hard work made the transition from farm to arboretum possible. His friends, with the help of a few small grants, continued to plant and maintain the grounds. In the later years of his life, he found it increasingly difficult to manage the Arboretum and slowly transferred management to the Board of Trustees. He continued, however, to be devoted to the idea of a “garden of trees and shrubs” and he created a small endowment fund prior to his death in 1985. George Landis, an academic colleague, plant collector and friend of Fred’s, was one of the early enthusiasts who helped bring about the creation of the arboretum. George Landis passed away in 1950, leaving most of his estate to Fred. This bequest allowed Fred to focus his energy on planting an arboretum. The Arboretum was established in 1951 and named for the ""friend who had made it all possible both in life and in death."" Another individual instrumental in the early stages of the Arboretum’s development was Levan Loveland. As a banker and financial advisor he was primarily responsible for the incorporation of the Arboretum as an educational institution. In addition, Loveland is remembered for his skill in and enthusiasm for flower gardening. Some of his original perennial beds that bear his name are in front of the farmhouse and continue to attract large numbers of visitors year after year.",NON-EVENT,1,http://www.landisarboretum.org/history,2872,463
"A Little About Landis Arboretum is a private, not-for-profit organization that supports a public garden incorporating hundreds of acres in Schoharie and Montgomery Counties of New York State. We're close to Albany, Schenectady, and the rest of the Capital Region. began developing the Arboretum in the 1950s on Oak Nose Farm, his family homestead. With the support of a bequest from friend and colleague George Landis, Fred strove to grow every species of woody plant from temperate regions around the world that would survive in the hills of Schoharie County. Forty acres of the Arboretum are developed with plantings of trees, shrubs, and herbaceous perennials. A seasonal favorite of our visitors is the Van Loveland Perennial Garden at the old Farmhouse. The remainder of the property consists of natural areas, woodlands, open fields, wetlands, and more than . Horticultural features include a labeled collection of nearly all the trees, shrubs, and vines native to New York State, as well as collections of notable trees, flowering ornamental trees and shrubs, conifers and oaks, and "" tough trees for tough sites Two old growth forests and additional natural areas representing various stages of succession can be found at the Arboretum. Landis has recently been inducted in the Old Growth Forest Network. Interpretive signage, including QR codes and plaques, aids visitors in their enjoyment and understanding of the collections and ecosystems of the Arboretum. Come for the day or a few hours. Landis is home to some interesting , like our resident dinosaur lurking near the pond behind the barn. Be sure to check out the two ""photo op"" stations at the back of the barn, where you can don the antlers of a mighty stag or the wings of a Monarch butterfly. And now we are pleased to invite you to visit a new feature of the Arboretum that can only bring more tranquility into your life: the , anchored by a welcoming pavilion, a lovely pond, and the soothing sounds of our waterfall. This beautiful garden is framed by a forest of young birch trees and a nearby labyrinth. With picnic tables to enjoy your lunch or just a quiet moment of reflection, the Meditation Garden is the perfect place to begin or end your Landis Arboretum is deeply grateful for support from the Nicholas J. Juried Foundation that has allowed greatly needed repair to the historic Farmhouse, improvements to the Nicholas J. Juried Meeting House and construction of the new Pavilion nearby, and the installation of a new roof and solar panels on the Barn that will power the new heating system in the Farmhouse. Since its inception in 1951 by the visionary Fred Lape, the Landis Arboretum has been a premier "" Garden of Trees and Shrubs "" in New York's Capital Region. A valuable cultural and educational resource, Landis grows each year in scope and community impact.",NON-EVENT,0,http://www.landisarboretum.org/overview,2849,479
"If you've visited the Arboretum lately, you may have noticed some interesting new denizens. In the fall of 2021, Landis added yet another sculpture, “ , to its collection. This sculpture, made of limestone, steel, and reclaimed lumber, sits near the Meeting House, majestically overlooking the Schoharie Valley. Recently, a fearsome dinosaur came to lurk beside the pond behind the barn. But the Landisauris is not the only sculpture on our grounds. Wonderfully oversized works by artist Samuel E. Bates are placed in the fields around the Arboretum. He started it with “All There Is To Be”, a 21’ tall sculpture from his rusty metal series located at the entrance to The Meeting House where Samuel also originated the “Full Moon Music Series” inspired by the concerts at his residential private stage. This music series is intended to give local artists a platform to play their original music in a wonderful listening room. His second sculpture, “August”, a 20’ animalistic piece from the same series, can be seen by the lower pond near the barn. Samuel’s third installation is “A Shattered Life” - a painted steel and stainless steel piece depicting the strength and fragility in all of us, is placed at the head of the new lilac trail. We hope to continue to build our sculpture trail, adding to the intriguing sights at Landis!",NON-EVENT,1,http://www.landisarboretum.org/sculpture-at-landis,1332,225
"The Arboretum is open daily, dawn to dusk for hiking and walking; no motorized vehicles are allowed on the Arboretum grounds to protect the plants. Parking is free. to view and download a full color trail map, or pick one up at our Visitor Center in the lower parking lot. The grounds are open every day of the year from dawn to dusk. Please sign in each time you visit. The Arboretum is free to the public. A donation of $5 is suggested from those who are not members of the Arboretum to help maintain the grounds. Motorized vehicles and bicycles are allowed ONLY in the parking lots. Because motorized vehicles and bicycles can destroy important Arboretum collections and make the grounds less usable for other people, cameras have been mounted around the grounds to ensure that this rule is maintained. There are no trash facilities. Please carry out what you bring in. Dogs are welcome, but must be leashed and kept away from flower gardens. PLEASE consistently scoop your dog's poop and carry it out with you or place it in one of our Pet Waste Receptacles located near the entrance and at the Meeting House; it is very unpleasant for visitors to accidently discover unscooped poop. No guns of any sort are allowed on the grounds. No horses are allowed on the grounds. No wading or swimming in ponds; please do not throw anything into the pond at the Meditation Garden. Collections of flowers, cuttings, seeds, or other plant material is prohibited without express prior approval from Arboretum staff.",NON-EVENT,0,http://www.landisarboretum.org/visit,1506,261
"Star Party moved AGAIN, to Monday, May 26 at 9 PM",EVENT,2,http://www.landisarboretum.org/,49,11
Join us to gaze at the sky!,NON-EVENT,0,http://www.landisarboretum.org/,27,7
"Don’t miss this fun and informative class! June 8, 10:00 AM",EVENT,3,http://www.landisarboretum.org/,59,11
"Sunday, May 25, 1 PM We're open from dawn-to-dusk every day. Visit Landis and enjoy a walk or ski on more than eight miles of trails, visit our or just relax in our Entries are closed - now the wait begins! Lan­dis is an arbore­tum and pub­lic gar­den incor­po­rat­ing Mont­gomery​Coun­ties of New York State. Open year-round Lan­dis is a great place to hold your next with spec­tac­u­lar views of the Schoharie and Mohawk valleys. and gar­dens, hike or ski on more than fif­teen miles of trails or just relax in the peace­ful con­fines of the The grounds are open from dawn to dusk every day. Lan­dis Arbore­tum offers a vari­ety of events, class­es and activ­i­ties through­out the year. From edu­ca­tion­al class­es and live music to guid­ed year round explo­rations of the grounds, check out our cal­en­dar of Sub­scribe to our newslet­ter or read the lat­est news online to nev­er miss out on a thing. wedding, celebration or other event on hundreds of acres with a Landis Arboretum: Who We Are Landis Arboretum: Yesterday, Today ... Your membership dollars, donations and volunteer efforts are critical to our economic viability and the sustainability of our collections, grounds, and educational programs. Landis Arboretum is a 501(c)(3) not for profit organization. All donations are tax deductible to the full extent of the law. The Arboretum is open daily, dawn to dusk for hiking, walking, cross country skiing and biking. Please take a moment and review Subscribe to our quarterly email newsletter and never miss a thing. privacy policy Landis Arboretum will never sell or share your Before long, the lazy hot days of summer will give way to fall, and we'll be preparing for the always... Fred Preglia, Executive DirecotDuring the winter, the ground freezes and our collections pile up with snow. It is typically a... Erin McKenna Breglia, with contributions from Nan Williams and Ann Bevins Tucked beyond the Willow Pond is the Fern Glen, a collection of ferns that grow naturally in New York State... In spring, you can see and hear it everywhere, the classic rites of the season: a turkey strutting, tail outspread... Chris Keefer has a history with the Arboretum and will be teaching a class at Landis, Early Birding: A Birding... Star Party ANOTHER DATE CHANGE!",NON-EVENT,1,http://www.landisarboretum.org/,2278,378
"The Albany Area Amateur Astronomers will be hosting the following star parties in 2025 at Landis Arboretum:Saturday, Mar 29 –...",EVENT,2,http://www.landisarboretum.org/,128,20
"Nature writing gives us a chance to explore and recount the experiences that await us outside. Connecting with Nature offers... Recalibrate - Yoga and Forest Bathing Leave your phone in the car. Bring your journal. All day, every day we are bombarded with information: from... Drum Circles Return to Landis!Drumming is returning to Landis! Join us from 6:30 to 8:30 PM on the first and... Ice Dyeing is an unpredictable way of dying natural fabrics. The powdered dyes break down to the individual colors...",NON-EVENT,1,http://www.landisarboretum.org/,506,84
Meet in lower parking lot across from the Farmhouse Meet at the Nicholas J. Juried Meeting House Bluebird Trail Walk #3 – “Tree Swallow-Palooza” Location: Meet at the Welcome Center Pruning 2025 - The Basics and Beyond! THe Nicholas J. Juried Meeting House The Book Room in the Barn Navigating with a Magnetic Compass Meet at the lower parking lot,NON-EVENT,0,http://www.landisarboretum.org/events,347,60
Come to Landis during any season of the year to walk among our collections and learn more about the natural world.  We are in the process of creating audio trail and collection guides that you will be able to access through QR codes with your smartphone or tablet. The first collection to have QR codes for its entirety will be the Old Growth & Natural Areas,NON-EVENT,0,http://www.landisarboretum.org/collections,358,66
"Twice Each Year Landis Hosts A Plant Sale The plant sale at Landis. The Spring sale is the weekend after Mother's Day, the perfect time to be planting for the beginning of the growing season. The Fall sale is a wonderful time to be planting perennials. Both sales features selections from respected local consignors, plants grown and tenderly potted up by Landis volunteers, and plants grown in our own greenhouse. We feature many native plants, and often have a ""theme"" plant type for the spring sale. Both sales begins with a Pick of the Pots (POPS) preview sale and party for Arboretum members on the Friday evening before the sale weekend (check out Activity Calendar for times). If you are not currently a member, we will happily help you join at the gate! The sale continues on Saturday and Sunday from 10 am to 4 pm in both seasons. What's all the fuss about? Twice each year, Landis hosts one of the best plant sales you'll find - and enhances them with wonderful baked goods and a Book Sale Room chock full of books (many about gardening and related topics, but also fiction, philosophy, fun . . . you name it!)The sales have become a perennial favorite with many of our members and friends. Here is a sampling of what they have to say: “We return each year... because we are looking for something unique and unusual... and we’ve never been disappointed.” “It’s a great learning experience. The plant sale draws plant collectors, gardeners, and enthusiasts with an immense body of [horticultural] knowledge...” “Ed Miller gives the best native plant tours. After one of Ed’s tours, I will never see an Adirondack bog the same again.” “It’s a great time to socialize and meet new friends. Landis does not lack for interesting and colorful personalities.” “... we will continue to shop at the Landis sales to support the Arboretum, to show our appreciation for the hard work that putting the sale together entails, to search for just the right plant, and to see what the weather on the hill be will THIS year!” “Just when you think you don’t need any more plants, you realize that you do!” And yes, we can always use volunteers -- for setup before the sale, cleanup afterward, all sorts of things during the sale, as well as baking for our bake sale and book donation for our book sale.",NON-EVENT,0,http://www.landisarboretum.org/sales,2293,405
"The Arboretum occasionally needs equipment or supplies, or even volunteers with specialized skills. If you'd like to help us with some of those, take a look at our current wish list and drop us an email at",NON-EVENT,0,http://www.landisarboretum.org/arboretum-wish-list,205,37
"In order to help stop the spread of the COVID-19 virus, many things have been cancelled at the Arboretum.  If you enjoy this classes and performances and can afford to, please consider Landis — any donation is sincerely appreciated and tax-deductable! Landis Arboretum: Yesterday, Today & Tomorrow Mark and Jill Full Moon Music concert at Landis Phil Drum Live at Landis Full Moon Music Series Firefly Frenzy with George Steele Landis Arboretum 5K Course Video Red Wagon Live from Landis (Pt. 1) Red Wagon Live from Landis (Pt.2) Chris Dukes and Jeff Garrison - Live at Landis! Gail Sparlin and Larry Finke George Steele - 2021 Hawk Watch and Hawk Identification Workshop (Pt.1)",NON-EVENT,1,http://www.landisarboretum.org/video,678,113
Current Issue - Spring 2025,NON-EVENT,1,http://www.landisarboretum.org/newsletters,27,5
"News & Muse from the Bluebird Trail – Bluebird Blog Summer 2025 Issue Please submit any comments, questions, or suggestions to birding@landisarboretum.org. News from the TrailTrail monitoring reportAll... News & Muse from the Bluebird Trail –  Spring 2025 Issue",NON-EVENT,1,http://www.landisarboretum.org/birding,261,39
"The Bird Blog, September 2024",EVENT,2,http://www.landisarboretum.org/birding,29,5
"September, 2024News & Muse from the Bluebird Trail – Bluebird Blog Autumn 2024 IssueBy Shayne... The Bird Blog, June, 2024 (Read the first part of the News and Muse summer report in our Newsletter here.)One...",NON-EVENT,1,http://www.landisarboretum.org/birding,209,35
"The Bird Blog, March 2024",EVENT,2,http://www.landisarboretum.org/birding,25,5
"March, 2024The Landis Arboretum Bluebird Trail features 40 nesting boxes located throughout our grounds. This...",NON-EVENT,0,http://www.landisarboretum.org/birding,112,15
"Bluebirds and Birding at Landis Landis is a birder's paradise ... Landis Arboretum is a birder’s paradise, with deep woods, open fields, ponds and transition areas, and a diversity of plant life to attract and sustain birds. In fact, the Arboretum is a New York State Birding Trail site, an Audubon Society designated Important Bird Area, a NYSDEC Watchable Wildlife Site, and part of the Route 20 Bluebird Trail. The Arboretum has its own Bluebird Trail which features 40 nesting boxes located throughout the grounds. Visit to access the quarterly Bird Blog for updates on birding and the Bluebird Trail Over the years we have had good success attracting bluebirds. Volunteers assist with monitoring and maintenance of the Bluebird Trail. Monitoring results are reported to bird conservation organizations to aid in scientific research and conservation efforts. The Bluebird Trail generally overlaps our established hiking trail network making most nest boxes easy to observe. Our Trail Map & Visitors Guide and the companion Bluebird Trail Map are both available on our Discover/Maps & Guides webpage to help visitors find the nest boxes. While bluebirds do get extra attention at Landis, that does not mean that other nesting species are ignored. Our Bluebird Trail nest boxes are also used by tree swallows and house wrens, and these birds are monitored as well. Additionally, there are nest boxes designed for other bird species scattered about the property. And, of course, birds utilize whatever else suits their needs for nesting on our property whether it be natural or human-made. Birding at the Arboretum isn’t just about nesting. There is much else to observe here year-round - watching hawks migrate from our Meeting House deck in springtime, seeing fledglings that hatched here grow up during summer, attending the Halloween Owl Prowl, and photographing our winter residents. If you would like to get more involved with birds and birding at Landis keep on the lookout for bird-related field trips and events at our website under News & Events on the webpages. On our News & Events/Landis Newsletter webpage you will find bird-related articles from time to time. Listed at the bottom of this page are links to some past newsletter articles and videos from previous classes. Those seeking more detailed bird information are encouraged to visit the websites of noteworthy bird conservation organizations such as The Cornell Lab of Ornithology, North American Bluebird Society, New York State Bluebird Society, and the Audubon Society. Bluebirds and other cavity nesting birds may begin investigating nest locations by early spring. Between March 15 and September 15, please do not linger near any of the nest boxes or you may cause abandonment. Only Landis Arboretum staff and wildlife researchers (with prior approval) are permitted to touch a nest box. Check the links below for links to Landis Newsletter articles and class videos relating to birds: George Steele Early Morning Bird Walk S-L-O-W Birding: A Primer for Beginners Birds Who Call Landis Home Spotlight on Allies: New York State Bluebird Society From the Meeting House Deck: A Birder's View George Steele 2021 Hawk Watch and Hawk Identification Workshop Part 1 George Steele 2021 Hawk Watch and Hawk Identification Workshop Part 2 George Steele's Halloween Owl Prowl 2021 Just for Kids (and the Young at Heart): Tracking the Timberdoodle Life and Death on the Lawn The Care and Feeding of Hummingbirds",NON-EVENT,0,http://www.landisarboretum.org/bluebirds-and-birding-at-landis,3477,559
"The Shanti Vun Meditation Garden The Shanti Vun Meditation Garden (or Peace Forest) is a lovely, tranquil spot established at Landis Arboretum in 2019. Thanks to support from Landis friend Vijaya Luxmi and the efforts of dedicated volunteers, the Garden took shape during the pandemic years of 2020 and 2021 and continues to be developed. Vijaya Luxmi wanted to create Shanti Vun in memory of her father, Darshan Lal, and mother, Kamla Devi. The various trees honor the memories of her close friends and relatives, all now dancing in the winds of Landis Arboretum and Shanti Vun Meditation Garden. Visitors can enjoy the musical notes of the waterfall in the garden pond or sit at a picnic table in the covered Pavilion for lunch or just to relax and enjoy the view. The existing meditation labyrinth has been renewed, and in a few short years, the newly installed birch grove will be mature. Already, visitors are finding the garden a joyful place to be. During fine weather, the Garden becomes home to at 7:00 PM each first and third Thursday of the month. When you come to enjoy this peaceful spot, please refrain from dropping anything into the pond; do not feed the fish (it isn’t healthy for them) or toss pebbles into the water. For your own safety and for the structural integrity of the pond, do not climb on the rocks surrounding the pond or the waterfall. If you visit with your well-behaved, leashed dog, remember to clean up and dispose of any “gifts” they may leave so the area remains pleasant for everyone. If you visit to have lunch, remember the Scout rule: “ ”. There are trash and recycling bins in the Welcome Center. Enjoy the photographs below to see the garden before you visit.",NON-EVENT,0,http://www.landisarboretum.org/shanti-vun,1702,299
The George Landis Arboretum depends on volunteers for everything from garden and trail maintenance to social media and marketing. Volunteer as little or as much you like and we're happy to work with any schedule. Contact our volunteer coordinator at How would you like us to contact you? Please check all that apply. Less than 10 hours a month Less than 20 hours a month More than 20 hours a month Please tell us a little more about yourself.,NON-EVENT,0,http://www.landisarboretum.org/volunteer,442,79
"An Audio Introduction and Self Paced Tour to the audio for our QR codes, placed throughout the Arboretum to guide links below for introductory information on Landis, the QR program, the perennial gardens, and the herbarium. Your browser does not support the Self-Guided Tour of the Native Plant Trail",NON-EVENT,1,http://www.landisarboretum.org/audio,300,49
"Artist, Band & Parade Submission Employers: Submit A Job Listing",NON-EVENT,1,https://www.boulderdowntown.com/events/employee-appreciation-week,64,10
"Monday - Sunday, June 2 - 8, 2025",EVENT,2,https://www.boulderdowntown.com/events/employee-appreciation-week,33,8
"It's because of all of you, our downtown employees, that the downtown district continues to thrive.  Your hard work does not go unnoticed and is appreciated more than you can imagine.  Each year, the Downtown Boulder Partnership teams up with various businesses and local groups to celebrate the downtown workforce.  Are you ready for a week of special offers, happenings and fun to honor All employees (from office and restaurant workers to retail sales staff and everyone else in between) throughout the entire Downtown Boulder Business Improvement District are invited to celebrate Employee Appreciation Week (EAW)! To participate, you must pick up a sticker that will identify you as a downtown employee.  Stop by the Downtown Boulder Visitor Information Center (1303 Pearl Street) Tuesday, May 27 through Sunday, June 8 from 10 am - 8 pm daily .  This year we have  tasty giveaways and a drawing when you pick up your sticker (while supplies last).  You can pick up stickers for your colleagues.",NON-EVENT,0,https://www.boulderdowntown.com/events/employee-appreciation-week,1000,164
"$5 City of Boulder parking discount (valid in a downtown garage June 2 - June 6, 2025, limited to 400 employees while supplies last, and coupon can only be used one time)",EVENT,2,https://www.boulderdowntown.com/events/employee-appreciation-week,170,32
"$10 gift card to the Rio Grande Mexican Restaurant ( This includes one glass of wine for each person and a charcuterie spread! Only the employee(s) who are in person for the sticker pick-up can enter to win.  Entries must be placed by 4 pm on Thursday, June 5. Look through the sections below to learn more about the fun ways we are celebrating all downtown employees with the Downtown Showdown games, a photo contest, Employee Spotlights, Breakfast Burritos on the Bricks, and a  Downtown Unwind (wellness day)! is the Official Prize Vault of Employee Appreciation Week! Winners of the prizes will be notified on Friday, June 6. Check back often for updates. Check out photos from last year's festivities! Whether it's a favorite view, a striking architectural detail, or a candid moment of downtown joy— we want to see it . Snap a photo that captures what you love about downtown Boulder and share your unique perspective with us. Mountain Sun Pub & Brewery Just for you - all week long You are invited by restaurants, retailers, and other downtown businesses to enjoy a special discount, promotion, or treat in their shops. Map out who you are going to visit this week! Remember your Downtown Employee Sticker! Breakfast Burritos on the Bricks They say breakfast is the most important meal—and we’re making it the most fun, too! Swing by",NON-EVENT,0,https://www.boulderdowntown.com/events/employee-appreciation-week,1340,230
"the 1400 block on Tuesday, June 3 from 8:30–10 AM",EVENT,3,https://www.boulderdowntown.com/events/employee-appreciation-week,49,10
"to grab a mouthwatering burrito (while supplies last!) and enjoy a fresh cup of coffee while catching up with neighbors or co-workers. Thanks to the generosity of your morning is about to get a whole lot tastier.  Coffee is provided by Breakfast is served on a first come, first served basis — come early and enjoy! Even if breakfast isn't your thing,  employees can stop by can enter to win one: Big Red F Restaurant Group Full month of coworking at Downtown Showdown & Happy Hour Formerly Office Olympics, we've reinvented this annual tradition to bring more teams to the games!  We know the thrills, laughs and energy keep bringing teams back year after year ... and if you've never joined us, this is your year. Mountain Sun Pub & Brewery top teams, best costume and best team name, you don't want to miss this year's competition to win bragging rights and the traveling trophy. ***New this year: a recovery station from Showdown Details & Team Registration It's time to relax and unwind.  Take an hour or a few minutes ... but ! We've built out a full day of R&R for you including options at Yoga Pearl, Symmetry360 Massage, Wonder, Leaf, Boulder Dushanbe Teahouse, Colorado Glass Works, Onus IV Therapy + Longevity and Clean Your Dirty Face. Visit the shops and be entered to Shine the light on our incredible downtown employees by nominating them for an Employee Spotlight.  You can nominate a co-worker, your favorite coffee barista, waiter or any other downtown employee who deserves special recognition. Employees who are nominated will receive a complimentary concert ticket to a show at the , a complimentary coffee at , plus be entered to win gift cards from downtown businesses. Nominate an Employee & View the Spotlights Thank You to our  Event Sponsors for Making this Week Possible! All Rights Reserved. Site by",NON-EVENT,0,https://www.boulderdowntown.com/events/employee-appreciation-week,1828,313
The City of Boulder is proud to present a handful of signature,NON-EVENT,1,https://www.boulderdowntown.com/events/arts-in-the-park,62,12
"performances each season. The program continues to provide accessible opportunities for the community to engage with each other and the arts. The program was created in 2021, serving as a boost to the economy, clearing barriers for local arts organizations, reactivating Boulder’s Civic Area and helping rebuild our connection with each other and the arts. This summer, performances from the Boulder Ballet (Saturday, June 7 & Sunday, June 8), Boulder Symphony (Friday, July 4), River Mann Band (Saturday, July 12), Theater Performance by the Arts Hub  (Saturday, July 26), Boulder Opera (Saturday, August 2 & Sunday, August 3).",EVENT,2,https://www.boulderdowntown.com/events/arts-in-the-park,628,98
"Saturday, June 7 & Sunday, June 8: Boulder Ballet 7- 9 PM (Saturday) & 2 - 4 PM (Sunday) | Boulder Bandshell (1212 Canyon Blvd.) from 7 PM - 9 PM and from 2 PM - 4 PM. This mixed repertoire program features a collection of short works that showcase the expansive range of ballet and the incredible works that have been performed throughout the season. Join the community at the historic Glen Huntington Bandshell for a family-friendly open air experience. Food will be available for purchase from local food trucks. Beer and wine will be available for purchase, with proceeds benefitting the . Guests are welcome to bring outside food into the venue, however, outside alcohol may not be brought into the venue. Friday, July 4: Boulder Symphony",NON-EVENT,1,https://www.boulderdowntown.com/events/arts-in-the-park,743,129
7:00 PM - 9:00 PM | Boulder Bandshell (1212 Canyon Blvd.),EVENT,2,https://www.boulderdowntown.com/events/arts-in-the-park,57,11
"Celebrate Independence Day with the Boulder Symphony! Saturday, July 12: River Mann Band Enjoy a special outdoor concert folk-rock local band, River Mann Band!",NON-EVENT,0,https://www.boulderdowntown.com/events/arts-in-the-park,159,24
"Saturday, July 26: Theater Performance by The Arts Hub",EVENT,2,https://www.boulderdowntown.com/events/arts-in-the-park,54,9
"Join local Boulder county nonprofit, The Arts Hub for a theater performance. Saturday, August 2 & Sunday, August 3: Boulder Opera presents a family-friendly concert will feature some of Boulder’s most talented rising artists, performing classic arias and scenes from Das Rheingold, Die Walkure, Siegfried and Gotterdammerung. This traditionally 12 hour piece is reduced to two hours for the viewing pleasure of the audience. Come experience some of the most famous opera pieces in history! Enjoy Opera while with your family, friends or a romantic date. There will be a fenced beer garden and food trucks.",NON-EVENT,1,https://www.boulderdowntown.com/events/arts-in-the-park,605,96
"Accepted at over 100 Businesses in Downtown Boulder. The Downtown Boulder Gift Card issued by Pathward, N.A., Member FDIC. Great for co-workers, friends, family, teachers & coaches! Available in any denomination from $10 to $500.  Buy online or in person. Shipping available.  Funds never expire. The card comes with a gift holder and list of participating merchants.  Mail the card directly to you or recipient or it can be picked up in person. Spend it at as many different places (where the card is accepted) as you like - Enjoy over 100 shops and restaurants downtown! The Downtown Boulder Gift Card is accepted at over 100 local businesses. Buy Online or In Person The Card is a prepaid Card loaded with a specific amount of funds, redeemable to buy goods and services at participating merchants ONLY. No additional funds may be added to this Card. The Card is NOT a credit Card. The Card is not a checking account or connected in any way to any account other than a stored value account where your funds are held. If you have registered your Card, the funds will be insured by the Federal Deposit Insurance Corporation (“FDIC”), subject to applicable limitations and restrictions of such insurance. You may register your Card by logging into You may use your Card at participating merchants only. (A list of participating merchants can be found .) Each time you use your Card, you authorize us to reduce the value available on your Card by the amount of the transaction. Your Card cannot be: (1) redeemed for its cash value; (2) used to obtain cash in any transaction; (3) used for illegal transactions; (4) used to make foreign transactions; or (5) used for purchases where recurring payments may occur, such as subscriptions, memberships, rentals, etc. For security reasons, we may limit the amount or number of transactions you can make on your Card. For the card transaction history, visit or 800-755-8713. Unless prohibited by law, if a replacement Card is issued for a lost, stolen or damaged card, a $5.00 Replacement Card Fee per card will be charged. Not redeemable for cash or credit except as stated in the . Purchase, acceptance or use of Card constitutes acceptance of Card Agreement. Accepting the Downtown Boulder Gift Card Keep up with events, promotions, openings and sales.",NON-EVENT,0,https://www.boulderdowntown.com/shopping/downtown-boulder-gift-card,2297,389
"Artist, Band & Parade Submissions Thank you for your interest in Downtown Boulder events! Please see below for information on applying for our art shows, Alley Gallery program, concert series and to have a float in our parade. If you are interested in sponsorship or onsite exhibitor opportunities,",NON-EVENT,1,https://www.boulderdowntown.com/events/submissions,298,48
Downtown Boulder accepts submissions for our annual event series from late October through late February each year.  The deadline for 2025 band submissions has passed.  Please check back here in late October 2025 for our submissions information for 2026.,EVENT,3,https://www.boulderdowntown.com/events/submissions,254,39
Please Note: Downtown Boulder does not accept email or phone solicitations from bands.,NON-EVENT,0,https://www.boulderdowntown.com/events/submissions,86,13
"The 2025 Pearl Street Arts Fest will take place July 18 - 20, 2025. The artist application deadline has passed. Accepted artists will be notified by the end of March 2025. The 2025 Firefly Handmade show at the Downtown Boulder Fall Fest will take place October 3 - 5, 2025.  Application dates will be announced soon!",EVENT,2,https://www.boulderdowntown.com/events/submissions,316,56
"The Boulder Alley Gallery is a Downtown Boulder Community Initiatives (DBCI) program as part of an ongoing commitment to enhance the downtown district landscape for locals and visitors alike. The project repurposes alley and back-of-building doors into an outdoor artist gallery featuring the works of local talent.  More than 200 doors within the downtown district could qualify for this project. Downtown Boulder Community Initiatives (DBCI) has closed its call for artists for the Boulder Alley Gallery until there is additional need for artwork in the Alley Gallery Catalog of available art.  If you would like to be notified about future opportunities for artists, please fill out this form",NON-EVENT,0,https://www.boulderdowntown.com/events/submissions,695,108
"Join us for the 2025 Lights of December Parade scheduled for Saturday, December 6, 2025 at 6 pm. An entry registration form will be posted here in fall 2025. Please check back!",EVENT,3,https://www.boulderdowntown.com/events/submissions,176,32
"If you have any questions about participating in Downtown Boulder events, please",NON-EVENT,0,https://www.boulderdowntown.com/events/submissions,80,12
"Are you a fashionista? A lover of good bargains? A retail enthusiast? Then you've found the right place! Downtown Boulder has over 150 retailers (80%+ of which are locally owned and operated) so you can be sure to find unique pieces each time you visit. In 2021, named Pearl Street ""The Rodeo Drive of Outdoor Apparel"" for good reason. From designer duds and athletic gear to locally produced accessories and everything in between -  shopping in our downtown district is an experience unlike any other! May is a busy month filled with celebrations! Leave behind the stress that comes with sparking gift-inspiration when you check out this year's , each stocked with one-of-a-kind finds from your favorite local retailers. Check here each month for updated specials from your favorite downtown retailers. Happy shopping! Enjoy a 10% discount off all of our art inventory now through the month of May! Rembrandt Yard’s current exhibit, Nature & Form, is an inspiring exploration of the connections between art and the natural world. This exhibit features the works of four talented local female artists — Richelle Cripe, Casey Hebb, Heidi Love Larraz, & Cindi Yaklich — each offering their own perspective on nature’s beauty and complexity. Golden Ticket Sale at HAVEN! Enjoy 30% Off One Item Over $250 — Just in Time for Mother’s Day! Yes, that includes sale items! Come on in and find the perfect gift for Mom — or treat yourself to something special. You deserve it. Hurdle's Jewelry is doing a Giveaway! For the month of May, Hurdle's Jewelry is giving away a piece of jewelry on their Instagram! Follow @hurdlesjewelry for details on how to win! Half off last year's Flax clothing! The new Flax orders are coming in, and we need to make room for them.  Last year's trousers, jackets, shirts, skirts, and dresses all half off! Stop by Alpaca Connection for a special Mother's Day Sale! Additionally, enjoy 50% off discount of selected summer merchandise perfect for Mother's Day. Join us at Savory Spice Shop May 9th-11th to say Thank You Mom all weekend long! May 10th we will be hosting a Mother's day in store event. Enjoy 25% off all gift sets. Spend $50 or more receive a small flower bouquet (while supplies last). All weekend we will offer $10 off your order and a free jar of our Emerald City blend when you spend $50 (cannot be combined with gift set promo.) Come see us and we'll help you find the perfect gift for your mom! OMBRAZ pop up at otto + co Check out Ombraz's first-ever retail pop up inside otto + co (939 Pearl St) open now through the end of June! Stop by, say hi and check out their one-of-a-kind armless sunglasses. otto + co a rotating brand experience 10% Off total Purchase for any 2025 CU Boulder graduates. Show us a grad pic, your buff one card or just tell us you graduated!",NON-EVENT,1,https://www.boulderdowntown.com/shopping/monthly-shopping-specials,2809,492
"With hospitality as their guiding light, the downtown restaurant community is dedicated to keeping the entrepreneurial spirit of Boulder alive and thriving. Come downtown for a great meal, warm atmosphere, and some familiar faces. When you choose to dine at a local restaurant, enjoy a coffee along Pearl Street, or bring a friend downtown, you’re investing in the heart of Boulder. Your support helps us strengthen our economy by creating jobs, supporting regional agriculture, and keeping money circulating locally; every dollar spent in a local restaurant contributes more than double that amount to our economy. As small, independently owned businesses, restaurants fuel our collective growth and your support helps maintain downtown Boulder as the warm, thriving community we all cherish. Together, we can keep the heartbeat of Boulder beating strong. restaurants that accept the downtown boulder gift card Asian / Sushi / Indian Coffee / Tea / Juice / Treats Eat & Be Happy Promotion Italian / Mediterranean / Pizza Mexican / Latin / South American Amu Sake Bar and Restaurant The Attic Bar & Bistro Boulder Spirits by Vapor Distillery Gelato Boy (Pearl Street Mall) Glacier Homemade Ice Cream (cart) Hapa Sushi Grill & Sake Bar Jax Fish House & Oyster Bar Jill's Restaurant & Bistro at St Julien Hotel and Spa Ku Cha House of Tea - Boulder Lindsay's Boulder Deli @ Häagen Dazs The Lounge at Boulder Theater OZO Coffee Roasters  (East Pearl) OZO Coffee Roasters (West Pearl) Pearl Street Pub & Cellar Pedro's Tacos & Tequila Bar Sherpa's Adventurers Restaurant & Bar",NON-EVENT,0,https://www.boulderdowntown.com/dining/dining,1572,256
Soak up patio vibes all year long.,NON-EVENT,0,https://www.boulderdowntown.com/dining/outdoor-dining-downtown,34,7
"On September 1, 2022, the City of Boulder launched the in response to the success of temporary outdoor dining expansions during the COVID-19 pandemic. The new, five-year Pilot Program runs through October 31, 2027!  See participating downtown restaurants below and check back frequently to view newly added restaurants!",EVENT,2,https://www.boulderdowntown.com/dining/outdoor-dining-downtown,319,48
"With over 150 retailers (82% of which are locally owned and operated), downtown Boulder is home to outdoor apparel shops, artistic endeavors and clothing from your feet to the top of your head. You are sure to find the perfect gift (or treat for yourself) whenever you shop in the downtown district. Happy exploring! Retailers that accept the downtown boulder gift card Arts & Crafts / Galleries Home / Kitchen / Garden Liquor / Markets / Tobacco Retail Carts on the Mall Bedell & Co. Fine Antiques & Estate Jewelry Best Ebike Tours - Ride Colorado Central Park (13th and Canyon) Boulder Museum of Contemporary Art El Loro Jewelry & Gifts Heads Up, The Hat Cart Nomad Bead Merchants / Adorned Paradise Found Records & Music Rebecca's Herbal Apothecary & Supply",NON-EVENT,0,https://www.boulderdowntown.com/shopping/shopping,760,131
"Volunteer for Downtown Boulder Events Thank you for your interest in volunteering for Downtown Boulder's events! We rely on the help of many wonderful volunteers throughout the year. We are grateful to our volunteers for your willingness to support us and our community. It's thanks to awesome volunteers like you that we are able to produce free, community events year after year. Opportunities will be posted here as they become available - please check back often!",NON-EVENT,0,https://www.boulderdowntown.com/events/volunteer,467,76
"Wednesdays, June 11 - July 30, 2025 | Various shifts and times from 5:30 - 9 pm",EVENT,3,https://www.boulderdowntown.com/events/volunteer,79,17
"Grab your friends and co-workers to volunteer at Boulder County's premier free outdoor summer concert series! From alternative to oldies and everything in between, Bands on the Bricks is a fun time for all. We are looking for volunteers to help run the bar, sell drink tickets, and greet/float. See you on the bricks!",NON-EVENT,1,https://www.boulderdowntown.com/events/volunteer,317,54
"Friday, July 18 - Sunday, July 20, 2025 | Various shifts and times throughout the weekend",EVENT,2,https://www.boulderdowntown.com/events/volunteer,89,16
"Sign up to help out at Boulder's oldest arts festival! Pearl Street Arts Fest is a juried celebration of visual arts celebrating painting, photography, jewelry and more. The event features artists from around the country, children's art activities, live interactive performances, and more. We are looking for enthusiastic volunteers to help with event set-up, water purveying, and booth sitting for artists.",NON-EVENT,1,https://www.boulderdowntown.com/events/volunteer,407,61
"Happy Hour in Downtown Boulder After the sun sets over the Flatirons, Downtown Boulder transforms effortlessly into a vibrant nightlife scene with tons of great live music and bars. (Be sure to check our for performance listings.) With award-wining mixologists and a ton of options all within the walkable downtown district, there is no shortage of happenings and deliciously creative libations to enjoy! C heckout some of our favorite happy hours below. Monday - Friday, 2 PM - 5 PM Monday - Friday, 3 PM - 5 PM Specials on drinks from 3-5pm, Monday-Friday Daily, 2:30 PM - 5:30 PM; Online 2:30 PM - 4:30 PM 2 for $12 sushi rolls $12 sake bomb (21oz Kirin and large hot sake) $7.5 large flasks fruit infused sake Daily, 3 PM - 8 PM Food: Free chips and salsa after you order from the bar | Drinks: $1 off all House and Coin Margaritas, $4 off Party Margs, $1 off all Draft Beers, $1 off Large Chips & Queso or Guac Daily, 5 PM - 7 PM Food Specials: $7 small bites | Drink Specials: $9 Cocktails, $1 off wine. Jill's Restaurant at the St Julien Hotel and Spa Food Specials under $15 | Drinks: $6 Draft Beers, $10 Cocktails, $9 House Wines Daily, 3 PM - 6 PM; All day Monday Food Specials and $2 off all Special Rolls | Drinks: $5 Avery Seasonal Draft, $8 House Wine & Well Cocktails, $6/9 Hot Sake (S/L), $9 Cold Sake (L), $9 Bartender’s Choice Cocktail and Sangria Daily, 3 PM - 7 PM Food Specials: $12 Green Chili Fries, $12 7  Layer Dip, $14 Pedro's Nachos and more. | Drinks: ($6) House Margaritas, ($4) Draft Beer. Wednesday - Saturday, 5 PM - 7 PM Food: $5-9 Soup, Chili, Wings, and more! | Drink Specials: $4 Draft Beer, $8-11 Wine, $8-10 Cocktails. Monday - Friday, 3 PM - 6 PM; Thursday - Saturday, 8 PM - 10 PM Daily, Drinks: 3 PM - 5 PM; Food: 3:30 PM - 4:30 PM Tuesday - Saturday, 4 PM - 6 PM; Sunday, all day Monday - Friday, 3 PM - 6 PM Food Specials | Drinks: $4 Jameson shots, $2 off 1L Biers, $1 off 0.5L Biers, $4 Well Cocktails, $2 off all Wines Daily, 3 PM - 6 PM Food Specials: Soup, Chili, appetizers $5 - $9 | Drinks:  $8 - 9 Cocktails, $4 Draft Beers, Wine $6 - $11 Monday - Friday, 4 PM - 6 PM Food Specials | Drinks: Discounted wines, cocktails, and beers Monday - Friday, 4 PM - 5:30 PM; Saturday - Sunday, 2:30 PM - 5 PM Daily, 5 PM - 8 PM Drink Specials | $2 off draft beer, $2 off signature cocktails, $7 well cocktails, and more. Stay for the live music! Tuesday - Sunday, 3 PM - 6 PM Tuesday - Saturday, 3 PM - 5:30 PM; Monday 4 PM - 5:30 PM Daily, 4 PM - 6 PM Drinks: $Espresso Martini, $8 Mojito, $8 Saturn, $9 Pina Colada, $6 Strawberry Daiquiri, $8 Blue Hawaii. Food: $8 Cheeseburger, $4 Fries, $9 Wedge Salad. Monday - Sunday, 4 PM - 7 PM Monday - Friday, 2 PM - 6 PM Appetizers $6 - $14, Drink Specials: $5 House wine, well cocktails, and draft beer flights; 2 for 1 draft pints Beer, Wine, Sake $5.50 | Nigiri and Sashimi $4 | Appetizers $7 | Sushi Rolls $9 Daily, open - 5 PM Join us daily 'til 5 PM for $6 glasses of wine and $6 pitchers of beer. Every day from 2 PM - 5 PM; all day Monday Monday - Saturday, 3 - 6 PM; Sunday, 9 PM - close Food Specials: $3.50 sliders, $5 appetizers | Drinks: $4 Well Cocktails, Drafts, and Wines, $5 Fat Alberts Food Specials | Drinks: $1 off Beers, $8 House Wines, $10 Specialty Cocktails Monday, Wednesday, Thursday & Friday, 3 PM - 6 PM Monday - Friday, 2 PM - 6 PM; All day Sunday; Late Night Happy Hour: Sunday - Thursday, 9 PM - close Screamin' deals on local craft brews, inventive cocktails and patio pounders Everyday from 3:30 - 5:00 PM; All night Monday 3:30 - Close Daily, 5 PM - 6:30 PM, Sunday All Night Happy Hour Food: Reduced prices on select sushi and various menu items Monday - Friday, 3 PM - 6 PM (at the bar); Monday - Thursday, 9:30 PM - close (at the bar) Small bites from $3-4.50. Taco & a margarita for $15.50 Monday - Friday, 4 PM - 5 PM; Saturday - Sunday, 3 PM - 5 PM; Late night happy hour, Wednesdays - Saturdays, 9 PM - close Daily, 2 PM - 5 PM Pizzeria Alberico offers small snacks/bites, rotating beer and house red & white wine for $7, $8 for a few of their house cocktails, $9 for their signature frozen cocktails. Food specials: $7 Appetizers, $1 Off Tacos A` La Carte| Drinks: $2 off Classic Rio Margs, $3 Draft Beers and select cans, $5 Wine. Twice a day happy hour SEVEN days a week 2:30pm - 4:30pm Mon - Sun $2.00 off the entire menu (except our chips section) 8:00pm - 9:00pm Sun - Thurs $1.00 off the entire menu (except our chips section) 8:30pm - 9:30pm Fri - Sat $1.00 off the entire menu (except our chips section) Remember to always drink responsibly. Please don't drink and drive.",NON-EVENT,0,https://www.boulderdowntown.com/dining/happy-hours,4605,900
"There's a good reason Bon Appétit called Boulder, America's Foodiest Town. This weekly blog will help you understand why! Every Friday, check out downtown's food scene and all the incredible opportunities available to tantalize your taste buds!  Check out this list of restaurant specials and promotions compiled weekly - just for YOU!",NON-EVENT,0,https://www.boulderdowntown.com/dining/foodie-friday,335,52
"Food-Related Events and Announcements: May 23, 2025",EVENT,2,https://www.boulderdowntown.com/dining/foodie-friday,51,7
"Take your tastebuds on a culinary adventure across the world simply by stepping , located at 921 Walnut, is open for business and we are loving everything about this French-inspired cafe and bakery. Explore their full of breakfast, lunch and sweet treat options and take a seat inside their cafe or on their beautiful patio! Make sure to give these newbies some local business love and stop by for a bite and sip  soon. reminded us of a must-try menu item. Stop by and order their Colorado Hamachi Sashimi - featuring six pieces of hamachi sashimi served with fresh jalapeños, yuzu soy, and cilantro. We are planning to be regulars on their patio all summer long  - see you there! Speaking of patios…are you looking for amazing food and refreshing beverages with a side of Flatirons views? Look no further than rooftop spots at ! Shoutout to Pasta Jay’s, Centro, for more stellar outdoor dining options. And for additional recommendations, check out our Calling all wine connoisseurs (21+)! ’s (located inside the historic",NON-EVENT,0,https://www.boulderdowntown.com/dining/foodie-friday,1022,173
". On Wednesday, June 11th from 6 PM - 7:30 PM, enjoy light bites paired with featured wine selections from",EVENT,2,https://www.boulderdowntown.com/dining/foodie-friday,106,20
"Tickets are $45 a person (+ tax) * (*benefits extend for one month after attending a tasting). and get your tickets today! - this particular veggie season runs short in Colorado, so be sure to get your fresh finds before it’s too late (typically ends in June)! Incorporate this delicious vegetable in your next meal when you check out their",NON-EVENT,0,https://www.boulderdowntown.com/dining/foodie-friday,340,60
"(YUM!). Make sure to support your local farmers and food vendors when you visit the Boulder Farmers Market happening Wednesdays from 3:30 PM - 7:30 PM and Saturdays, 8 AM - 2 PM on 13th Street (in between Arapahoe Avenue & Canyon Boulevard).",EVENT,2,https://www.boulderdowntown.com/dining/foodie-friday,241,43
"Kids Summer Camp Daily Drop-Ins ! Drop-in spots open each Friday for the following week and offer last minute available spots for AM and PM Food Lab camps. Interested in receiving drop-in notifications? Emergency Family Assistance Fund (EFFA) helps those in our community whose immediate needs for food, shelter and other basic necessities cannot be adequately met by other means, and supports their efforts toward financial stability or self-sufficiency. You can with a financial contribution, volunteering, or donating non-perishable food and cleaning supplies. sole mission is food assistance. They offer clients a choice shopping experience where individuals select preferred foods within their shopping allowances. You can help them with financial assistance, volunteering or by hosting food drives aims to create a more just and less wasteful food system by facilitating the sustainable redistribution of healthy food that would otherwise be wasted to low-income communities, by bicycle. The best way to help them currently is to donate or volunteer. You can learn more about the work they are doing provides nutritious meals and a daily well-being check to Boulder residents, regardless of age or income. The number one way to support them during this time is to contribute financially. You can do that",NON-EVENT,1,https://www.boulderdowntown.com/dining/foodie-friday,1309,202
Bands on the Bricks is Boulder County's premier outdoor summer concert series.,NON-EVENT,1,https://www.boulderdowntown.com/events/bands-on-the-bricks,78,12
"Wednesdays, June 11- July 30, 2025 From rock to reggae and everything in between, Bands on the Bricks is Boulder County's premier outdoor summer concert series taking place in the heart of the city on the bricks of the one-and-only Pearl Street Mall. A not-to-be-missed summer tradition, our 2025 season includes 8 weeks of free concerts. Enjoy performances from the best local musicians along the front range while dancing under the stars.",EVENT,2,https://www.boulderdowntown.com/events/bands-on-the-bricks,440,72
"The beer garden opens at 5:30 pm with the opening band starting at 6:00 pm.  The headlining band plays from 7:00 - 9:00 pm. FNBO card holders: Pay with your FNBO card at the Beer Garden and it's Buy One, Get One Free! If you're interested in sponsorship, please review our . For a customized proposal and detailed benefit package for Downtown Boulder events, please contact our sponsorship department at Graham Good & The Painters Graham Good is hailed as the Messiah of Modern Rock (Nick Stock, This week sponsored by: Martha Piper",NON-EVENT,1,https://www.boulderdowntown.com/events/bands-on-the-bricks,532,93
"Kind Hearted Strangers is an evolving cast of musicians led by singer/songwriter Marc Townes. Tracing its origins to the foothills of Colorado, 2025 finds the band creating and touring out of Nashville, TN. As the name implies, the project acts as the primary vessel for Townes’ artistic endeavors, as he has been joined by a variety of musicians for each album cycle. With a foundation built on well crafted songs, KHS has evolved into a dynamic live band capable of bridging the gap between all out rock n’ roll and harmony-driven acoustic roots.",EVENT,2,https://www.boulderdowntown.com/events/bands-on-the-bricks,548,93
"The band’s latest LP entitled “Now.here” features a collaboration with visual artist/painter Dylan Lynch. This immersive project found the group working in a shared Richmond, VA warehouse space for 5 days. With no prepared material, the artists intentionally put pressure on themselves to create and deliver a Live Concert & Art Exhibition at the end of the week. The resulting album contains brand new material that was recorded live with the same raw energy and passion KHS has been delivering across the country during their busiest era of touring to date. Kind Hearted Strangers - Eukaryote - 2024 Hazel Miller & The Collective Hazel Miller and the Collective is a highly popular and in-demand band in Colorado and beyond. Ms. Miller, an accomplished performer who has been playing in Colorado for almost four decades, and was inducted into the Colorado Music Hall of Fame in 2023. She has shared the stage with notable names such as Herbie Hancock, Michael McDonald, Al Green, and Big Head Todd and the Monsters, among others. Ms. Miller's voice has been described as ""stunning, moving, and powerful."" For more than two decades, The Hazel Miller Band has been one of the most sought-after performers in the state, and in 2020, they renamed to Hazel Miller and the Collective. The band plays an eclectic mix of jazz, R&B, blues, and original music that is guaranteed to make the audience dance and sing along. They create a truly engaging musical experience that excites their listeners. Hazel Miller Band - Let The Good Times Roll The Long Run, 'Colorado's Tribute to The Eagles', hails from the Front Range of the Rocky Mountains in Northern Colorado. Born in 2009, the band immediately hit the road doing Fairs and festivals all over the Four Corners states-region, including many others.  Laden with 4 and 5 part harmonies, the Long Run reproduces the Eagles' hits with an organic 70's sound, accurate lead guitarists, multi-instrumentalists, and a lead-singing drummer. This week sponsored by Caren & Ed Cohen The Long Run - Seven Bridges Road Selasee & The Fafa Family Selasee & The Fafa Family is a 6 piece band formed by Selasee Atiase in 2007. Originally from Ghana, Selasee focuses on reggae/world music made up of some highlife music and what he describes as easy listening reggae music that draws in even people who are not fans of reggae music as well as some pop Born in Accra, Ghana, Selasee Atiase grew up exposed to the colorful and energetic sounds of highlife music as well as reggae, funk, R&B and pop influences. With this exposure Selasee created his own niche—a unique blend of easy listening Reggae music, West African Highlife and some Pop music influences, threading together English and Ghanaian lyrics for a bright and captivating sound. Los Mocochetes is a Xicano/Funk band from the ancestral, occupied and unceded lands of the Tsis tsis'tas, Hinono'eiteen, Ka'igwu, Weenuchiu, Anasazi, Newe, Diné, Ndee, Inday, and Dine'é (commonly referred to as Cheyenne, Arapahoe, Kiowa, Ute, Pueblo, Shoshone, Navajo, Apache) and other peoples now known as Denver, CO. With deep roots from the Mora Valley in northern Nuevo Mexico and to the south from Juarez, MX. By combining elements of cumbia, reggae, hip-hop, rock, funk, and more, Los Mocochetes composes music to unite the gente and create revolutionary music you can dance to. Denver band Dragondeer has conjured the rhythm spirits to concoct a blend of Psychedelic Blues, Retro Funk, Soul and Rock-n-Roll into a genre blur that's aim is to speak to souls and keep the body moving. Four good friends that brew a musical alchemy that is song centric with a proclivity to stretch things out and see where the evening leads. Heard across radio waves, through the trees at festivals like Electric Forrest, Firefly, Telluride Blues, and on stage at Red Rocks, this band keeps growing and morphing and wants you in on the ride. Dragondeer has shared the stage with Nathaniel Rateliff & The Night Sweats, Futurebirds, Neal Francis, Young Gun Silver Fox,  Marcus King, The Revivalists, The Steve Miller Band, Shakey Graves, Dumpstaphunk, Drive By Truckers, and Jerry Joseph. Dragondeer - ""All Day"" | Color Red Music Hailing from Austin, TX, four-piece fuzz rockers The Mammoths fuse ‘70s inspired psychedelia with biting, petrified rock n’ roll. With no shortage of heavy ripping guitars and tight, overdriven vocals, this eclectic outfit continues to craft a species of modern rock that is both refreshing and familiar. Loud, dialed, and daring, these darling rockers from the ‘Live Music Capital of the World’ take no shortcuts, and are committed to gaining fans ‘one sweaty show at a time’.",NON-EVENT,1,https://www.boulderdowntown.com/events/bands-on-the-bricks,4664,772
"Downtown Boulder would like to extend a heartfelt thanks to all of our sponsors who make the events that we produce for the community possible. Please take the time to visit and thank our generous partners. Click on their logos below to visit their websites. If you're interested in sponsorship, please review our 2025 Sponsorship Opportunities brochure below. To download a copy, click the arrow on the menu at the bottom. For a customized proposal and detailed benefit package for Downtown Boulder events, please contact our sponsorship department at Several sponsorship opportunities include onsite exhibitor space. If you are solely interested in exhibiting, please fill out this at least 30 days prior to the event date. A member of the Downtown Boulder team will reach out if your organization is a good fit for the event(s). For more information on exhibiting at events, please reach out to",NON-EVENT,0,https://www.boulderdowntown.com/events/sponsors,897,147
"2025 Community Events & Programs Produced by Downtown Boulder produces a number of community events and programs to provide visitors and locals alike with cultural experiences and community connection. See below for the list of our 2025 programs and events! For information on exhibitor or sponsorship opportunities, please see our If you are an artist or performer looking for opportunities, please visit our Keep informed about monthly events and happenings throughout downtown with our blog. You can subscribe to our monthly events newsletter by filling out the form here and checking the box for ""Special Events - Monthly Updates."" All of the Community Events and Programs listed below are produced by , a 501(c)(3) nonprofit organization.  Please consider supporting our organization with a tax-deductible donation. The Boulder Alley Gallery is part of an ongoing commitment to enhance the downtown district landscape for locals and visitors alike. The project re-purposes alley and back-of-building doors into an outdoor artist gallery featuring the works of local talent.  Property owners and businesses can sponsor a door in their alley.",NON-EVENT,1,https://www.boulderdowntown.com/events/2025-downtown-boulder-events,1145,175
"The 13th Annual Student Banner Project kicks off in mid-January 2025, with 42 new lamp pole banners created by incredible young artists from Columbine Elementary School, Casey Middle School, and Boulder High School around this year's theme of What makes the community's future bright?  The display, presented by",EVENT,2,https://www.boulderdowntown.com/events/2025-downtown-boulder-events,311,48
"(Boulder’s only large-scale, inclusive celebration of our community’s vibrant arts and cultural offerings and thriving creativity), runs through April. An unforgettable afternoon exploring Boulder’s tantalizing culinary arts scene and celebrating Colorado’s distinctive wines and distilleries while strolling through some of Downtown Boulder’s most vibrant galleries and retail boutiques. This is a ticketed event for those 21 years of age and older. Tulip Fairy & Elf Festival",NON-EVENT,1,https://www.boulderdowntown.com/events/2025-downtown-boulder-events,477,66
"Sunday, April 27, 2025 (Rain Date: Sunday, May 4)",EVENT,2,https://www.boulderdowntown.com/events/2025-downtown-boulder-events,49,9
"Spring officially arrives in Downtown Boulder when the beautiful, colorful Tulip Fairy, along with pint-sized fairies and elves, parade around the Pearl Street Mall ""waking up the tulips"". This beloved springtime tradition features special events and activities for girls and boys and celebrates the more than 15,000 tulips that adorn the world-renowned Pearl Street Mall throughout the spring season.",NON-EVENT,1,https://www.boulderdowntown.com/events/2025-downtown-boulder-events,401,59
"Monday - Fridays, Starting Tuesday, May 27 - August 29, 2025",EVENT,2,https://www.boulderdowntown.com/events/2025-downtown-boulder-events,60,11
Children ages 10 and under (along with accompanying adults) will chug along Pearl Street in this one-of-a-kind experience on Downtown Boulder's very own 100% electric kiddie train.,NON-EVENT,0,https://www.boulderdowntown.com/events/2025-downtown-boulder-events,180,27
"Wednesdays, June 11 - July 30, 2025",EVENT,2,https://www.boulderdowntown.com/events/2025-downtown-boulder-events,35,7
From oldies to alternative and everything in between Bands on the Bricks is Boulder County's premier outdoor summer concert series. Visit to see this year's concert line-up.,NON-EVENT,1,https://www.boulderdowntown.com/events/2025-downtown-boulder-events,173,27
"July 18 - 20, 2025",EVENT,2,https://www.boulderdowntown.com/events/2025-downtown-boulder-events,18,5
"Pearl Street Arts Fest is a juried celebration of visual arts celebrating painting, photography, jewelry and more. The event features artists from around the country, children’s art activities, live interactive performances – and much, much more!",NON-EVENT,1,https://www.boulderdowntown.com/events/2025-downtown-boulder-events,246,36
"October 3 - 5, 2025 For over 35 years, Downtown Boulder’s Fall Fest has been one of Boulder’s most beloved community celebrations. This 3-day autumn festival features live music, great food, local micro brews, wine, and margaritas, with the added excitement of Children’s Activities and featuring Firefly Handmade Markets. 2025 details will be updated in early August.",EVENT,2,https://www.boulderdowntown.com/events/2025-downtown-boulder-events,368,57
"The 10th Annual World Singing Day Boulder is a community sing-along where people of all ages, backgrounds and singing abilities are invited. Sing along to popular songs, from the Beatles to Taylor Swift. Lyric booklets provided. No rehearsals or preparation necessary. Just show up and experience the joy of singing together at this favorite annual Boulder event. Each Halloween, Downtown Boulder is invaded by tiny ghosts & goblins, dinosaurs & dragons, fairies & princes, superheroes & animals of every size trick-or-treating along Pearl Street and throughout downtown Boulder.",NON-EVENT,0,https://www.boulderdowntown.com/events/2025-downtown-boulder-events,579,88
"November 23 - December 13, 2025",EVENT,2,https://www.boulderdowntown.com/events/2025-downtown-boulder-events,31,6
St. Nick on the Bricks,NON-EVENT,0,https://www.boulderdowntown.com/events/2025-downtown-boulder-events,22,5
"Friday, November 28 and Saturdays, November 29 - December 13, 2025",EVENT,2,https://www.boulderdowntown.com/events/2025-downtown-boulder-events,66,11
"Please note that not all businesses listed below accept the Downtown Boulder Gift Card. To see the list participating businesses, please Advertising / Marketing / Media Alterations / Shoe Repair / Dry Cleaning Architecture / Design / Construction Hair Salons / Day Spas Health / Fitness / Personal Care Hospital / Optics / Medicine Libraries / Reading Rooms / Museums Travel / Tours / Concierge 11 Dollar Bill Boulder, LLC 1125 Building Partnership, LLP & Skodras Building Arapahoe Animal Hospital - Downtown Bank of America, Business Banking Berg Hill Greenleaf & Ruscitti LLP Boulder International Film Festival/ Colorado Film Society Brightside Wealth Advisors - Ameriprise Financial Brock Media/Boulder Magazine/Boulder County Home & Garden 1021 E. South Boulder Road City of Boulder Community Vitality & Parking Services City of Boulder Facilities and Maintenance Daniel M. Day & Associates Dean Callan & Company, Inc. Discovery Map / Oakes Ventures LLC Ed Byrne, PC & Regional Planning Services FNBO (First National Bank of Omaha) Hartman Employment Law Practice LLC Hutchinson Black and Cook, LLC Insight Designs Web Solutions, LLC Joe Chrisman State Farm Agency KW Capital Advisors - Ameriprise Financial Odd Fellows Lodge Boulder Lodge No. 9IOOF Off Broadway Preschool of Fine Arts One Boulder Plaza Mgmt Company Onus IV Therapy + Longevity Parlando School of Musical Arts Pearl Street Mall Properties, Inc. Pearl Street Staging & Design People Productions Media Services, Inc. Porzak, Browning & Bushong LLP Sacred Heart of Jesus Church & School Shear Abby Beauty and Bridal Shoemaker Ghiselli + Schwartz LLC St Julien Hotel & Spa Vail Lizard, LLC (One Boulder Plaza) Vectra Bank - Boulder Canyon Voices for Children, CASA Boulder County Wells Fargo Wealth Management Group WWR Real Estate Services LLC",NON-EVENT,0,https://www.boulderdowntown.com/shopping/services,1812,284
"From sunrise yoga to artist spotlights, downtown  delivers a lively calendar of events 365 days a year! Every week brings new reasons to explore—from major street festivals and seasonal events to niche workshops, live performances, and local happenings. Dive into the calendar and make the most of your downtown experience. Looking for foodie fun?  Check out our",NON-EVENT,0,https://www.boulderdowntown.com/events/event-calendar,362,57
"Explore the cultural heart and soul of Boulder and experience the best people watching, shopping and dining in the state. This is Downtown Boulder!",NON-EVENT,0,https://www.boulderdowntown.com/shop-dine,147,24
"Welcome to the Heart of Boulder With exceptional shopping, dining, lodging, services and special events-not to mention the best people-watching in the state along the Pearl Street Mall-downtown Boulder is where the city comes to life. Welcome to the heart of Boulder!",NON-EVENT,0,https://www.boulderdowntown.com/,267,42
Boulder Go Out to Lunch Day (May 26th),EVENT,2,https://www.boulderdowntown.com/,38,8
"Every last Monday of each month, support local and dine at a a downtown restaurant! Boulder Out to Lunch Day – Buy A Downtown – Accepted at over 100 Downtown Boulder businesses, the gift card makes a great present for everyone on your list including co-workers, friends, family, teachers & coaches! – A History of – — Click To View — ""I had never worked downtown, but I always wanted to. I decided that if I was going to fully commit to my new business, it had to be in downtown Boulder.” “You can walk into my gallery and ask me anything about the pieces, the artists and their stories.”",NON-EVENT,0,https://www.boulderdowntown.com/,588,110
"Submit Your Event to Our Calendar PLEASE READ: Downtown Boulder ONLY accepts events that occur within the Downtown area ) and reserves the right to edit and post entries. For repeating events please make sure to tell us the start and end dates and day of the week in the description box. Also, check the first to see if your event is already listed! if you have questions or need to make updates to an event that you have submitted. Fields marked with * are required This is for our office use and will not appear on the website. Please provide a valid email address single day or consecutive days 1000 Block of Pearl St - 1000 Pearl St 10th & 11th Streets - 10th & Walnut Parking Garage - St. Julien Hotel - 1000 Walnut St 10th to 16th Blocks of Pearl - 11 Dollar Bill Boulder, LLC - 207 Canyon Blvd 1100 Block of Pearl St - 1100 Block of Pearl St 1125 Building Partnership, LLP & Skodras Building - 72 Ridge Rd 1155 Canyon Condominium Association, Inc. - 1155 Canyon Blvd 11th & Canyon - Municipal Building - 1100 Canyon Blvd 11th & Spruce Parking Garage - 1100 Spruce St 11th & Walnut - 1100 Walnut St 1200 Block of Pearl St - 1200 Pearl St 1216-18 Pearl St. Bldg. - 1065 5th St 1300 Block of Pearl - 1300 Pearl St 1400 Block of Pearl Street - 1400 Pearl St 14th & Canyon Permit Only Parking - 1401 Canyon Blvd 14th & Walnut Parking Garage - 1400 Walnut St 1500 Block of Pearl Street - 1500 Pearl St 15th & Pearl Parking Garage - 1500 Pearl St 15th & Spruce Parking Garage - 1500 Spruce St 15th Street Gallery - 1708 15th St 1600 Block of Pearl Street - 1600 Pearl St 1911 11th St LLC - 1911 11th St 8z Real Estate - 1904 Pearl St 900 Block of Pearl Street - 900 Pearl St Abt Associaties - 1881 9th St Active Imprints - 1401 Walnut St Albion SC Boulder County - 795 S Sherman St. allbirds - 1218 Pearl St Alpaca Connection - 1334 Pearl St Alta Cucina - 2021 Broadway Altered Lines LLC - 2425 Canyon Blvd Amante Coffee - 1023 Walnut St AMG National Trust Bank - 1155 Canyon Blvd Amu Sake Bar and Restaurant - 1221 Spruce St Amundsen Sports - 2023 17th St Ana's Art Gallery - 1100 Spruce St ANB Bank - 2595 Canyon Blvd Angie Star Jewelry - 1807 Pearl St Antelope Recovery - 1035 Pearl St Apocalypse - 1813 Pearl St Apptio - 1050 Walnut St Arabesque - 1634 Walnut St Arapahoe Animal Hospital - Downtown - 1730 15th St Arc'teryx - 1600 Pearl St Arcadea Architecture - 741 Pearl St Art + Soul Gallery - 1505 Pearl St Art Mart Gifts - 1326 Pearl St Art Source International Inc. - 1237 Pearl St Athleta - 1133 Pearl St Atomic Physical Therapy - 1800 Broadway The Attic Bar & Bistro - 949 Walnut St Avanti Boulder - 1401 Pearl St Avery Brewing Co. - 4910 Nautilus Ct North Backcountry - 1537 Pearl St Bank of America, Business Banking - 921 Walnut St Bank of Colorado - 1470 Walnut St Barbara & Company - 1505 Pearl St Barchetta - 1644 Walnut St bartaco - 1048 Pearl St BCLP - 1801 13th St Beat Book Shop - 1200 Pearl St Beatrice the Divine - 1123 Walnut St Bedell & Co. Fine Antiques & Estate Jewelry - 767 Pearl St Ben & Jerry's - 1203 Pearl St Berg Hill Greenleaf & Ruscitti LLP - 1712 Pearl St The Bernardi Group at Coldwell Banker - 2700 Canyon Blvd.",NON-EVENT,0,https://www.boulderdowntown.com/events/submit,3151,617
Best Ebike Tours - Ride Colorado - 1247 Pleasant St.,EVENT,2,https://www.boulderdowntown.com/events/submit,52,10
The Bitter Bar - 835 Walnut St Bittner Commercial Advisors - 1100 Spruce St Bitty & Beau's Coffee - 1468 Pearl St Black Diamond - 1427 Pearl St Bliss - 1643 Pearl St Block by Block - 870 Market St Blofish - 1932 14th St Bobbles & Lace - 1505 Pearl St. BoCo Life - 1615 Pearl St Bohemi - 1909 9th St Bohemian Biergarten - 2017 13th St BOK Financial - 2025 Pearl St BOOM Properties - 840 Pearl St Boomtown Accelerator - 2060 Broadway Boulder Arts Association - 2027 Broadway Boulder Associates - 1426 Pearl St Boulder Bazaar - 1500 Pearl St Boulder BCycle - 2454 30th St. Boulder Bookstore - 1107 Pearl St Boulder Bowls (cart) - 1300 block Pearl St Boulder Chamber - 2440 Pearl St Boulder Channel 1 - 1905 15th St. Boulder Civic Area / Boulder Creek -  Broadway & Canyon Boulder County AIDS Project - 2118 14th St Boulder County Courthouse - 1325 Pearl St Boulder County Courthouse Annex - 2045 13th St Boulder Day Nursery Association - 1518 Spruce St Boulder Drum Studio - 1320 Pearl St Boulder Dushanbe Teahouse - 1770 13th St Boulder Economic Council - 2440 Pearl St Boulder Engineering Co. - 1717 15th St Boulder Farmers Markets -  Central Park (13th and Canyon) Boulder Convenience - 1401 Walnut St Boulder High School - 1604 Arapahoe Ave Boulder Insurance Solutions - 4941 10th St Boulder International Film Festival/ Colorado Film Society - 1426 Pearl St Boulder Lifestyle - 885 Arapahoe Ave Boulder Museum of Contemporary Art - 1750 13th St Boulder Nepal - 1328 Pearl St Boulder Olive Oil Company - 2014 Broadway Boulder Psychic Institute - 1332 Pearl St Boulder Public Library District - 1001 Arapahoe Blvd,NON-EVENT,0,https://www.boulderdowntown.com/events/submit,1613,289
Boulder Public Library’s Canyon Gallery & Theater - 1001 Arapahoe Ave,EVENT,2,https://www.boulderdowntown.com/events/submit,69,11
Boulder Shambhala Center - 1345 Spruce St Boulder Spirits - 1428 Pearl Street Boulder Spirits by Vapor Distillery - 5311 Western Ave Boulder Symphony Orchestra - 1820 15th St,NON-EVENT,1,https://www.boulderdowntown.com/events/submit,174,29
Boulder Theater - 2032 14th St,EVENT,2,https://www.boulderdowntown.com/events/submit,30,6
"Boulder Valley Real Estate - 1445 Pearl St Boulder Weekly - 1495 Canyon Blvd Boulder Writing Studio - 2590 Walnut St Boxcar Coffee Roasters - 1825 Pearl St The Bradley Boulder Inn - 2040 16th St Bramble & Hare - 1970 13th St Brasserie Ten Ten - 1011 Walnut St Brewers Association - 1327 Spruce St Brewing Market Coffee - 1918 13th St Bridge House - 5345 Arapahoe Ave Brightside Wealth Advisors - Ameriprise Financial - 1738 Pearl St Broadway Investors Group - 2031 Broadway Broadway-Walnut Co. - 1942 Broadway Brock Media/Boulder Magazine/Boulder County Home & Garden - 1021 E. South Boulder Road Buck Ross Productions - 1912 Pearl St Busaba Thai - 1035 Pearl St C Burger - 921 Pearl St Boulder Daily Camera - 2500 55th St Canoe Club - 777 Pearl St Canopy Boulder - 1002 Walnut St Canova Home Inc - 1200 Pearl St Capital One Café - 1247 Pearl St Carla Morrison Fine Jewelry - 2017 10th St Carnegie Library - 1125 Pine St Cartwright Building - 1320 Pearl St Catwoman Pole Academy - 949 Walnut St. CBRE - 2755 Canyon Blvd Cedar & Hyde Home - 2019 10th St Cedar & Hyde Mercantile - 2015 10th St Central Park Bandshell - 1212 Canyon Blvd Centro II, LLC - 1560 High St Centro Mexican Kitchen - 950 Pearl St Change Home Mortgage - 1637 Pearl St Charlie's T-Shirts - 1412 Pearl St Chase Bank - 1301 Canyon Blvd Cheba Hut ""Toasted"" Subs - 1346 Pearl St Chiri’s Momo Delight (cart) - 1300 block Pearl St",NON-EVENT,1,https://www.boulderdowntown.com/events/submit,1394,260
Christian Science Reading Room - 1434 Pearl St,EVENT,2,https://www.boulderdowntown.com/events/submit,46,8
"Christine Marguerite Designs - 1942 Broadway Circle K - 1480 Canyon Blvd City of Boulder Community Vitality & Parking Services - 1500 Pearl St City of Boulder Facilities and Maintenance - 1720 13th St CityWide Bank - 1611 Canyon Blvd Classic Facets - 942 Pearl St Clean Your Dirty Face - 2098 Broadway CMCI Studio - 1301 Walnut St Coburn Development, Inc. - 2718 Pine St Codence - 1332 Pearl St Color Me Mine Boulder - 1938 Pearl St Colorado Glass Works - 1500 Pearl Street The Colorado Group - 3101 Iris Ave. Colorado Lending Group - 1710 13th St Community Cycles - 2601 Spruce St Community Foundation Boulder County - 1123 Spruce St COMMUTIFI - 1111 Pearl St Compass - 1470 Walnut St Comprise - 1919 14th Street Conscience Bay Company - 929 Pearl St Cooper Carry - 1360 Walnut St The Corner Bar - 2115 13th St Corporate Biznis, Inc. - 200 Broadhollow Rd Corrida - 1023 Walnut St Cotopaxi - 1102 Pearl St Cozobi Fonda Fina - 909 Walnut St Creature Comforts Cafe - 1647 Pearl St Crescendo Fine Audio - 1928 Pearl St Cristos Coffee - 2052 Broadway Crystal Building - 1401 Pearl St Dairy Arts Center - 2590 Walnut St The Dandelion - 845 Walnut St Dang Tea - 1048 Pearl St Daniel M. Day & Associates - 2060 Broadway Dean Callan & Company, Inc. - 1510 28th St Deneuve Construction Services - 2344 Spruce St Denver Pops - 1200 block Dietze and Davis, P.C. - 2060 Broadway The Digital Frontier - 510 Burbank St. Discover Strength - 3000 Pearl Pkwy Discovery Map / Oakes Ventures LLC - 652 County Road 66A Dish Gourmet - 1918 Pearl St DJJCPA - 1209 Pearl St Downtown Boulder Business Improvement District - 1942 Broadway Downtown Boulder Partnership - 1942 Broadway Downtown Boulder Real Estate - 1470 Walnut St Downtown Visitor Information Center - 1303 Pearl St Dragonfly Noodle - 2014 10th St Earthbound Trading Company - 1222 Pearl St Easytrack Payroll - 245 Century Cir Ed Byrne, PC & Regional Planning Services - 2305 Broadway Eide Bailly - 1801 13th St El Loro Jewelry & Gifts - 1416 Pearl St Eldorado Natural Spring Water - 1783 Dogwood St Elevations Credit Union - 1301 Walnut St ElevenPine - 1320 Pearl St Elison Rd. - 1110 Pearl St Ember Salon - 1215 Spruce St Encore Bank - 1911 11th St Envision Boulder - 1011 Pearl St eTown - 1535  Spruce St Explore Communications - 3213 Zuni St Faegre Baker Daniels - 1470 Walnut St Fair Trade Winds - 1219 Pearl St Falafel King - 1314 Pearl St Fanas Architecture - 2930 Broadway Farfel's Farm - 906 Pearl St FedEx Office - 2795 Pearl St Ferguson Pyatt Architects - 840 Pearl St Firefly Handmade Markets, LLC - 155 Fairfield Lane First Alliance Title - 1470 Walnut St First Congregational - 1128 Pine St First Interstate Bank - 1900 9th St First United Methodist - 1421 Spruce St First Western Trust  - 1155 Canyon Blvd Fjällräven Boulder - 1048 Pearl St Flagstaff Properties - 1007 Pearl St Flatirons Bank - 1095 Canyon Blvd Flatirons Technology Group - 1800 Broadway Flower Wild - 901 Pearl St FNBO (First National Bank of Omaha) - 3033 Iris Ave. Folsom Stadium -  Colorado Ave Food Lab - 1825 Pearl St Foolish Craig's Cafe - 1611 Pearl St Ford Construction & Landscaping - 3585 Cloverleaf Dr Foundation Health - 1949 Pearl St FP Movement - 1200 Pearl St Frasca Food & Wine - 1738 Pearl St Freddie's Hot Dog Stand - 1100 block Pearl St Free People - 1212 Pearl St Free Time - 1302 Pearl Freebird Stores - 1142 Pearl St Frisco Tattoo - 1200 Pearl St Front Range Anglers - 2344 Pearl St Fuji Cafe & Bar - 2018 Broadway Galvanize Boulder - 1023 Walnut St",NON-EVENT,1,https://www.boulderdowntown.com/events/submit,3495,641
Garage Sale Vintage - 1701 Pearl St,EVENT,2,https://www.boulderdowntown.com/events/submit,35,7
"Gelato Boy (Pearl Street Mall) - 1433 Pearl St Gelato Boy (West End) - 1021 Pearl St Gemini - 1115 Pearl St. Geocentric - 909 Rose Ave Gibbons-White, Inc. - 2305 Canyon Blvd Glacier Homemade Ice Cream (cart) - 1400 Pearl St GLENN+GLENN - 1035 Pearl St Global Education Fund - 1877 Broadway Gloo - 831 Pearl St Goodrich Violin Shop - 1045 Pearl St Google - 2930 Pearl St Grace Commons - 1820 15th St Green Spoon Sales - 2120 13th St Grey Mountain Partners - 1905 Walnut St Gunsport Colorado - 1707 14th St Gypsy Jewel - 820 Pearl St Hapa Sushi Grill & Sake Bar - 1048 Pearl St Hartman Employment Law Practice LLC - 1035 Pearl St Haven - 943 Pearl St Heads Up, The Hat Cart - 1300 Block Pearl St Heady Bauer - 2009 13th St Helly Hansen - 1207 Pearl St High Country - 1117 Pearl Street HIMALI - 1418 Pearl St Historic Boulder - 1200 Pearl St HMH Architecture & Interiors - 1637 Pearl St Holland & Hart LLC - 1800 Broadway The Honey Pot - 2019 19th St Hotel Boulderado - 2115 13th St Huntington Bank - 1700 Pearl Hurdle's Jewelry - 1402 Pearl St Hutchinson Black and Cook, LLC - 921 Walnut St HW Home - 1941 Pearl St Hydros Consulting - 1628 Walnut St Illegal Pete's - 1447 Pearl St Independent Financial - 1300 Walnut St Industrious Pearl Street - 1919 14th St Insight Designs Web Solutions, LLC - 1919 14th St Into The Wind - 1408 Pearl St Iris Body Piercing - 1713 Pearl St Island Farm - 1122 Pearl St j.Albrecht Designs Master Goldsmiths - 951 Pearl St Jaipur Indian Restaurant - 1800 Broadway JaM Hair Studio - 2019 15th St James Building Partnership - 1375 Walnut St Japango - 1136 Pearl St Jax Fish House & Oyster Bar - 928 Pearl St Jill's Restaurant & Bistro at St Julien Hotel and Spa - 900 Walnut St JLF Colorado - 1500 Kalmia Ave Joe Chrisman State Farm Agency - 1722 14th St John Allen Woodward - 1505 Pearl St John Atencio - 1048 Pearl St JONES + CO - 1949 Pearl St Jungle - 2018 10th St Jurdem, LLC - 820 Pearl St Justice Center Parking Lot - 1777 6th St JVA, Incorporated - 1319 Spruce St Kaiser Permanente - 580 Mohawk Dr Kantor & Company - 949 Walnut St Kindness Gems - 1200 Pearl St Kipnis Architecture - 1200 Pearl St The Kitchen - 1039 Pearl St Kristin Lewis Architects - 1928 14th St Ku Cha House of Tea - Boulder - 1211 Pearl St KÜHL - 1421 Pearl St KW Capital Advisors - Ameriprise Financial - 1738 Pearl St La Belle Nail Salon - 1962 13th St La Sportiva Retail Store - 2100 Broadway Lanza Language - 1434 Spruce St Laughing Goat Coffeehouse - 1709 Pearl St Leaf Vegetarian Restaurant - 1710 Pearl St Liberty Puzzles - 1468 Pearl St License No. 1 - 2115 13th St The Lighthouse Bookstore - 1201 Pearl St Limelight Boulder - 1402 Broadway Lindsay's Boulder Deli @ Häagen Dazs - 1148 Pearl St The Little Jewel - 1225 Pearl St LIV Sotheby's International Realty - 1050 Walnut St Live West Realty - 1938 Pearl St Local Table Tours, LLC -  PO Box 17771 Lolita's Market & Deli - 800 Pearl St Lolo Rugs and Gifts - 1141 Pearl St Loop - 1717 Pearl St",NON-EVENT,1,https://www.boulderdowntown.com/events/submit,2960,575
The Lounge at Boulder Theater - 2028 14th Street,EVENT,2,https://www.boulderdowntown.com/events/submit,48,9
"Lula Faye Fiber - 2017 17th Street Lunieva - 1500 Pearl St Lush Cosmetics - 1215 Pearl St Lushy Slushy - 1400 Pearl St Mabel & Moss - 935 Pearl St Maisonette - 921 Walnut St Marine Layer - 1102 Pearl Street Market Real Estate - 1150 Maxwell Ave Matrix Real Estate, LLC - 1942 Broadway MAX Clothing Store - 1177 Walnut St Max's Group Inc. - 1350 Pine St MBA Financial Services, LLC - 1634 Walnut St McGuckin Hardware - 2525 Arapahoe Ave Merrill - 921 Walnut St MidFirst Bank - 840 Pearl St Mile High Gliding - 5534 Independence Rd milehimodern - 2015 Pearl St Mindful Works - 1128 Pine St MojoTech, LLC - 1495 Canyon Blvd MontBell - 1500 Pearl St Mosaic Architects + Interiors - 1701 15th St Mountain Sun Pub & Brewery - 1535 Pearl St Moxie Sozo USA - 1590 Broadway Multivogue - 1909 9th St Municipal Building - 1777 Broadway",NON-EVENT,1,https://www.boulderdowntown.com/events/submit,824,157
Municipal Building Campus Park - 1777 Broadway,EVENT,2,https://www.boulderdowntown.com/events/submit,46,7
"Museum of Boulder - 2205 Broadway Mustard's Last Stand - 1719 Broadway Mutual Security Mortgage - 1900 9th St My Neighbor Felix - 901 Pearl St Naropa University - 2130 Arapahoe Ave Native Roots - 1146 Pearl St Network Wellness Center - 2449 Pine St. New Leaf Bodyworks - 1035 Pearl St The New Local's Annex - 713 Pearl St THE NEW LOCAL - 741 Pearl St. NewOption Partners - 1007 Pearl St Nick-N-Willy's Pizza - 801 Pearl St Nitro Club - 1124 Pearl St Nomad Bead Merchants / Adorned - 1909 9th St Norrøna - 1130 Pearl St The North Face - 1129 Pearl St O'Brien Law P.C. - 2060 Broadway OAK at Fourteenth - 1400 Pearl St Odd Fellows Lodge Boulder Lodge No. 9IOOF - 1543 Pearl St Off Broadway Preschool of Fine Arts - 1235 Pine St Office Partners on Pearl - 1942 Broadway Old Barrel Tea Company - 1647 Pearl Street Old Tibet - 948 Pearl St ōLiv Boulder - 1750 15th St ONE Boulder Fitness - 1800 Broadway One Boulder Plaza - 1800 Broadway One Boulder Plaza Mgmt Company - 1375 Walnut St Onus IV Therapy + Longevity - 1035 Walnut St Open Light Energy - 1719 15th St Organic Sandwich Company - 1500 Pearl St otto + co a rotating brand experience - 939 Pearl St Over The Moon - 1100 Spruce St OZO Coffee Roasters  (East Pearl) - 1521 Pearl St OZO Coffee Roasters (West Pearl) - 1015 Pearl St Panther's Gate - 1629 Canyon Blvd. Paper Doll - 2021 Broadway Paradise Found Records & Music - 1646 Pearl St Parlando School of Musical Arts - 2590 Walnut St The Parlour - 1037 Walnut St Pasta Jay's - 1001 Pearl St Pasta Press - 1911 11th St. Patagonia - 1630 Pearl Street Pathstone The Family Office - 1048 Pearl St Pathways Learning Academy - 1820 15th Street Pearl Convenience - 1640 Pearl St Pearl Poké - 2010 10th St Pearl Street LLC - 777 Pearl St Pearl Street Mall Properties, Inc. - 1426 Pearl St Pearl Street Pub & Cellar - 1108 Pearl St Pearl Street Staging & Design - 1905 15th St Pedestrian Shops - 1425 Pearl St Pedro's Tacos & Tequila Bar - 1125 Pearl St PEH ARCHITECTS - 1600 38th St Pendleton - 1102 Pearl St People Productions Media Services, Inc. - 1735 15th St PeopleForBikes - 1911 11th St Peppercorn - 1235 Pearl St Perla - 1123 Pearl St Piece, Love & Chocolate - 805 Pearl St PilieroMazza PLLC - 1434 Spruce St Pine Street Church - 1237 Pine St Pizza Colóre - 1336 Pearl St Pizzeria Alberico - 1730 Pearl St PMD Realty - 954 Pearl St PN Eklund Interests, Inc. - 1942 Broadway Pompadours Hair Salon - 1320 Pearl St Porzak, Browning & Bushong LLP - 2120 13th St PosterScene - 1505 Pearl St Postino WineCafe - 1468 Pearl St prAna - 1147 Pearl St Premier Members Credit Union - 2667 Broadway Press Play - 1005 Pearl St Rapha - 1815 Pearl St Raymond James Financial Services - 1212 Pearl St Reality Mint - 1945 Canyon Blvd. Rebecca's Herbal Apothecary & Supply - 1227 Spruce St Rebekah's - 1543 Pearl St Rebel & Rose - 1715 15th St Red Rocks Locksmith Boulder - 1966 13th St Rembrandt Yard - 1301 Spruce St Richtr Financial Studio - 1221 Pearl St Rio Grande Mexican Restaurant - 1101 Walnut St The Ritz - 959 Walnut St River and Woods - 2328 Pearl St The Riverside - 1724 Broadway Robert W. Baird - 1301 Canyon Blvd Rocket Fizz - 1441 Pearl St Rocky Mountain Chocolate Factory - 1300 Pearl St Rocky Mountain Equality - 2132 14th St Rodwin Architecture - 929 Pearl St Rollins Barber Shop - 1642 Pearl St Rosetta Hall - 1109 Walnut St Rowan - 1601 Pearl St RRC Associates Inc. - 4770 Baseline Rd RTD Bus Station - 1800 14th St Sacred Heart of Jesus Church & School - 1317 Mapleton Ave SALT - 1047 Pearl St Sans Souci Festival of Dance Cinema - 2525 Arapahoe Ave Sarina's Gifts - 1312 Pearl St Savannah Bee Company - 1222 Pearl St Savory Spice - 2041 Broadway Savvy on Pearl - 1114 Pearl St SBDC Consultant - 7318 Clubhouse Rd Sforno Trattoria Romana - 1308 Pearl St Shear Abby Beauty and Bridal - 2338 Broadway Shears Adkins Rockmore Architects - 1550 Wynkoop St Sherpa's Adventurers Restaurant & Bar - 825 Walnut St Shoemaker Ghiselli + Schwartz LLC - 1811 Pearl St Silver Vines Winery - 2015 13th Street Skratch Labs - 1600 Pearl St Skye Commercial - 1048 Pearl St Small Business Development Center - 1500 Pearl SmithKlein Gallery - 1116 Pearl St Snack Spot - 1397 Pearl St Snooze, an A.M. Eatery - 1617 Pearl St Sopher Sparn Architects,LLC - 1731 15th St The Spotted James - 1911 11th St. Spruce Confections - 767 Pearl St Spruce Farm & Fish - 2115 13th St Spruce Street LLC - 1942 Broadway St Julien Hotel & Spa - 900 Walnut St St. John's Episcopal Church - 1419 Pine St The Stand (cart) - 1100 block Pearl St Stantec - 1881 9th St Starfish Jewelry - 1136 Pearl St Steakhouse No. 316 - 1922 13th St Stella's Cucina - 1123 Walnut St Sterling-Rice Group, Inc. - 1801 13th St Stio - 1505 Pearl St Stone Cottage Studios - 1928 Pearl St Street Wise Arts Headquarters - 1909 Broadway Strength from Within by Melanie Yazzie (public art) -  16th & Pearl Streets Stride Lab/Teton Bros - 1220 Spruce St Strive Workspaces - 1495 Canyon Blvd Studio B - 2014 Pearl St Suerte Tequila - 1930  14th St Sun Spot (cart) - 1200 block Pearl St Sundown Saloon - 1136 Pearl St Sunflower Bank - 1738 Pearl St Sunshine Shave Ice (cart) - 1200 Pearl St Surround Architecture - 900 Pearl Sushi Zanmai - 1221 Spruce St Süti & Co - 2031 16th St SWBC Mortgage - 1023 Walnut St Sweep Boulder - 840 Pearl St sweetgreen - 1601 Pearl St Symmetry360 Massage - 1100 Spruce Street T-Zero Bar and Lounge - 900 Walnut Street T/ACO - 1175 Walnut St Tango - 831 Pearl St Taspen's Organics Wellness - 1625 Pearl St TDA_Boulder - 1435 Arapahoe Ave Tebo Properties - 3111 28th St Teton Gravity Research - 1420 Pearl St TGTHR - 1440 Pine St The Green at the Boulder Public Library - 1056 Canyon Blvd The Post Boulder - 2027 13th St The Sidedoor Salon - 2070 Broadway The Tox Boulder - 2035 Broadway The Underground Smoke Shop - 1144 Pearl St Therapeutic Ayurveda Massage Boulder - 1966 13th St",NON-EVENT,1,https://www.boulderdowntown.com/events/submit,5851,1108
Threading Lounge - 1100 Spruce St,EVENT,2,https://www.boulderdowntown.com/events/submit,33,6
"Tibet Gallery - 1909 9th St Tiffin's Momo Corner - 1911 Broadway Title Nine - 1801 Pearl St Todd Reed - 1911 Pearl St Tonic Alchemy Lounge - 2011 10th St The Trade Desk - 1048 Pearl St TransLingua Translation - 1445 Pearl St TRH Interior Design - 1908 Pearl St Trident Booksellers and Cafe - 940 Pearl St Trinity Lutheran Church - 2200 Broadway The Trust Cannabis Company - 1537 Pearl St Twig - 1831 Pearl St Two Hands Paperie - 803 Pearl St Two Sole Sisters - 1703 Pearl St U.S. Post Office - 1905 15th St uBreakiFix Cellphone Repair - 1136 Spruce St UBS Financial Services, Inc - 1801 13th St Unico Properties LLC - 1426 Pearl St University Bicycles - 839 Pearl St University of Colorado Boulder - Urban Outfitters - 934 Pearl St Vail Broadway Partnership, LLP - 1942 Broadway Vail Lizard, LLC (One Boulder Plaza) - 1800 Broadway Vectra Bank - Boulder Canyon - 1695 28th St Velvet Elk Lounge - 2037 13th Street Via Mobility Services - 2855 N 63rd St Viget - 1002 Walnut St The Village Green Society - 2043 16th St Visit Boulder - 2440 Pearl St Vista Advisory Group - 1123 Spruce St Voices for Children, CASA Boulder County - 5408 Idlywild Trail Voodoo Hair Lounge - 2100 Pearl St Walters & Hogsett Jewelers - 2425 Canyon Blvd Weekends - 1200 Pearl St Wells Fargo Bank - 1242 Pearl St Wells Fargo Wealth Management Group - 1801 13th St West End Plaza - 1035 Pearl St West End Tavern - 926 Pearl St West End Wine Shop - 777 Pearl St Western Disposal - 5880 Butte Mill Rd Where the Buffalo Roam - 1320 Pearl St Whittier Elementary - 2008 Pine St Wolff-Lyon Architects - 777 Pearl St Wonder Press Juice - 946 Pearl St WWR Real Estate Services LLC - 1320 Pearl St Yasso - 1881 9th St Yellow Deli - 908 Pearl St Yes Energy - 1877 Broadway Yoga Pearl - 900 Pearl St Zeal Optics - 1230 Spruce St Zoe Ma Ma - 919 Pearl St Zuni - 1424 Pearl St Please select location above or describe below If your venue does not appear in this drop down, please provide venue details below. Enter venue information here if your venue does not appear in the drop down above. PNG or JPG only.  Max file size: 5MB.",NON-EVENT,1,https://www.boulderdowntown.com/events/submit,2088,400
"weekend shuttle runs during the summer between Saturday, May 24, 2025 through Monday, Sept. 1, 2025, on Saturday & Sunday, from 8 am - 8 pm. It also runs on summer holidays (Memorial Day, Juneteenth, Independence Day and Labor Day).",EVENT,2,https://www.boulderdowntown.com/events/park-to-park,232,40
"Simply park for free at one of the five downtown City of Boulder parking garages (look for the green 'P'), the Regent lot at the University of Colorado-Boulder or New Vista High School. The shuttle is free and runs every 15 minutes. Dogs are welcome, but please be mindful - for before or after your hike - that dogs are not allowed on the Pearl Street Mall.",NON-EVENT,0,https://www.boulderdowntown.com/events/park-to-park,358,67
"doesn't have a pick-up stop in the downtown district BUT does runs during the summer from Saturday, May 24, 2025 through Monday, Sept. 1, 2025, on Saturday & Sunday, from 8 am - 7 pm and on summer holidays. If you park in a downtown",EVENT,2,https://www.boulderdowntown.com/events/park-to-park,232,45
"City of Boulder parking garage , you can take the shuttle to CU Boulder and from there board the Eldo Shuttle. The shuttle is free* and runs every 20 minutes. Gear is welcome aboard (climbing gear, crash pads, leashed, well-behaved dogs, strollers, capacity for three bikes per shuttle). The shuttle ride is approximately a 25-minute ride. *A valid state parks pass is required for those 16 and older to ride the shuttle. Bring your annual pass, purchase a day pass at or bring $4 exact cash. ELDO SHUTTLE - MORE INFORMATION Parking at Chautauqua is extremely limited - especially in the summer months and during special events. as a green alternative to get from downtown up to Chautauqua and back again. This free transit service provides rides to the Buses begin approximately 90 minutes before show time and arrive approximately every 15 - 20 minutes until 30 minutes after the performance begins. All inbound buses drop off on Baseline between 10th and Lincoln Place (Trolley Stop at Chautauqua Park). It is approximately a four minute walk, with an elevation gain of 100 feet, from the bus stop to the Auditorium. Hop 2 Chautauqua - More Information",NON-EVENT,0,https://www.boulderdowntown.com/events/park-to-park,1155,196
"Support Downtown Boulder Community Initiatives (501(c)(3)) There is no place that captures the flavor of our community more than our amazing downtown.  A top-rated regional attraction, the Pearl Street Mall is also Boulder’s living room - and downtown events are a critical and emblematic part of what makes our connection so strong. You can make a tax-deductible donation to support  Downtown Boulder Community Initiatives (DBCI) (501(c)(3)), and all of the events that you love.  There is no better way to demonstrate your commitment to the Boulder community. For more information about sponsoring an event, please see our Donate to the Tebo Train Downtown Boulder Community Initiatives (DBCI) is a 501(c)(3) tax-exempt public charity (federal tax ID #36-4848287). All contributions are tax deductible to the extent allowable by law. No goods or services are provided in exchange for your generous financial donation.",NON-EVENT,0,https://www.boulderdowntown.com/events/donate,919,141
"Whether it's skiing, hiking, biking or fishing, any outdoor activity is nearby when you are in Boulder. Before you begin your next adventure, you need to have the proper gear. Luckily, downtown Boulder has you covered with a curated outdoor gear guide that will help you find your equipment needs from the East End to the West End of our downtown district! View All Sporting Goods Spots Rapha Boulder, located at the east end of Pearl Street, offers near-instant access to some of the country’s best riding along with fine coffee, race viewings, events, and the full range of Rapha clothing and accessories. No matter the season, Patagonia has you covered. Patagonia's breathable shirts, pants and shorts are not only stylish, but eco-friendly as well. On the other hand, it is hard to be much warmer on the mountain with their toasty ski jackets, snow-pants, down jackets and layers. You also can not go wrong with their wide variety of backpacks and duffle-bags that are perfect for your next backpacking trip or flight. MontBell on the East End has a tremendous selection of hiking, camping and climbing gear. They have plenty of backpacks, tents and camping accessories to complete any camping adventure, as well as lightweight and breathable clothes that are perfect for your next hike! Head to Black Diamond for backpacking, climbing and skiing needs. They specializes in climbing gear and carry everything from harnesses, rappel devices, carabiners, shoes, backpacks and more. They also make amazing backcountry ski gear from beacons, probes, packs and bindings, not to mention gear for the less extreme skiers such as jackets, gloves and snow-pants. Pedestrian Shops is the stop for the proper shoes to guide you on your future outdoor experiences. Check out their hiking or athletic shoes that are made for being outside in Boulder. Pedestrian Shops also has a variety of hiking socks that are a necessity for when you are on the trail! HIMALI creates premium mountaineering apparel and gives back to the Nepali community. Founded off the spirit of adventure, this gear equips anyone journeying into the wild. Head to Helly Hansen for stylish skiing equipment. Check out their ski jackets and snow-pants that are extremely warm and will surely keep you comfortable all winter long! They also have a great selection of durable backpacks that are awesome for any activity. Stride Lab focuses on natural footwear and foot health- our shoes are foot-shaped and zero-drop. We carry brands like Vivobarefoot, Xero and Skinners. Teton Bros is high-functioning outdoor apparel from Japan. ZEAL Optics have a wide selection of high quality sunglasses that are made for being outdoors. Their sunglasses are perfect for any outdoor activity no matter the season. For winter ZEAL has amazing ski goggles that are made for the harshest conditions out there! Next on the Outdoor Gear Guide is Rebecca's Herbal Apothecary & Supply. Stop in to pick up ingredients to make your own sunscreen! They have all the supplies needed to keep you safe from the sun. La Sportiva's brand store showcases the entire lineup of our North America footwear, apparel and accessories for all of your outdoor adventures. Head to prAna for an amazing assortment of hiking and climbing apparel. PrAna's claim to fame is high-performance rock climbing shorts, pants and tops that will withstand the toughest conditions. Their climbing clothing is perfect for a day of hiking, climbing or really any outdoor activity in nature. It wouldn't be an outdoor gear guide without going to North Face. North Face will undoubtedly have what you need for whatever outdoor activity you plan on doing in Boulder. They specialize in making airy shirts, shorts and pants that are all perfect for your next hike or bike ride. North Face also makes a variety of terrific skiwear that will keep you snug in any conditions this winter. Located on the 1100 block of the Pearl Street Mall, Norrøna has you covered for biking, hiking and skiing equipment needs. Norrøna makes awesome lightweight shorts and t-shirts that will definitely take care of any condition you could encounter on the trail. They also have the warmest down jackets and snow-pants that will keep you comfortable even on the coldest and windiest days on the mountain. Cotopaxi creates sustainably designed outdoor gear that fuels both adventure and global change, by dedicating a percentage of their revenues to nonprofits working to improve the human condition. Up next on the outdoor gear guide is Fjällräven. Stop in for a great selection of hiking or climbing apparel and gear. In addition, Fjällräven's amazing backpacks, durable pants and shorts are exactly what you need for your next adventure! Stop in and see new and exciting outdoor brands for a hyper-focused period of time. One brand, the whole shop, every season for you to experience. The first stop on the outdoor gear tour is University Bicycle. The shop has a wide collection of new and used bikes that are available for purchase (or rent). They have bikes for any type of ride- from mountain biking to riding on the street. Not to mention plenty of accessories to keep you comfortable on your next ride!",NON-EVENT,0,https://www.boulderdowntown.com/shopping/outdoor-gear-guide,5192,861
"A busy season is ahead from (Thursday, May 8th) and Mother's Day (Sunday, May 11th) to summer-fueled excitement just around the corner. With all things coming full speed ahead, don't forget that downtown has you covered with all your gift shopping and celebratory needs. Check out the and don't forget your reservations and/or catering options at your favorite local spots! Now through Saturday, May 10th celebrates ! Did you know that over 75% of downtown businesses are ? That means, when you shop, dine and support downtown Boulder, you are contributing to the locals who work, live and love our community. Support your neighbors, reconnect with your favorite spots and Love the Local! Want to learn more about the stories behind the storefronts? Check out our",NON-EVENT,0,https://www.boulderdowntown.com/events/things-to-do-downtown,763,126
will return to the 1300 block of the Pearl Street Mall and we have a series of exciting performances lined up - a perfect mix of classic local bands and new faces. We can't wait to dance and sing our heart outs with you every Wednesday from June 11th - July 30th. Keep reading for the official 2025 bands lineup announcement!,EVENT,3,https://www.boulderdowntown.com/events/things-to-do-downtown,325,61
"Did you know that parking is free in ? When making Memorial Day weekend plans downtown, be sure to keep in mind that Memorial Day (Monday, May 26th) means free parking in city garages! Plan your visit downtown and find your Read on for more things happening in May - and don't forget to check out our",NON-EVENT,0,https://www.boulderdowntown.com/events/things-to-do-downtown,300,57
Bands on the Bricks 2025 Performance Lineup,EVENT,2,https://www.boulderdowntown.com/events/things-to-do-downtown,43,7
Summers spent downtown aren't complete without the legendary,NON-EVENT,0,https://www.boulderdowntown.com/events/things-to-do-downtown,60,8
concert series happening every Wednesday fromJune 11th - July 30th. Check out this year's performance lineup below...,EVENT,2,https://www.boulderdowntown.com/events/things-to-do-downtown,117,17
"Special thanks to our co-presenting sponsors, Saturdays, 8 AM - 2 PM & Wednesdays, 3:30 PM - 7:30 PM | 13th Street (between Arapahoe Avenue & Canyon Boulevard)",NON-EVENT,0,https://www.boulderdowntown.com/events/things-to-do-downtown,159,28
"Grab your reusable totes and get ready to stock up on fresh finds! Every Saturday from 8 AM - 2 PM (through November 22nd) and Wednesdays from 3:30 PM - 7:30 PM, enjoy strolling through an",EVENT,2,https://www.boulderdowntown.com/events/things-to-do-downtown,188,36
"on 13th Street (between Canyon Boulevard & Arapahoe Avenue). Live music, food trucks and children's activities are available throughout the day. Looking to ditch the drive? Consider biking to the farmers market and using their new, secured bike valet! *Please remember this a humans-only event, kindly leave your four-legged friends at home! Go Out to Lunch Day last Monday of each month! It’s time to show downtown restaurants some extra love during lunchtime while also enjoying a midday pick me up with your coworkers, friends, family or just yourself! Step away from your phone screens and phones and get back to your community. Check out additional details Boulder Go Out to Lunch Day ! Summer train rides start back up on Tuesday, May 27th and continue Monday - Friday morning through August 29th* (weather permitting). train rides will not occur on Wednesday, June 11th or Friday, July 18th. Children ages 10 and under (along with accompanying adults) can enjoy free train rides along the the Pearl Street Mall in the 100% electric train. Board in front of Wells Fargo (corner of 13th & Pearl) starting at 9:30 AM and enjoy rides until the final train leaves the station at 11 AM sharp. Thank you to our Engine Sponsors, Slifer, Smith & Frampton Real Estate All Aboard the Tebo Train Memorial Day weekend is always a busy month downtown including this year's 45th annual Before you cross the finish line on Monday, May 26th, gear up for this Boulder tradition at the happening Saturday, May 24th - Sunday, May 25th on the Pearl Street Mall from 10 AM - 6 PM. Visit featured race vendors and booths while sampling products and learning more about all the latest running merch and technology. also returns Memorial Day weekend. Check out this year's event schedule below: Friday, May 23rd: 5 PM - 10 PM Saturday, May 24th: 10 AM - 10 PM Sunday, May 25th: 10 AM - 10 PM Monday, May 26th: 10 AM - 5 PM Enjoy four days of musical performances ( ), artisan market shopping ( ) and so much more. View this year's Coinciding with this free-entry festival, check out this year's happening Saturday, May 24th and Sunday, May 25th. This year offers three Saturday sessions and two Sunday sessions - enjoy two-hour long beer sampling from and local live music when you",NON-EVENT,0,https://www.boulderdowntown.com/events/things-to-do-downtown,2263,394
"Events Happening May - July 2025 Join Conscience Bay Company for their 9th annual 929 PRL Summer Series! All of the tickets sold will benefit local nonprofits and includes live music, bites, beverages and a celebration of our wonderful community. The first installment kicks off on Thursday, May 22nd!",EVENT,2,https://www.boulderdowntown.com/events/things-to-do-downtown,301,49
"Want to get our monthly email about Subscribe here by clicking ""Special Events Updates."" Heard about something we're missing?  We'd love to help share news of safe downtown activities - please",NON-EVENT,0,https://www.boulderdowntown.com/events/things-to-do-downtown,192,31
"Training for the Nashville St. Paddy’s 5K & Half Marathon with Blisters Training for the Nashville St. Paddy’s Half Marathon & 5K with Blisters We know you are busy training for the upcoming Nashville St. Paddy’s 5K & Half Marathon on March 15th  and we want to keep those feet happy and healthy. As your training ramps up, you might notice new blisters on your toes that were never there before. The freeze-thaw cycle of the Midwest certainly doesn’t help with wet gym shoes as you embark on your training runs. Follow these quick and easy tips to make the best out of your blisters until they go away once and for all: If you already have a blister: Carefully disinfect the blister and Cover it up with a Band-Aid Pro tip: Put some Vaseline on the blisters to it doesn’t stick to the band aid when you take it off (ouch!). Wear the thickest socks that you can find you fit into your shoes The thicker the sock the smaller the chance of your shoe rubbing against your blister or causing another one entirely. We recommend Balega socks as they are specifically padded to prevent rubbing on common blister areas. Soak the Foot in Epsom Salts That will draw the fluid out of the blister and help it to deflate naturally. Wear New Running Shoes Around Your House Then you can be sure how they affect your feet and what they feel like. This will also break them in so your feet don’t cramp and swell on your first long run with the new shoes. The right running socks in your size will completely reduce friction and help circulation and blood flow. Our favorite brands are Balega and Nike. Extra moisture makes the skin softer which makes it easier for a blister to form. Though this can be impossible at the end of winter in the Midwest, try your best to run around puddles instead of through them. If your shoes are too big or too small, they will rub in new places on your feet. This friction will create new blisters and will make it even more difficult to get the shoes back on for a second go-around. Blisters can make running seem impossible and painful, but just know that crossing the finish line in March will make it all worth it! Happy, blister-free, running! Winter Training for a Spring Race Winter Training for A Spring Race Running an outdoor race in March can be tricky, to say the least. One day it might be 65 degrees and the following day you might be freezing cold and rainy. How are we supposed to know what to wear to a race when our weather is so unpredictable at this time of year? There is only one answer: I don’t mean put on 20 shirts like Joey in that episode of though you might trend on Instagram if you do that. Think of yourself as a sandwich, you need layers in order to be your best. This is the layer closest to your body that you will not take off for the duration of the race. Great options are Under Armor, a long-sleeve tec shirt, or if you’re naturally warm blooded, you can even use a tight tank top to do the trick. This layer doesn’t need to break the bank. Check out Kohl’s Tek-Gear line or Old Navy’s workout line if you’re not interested in the more expensive brands. This is the hardest-working layer. It is important that this layer includes some insulation that will contain the heat your body creates while you’re in the race. My favorite mid-layer is my Nike Running vest. It is very thin so it is not heavy, but the thermal insulation keeps my core warm as I move. Another option is to layer a thermal t-shirt over your long-sleeve base layer if you are not . I have incredibly poor circulation in my hands, so the first thing to turn purple on me is my fingers. It puts me in a bad mood and not to mention I can’t use my phone! If you like to change your music/text when you run, be sure to bring gloves with “hot fingers” that allow you to touch your screen. Warm Leggings or Double Leggings. Instead of spending money on wool leggings, I am a big fan of throwing on 2 pairs of sport leggings on cold days. I already have them in my closet and it feels like exact same as wearing a single pair. If you have long hair, check out the hats that have holes in the top for your ponytail. Keeping your head warm will allow most of the heat to be retained by your body and will keep your body and muscles warm as you run. They cost only about $10 at Kohl’s. Ear muffs are another great option but do not offer as much warmth as a hat. It sounds simple, but it is easy to forget that this is a crucial part of staying warm. Be sure to wear longer socks that will cover your ankles from the wind and any precipitation on the ground. If you want to be able to be tagged in those sweet post race photos, make sure you keep your bib on your outermost layer! New All Community Events Website Welcome to the new All Community Events website. We’ve completely redesigned all of our event pages. We hope you like it! Check back soon for more blog posts featuring everything from event updates, food recipes, training tips and more. Privacy Policy & Terms of Use © 2024 ALL COMMUNITY EVENTS ALL RIGHTS RESERVED.",NON-EVENT,0,https://tennesseeruns.com/,5045,949
Corporate teams are a great way to do some healthy and fun with your co-workers and employees. If you’d like to learn more about how to get involved please e-mail us at info@allcommunityevents.com or call us at 224-757-5425.,NON-EVENT,1,https://tennesseeruns.com/corporate-teams/,224,38
Office hours: M – F from 8:00 a.m. – 4:00 p.m. CST *We may not be in the office on Mondays or Fridays due to being on-site for events.,NON-EVENT,1,https://tennesseeruns.com/contact/,134,29
Nashville St. Paddy’s Half Marathon & 5K,NON-EVENT,0,https://tennesseeruns.com/nashvillestpaddysrun,40,7
"NASHVILLE, TN | MARCH 8, 2025",EVENT,2,https://tennesseeruns.com/nashvillestpaddysrun,29,6
"2025 RACE UPDATES & HIGHLIGHTS // 2026 UPDATES COMING SOON 1) NEW 18OZ STEIN FOR ALL FINISHERS 3) CELEBRATE THE 8TH ANNUAL NASHVILLE ST. PADDY’S RACE GET UPDATES & DEAL ALERTS Runner’s choice! A classic t-shirt or performance fleece hoodie! 2025 gear shown, 2026 coming soon Waiting for you at the finish line… Half marathon only. 5K/10K available as an add-on -Chip-timed, fun run, & kids categories. You choose! -Challenge yourself this St. Paddy’s Day! 7:00 a.m. Last Minute Onsite Packet Pick Up Open 8:00 a.m. Last Minute Onsite Packet Pick Up Close 8:15 a.m. Kids Dash Start 8:30 a.m. Half Marathon, 10K & 5K Start 5K – 1 hour 30 minutes 10K – 1 hour 50 minutes Half Marathon: 3 hours 30 minutes Get your packet mailed right to your door for $14.99 per participant (limited time availability). Packet pick up details will be posted at least 2 weeks prior to race day. Picking up someone else’s packet? Don’t forget you must bring their signed : Pick up your packet at the event site on event morning (not recommended). Please plan for a 15-minute wait to get your packet on event morning. If you do not pick up your participant gear there will be a fee to have it mailed to you. A post-race event gear registration request link will be sent out in the post-race email. See FAQ’s for more details. COURSE MAPS & LIVE PARTICIPANT TRACKING All courses are entirely on paved road or trail. to download the live participant tracking app, Experience race day like never before! Track your race progress while on course. Your family and friends can track your progress and directly send you motivational support while you’re racing. We welcome all spectators to come out, support and cheer on your family and friends! Visit the “Motivation Station” race store here: Experience race day like never before! Family and friends can track a participant’s progress and directly send motivational support while you’re racing (participant must be using RaceJoy app as well) On-site parking at Wave Country-Wave Pool. On-site parking lot closes before the start of the race at 8:15 a.m. Restricted exit until 9:30 a.m. due to runners on the crosswalk. Limited on-site spots on-site are available. Please arrive early and carpool. NO PARKING ON TWO RIVERS PKWY. RESULTS, RECORD TIMES, PHOTOS & AWARDS Results and photos will be posted here after the event.* A finisher medal will be given to each half marathon finisher. A pint glass will be given to all half marathon and 5K finishers. A winner medal will be awarded to the top 3 participants, male and female, in each age group and overall for the half marathon & 5K timed categories. Age Categories: 10 & Under, 11- 14, 15-19, 20-24, 25-29, 30-34, 35-39, 40-44, 45-49, 50-54, 55-59, 60-64, 65-69, 70+ If you do not pick up your finisher medal there will be a $5 fee to have it mailed to you. E-mail info@allcommunityevents.com for the link to request your winner medal. *Photos are not guaranteed. Our photographers try their very best to get a photo of every participant, but they’re human! Make sure your bib # is visible at all times to be able to search for your photos after the race. We will have half marathon pacers to help you achieve your goal times! Want to be a pacer? Email info@allcommunityevents.com Actual pacer finish times may vary from the advertised pace time, times are not guaranteed. Join in the excitement as a volunteer. All volunteers receive a free event shirt for volunteering. Volunteers will help at water stations, participant check-in, course marshaling and many other places. If you can’t find your volunteer confirmation e-mail, which is sent 2 weeks prior to the event, please contact us at 224-757-5425 or the e-mail address below. For more information email: info@allcommunityevents.com. YOU CAN MANAGE YOUR REGISTRATION THROUGH YOUR RUNSIGNUP.COM PROFILE within the same race up to 3 days before the run. If you are transferring to a more expensive race you’ll have to pay the difference of the registration fees. This can be managed on your Run Sign Up profile. to next year’s race or any other TennesseeRuns.com race for $15 up to 3 days before the run. This can be managed on your Run Sign Up profile. and any other add-ons up to 3 days before the race day. This can be managed on your Run Sign Up profile. You can transfer your registration/bib # to another participant for $6 up to 3 days before the run. This can be managed on your Run Sign Up profile. Need help managing your registration? Your gear will typically arrive 1 – 4 days before the race day. It will be sent to the address you entered during registration. To submit your virtual run results, click on this year’s results link in the “RESULTS, RECORD TIMES, AWARDS & PHOTOS” accordion above. Then, click the virtual run tab and enter your result. TRANSFER TO THE VIRTUAL CATEGORY within the same race free of charge before the packet mailings have been shipped (approximately 10 days before race day). The virtual category will close once packet mailings are shipped. If you are transferring to a more expensive race you’ll have to pay the difference of the registration fees. This can be managed on your Run Sign Up profile. include water and Half Marathon water stations include water and sports drink. RACE PACKET TO BE MAILED TO YOU or signed up for the virtual run, your gear will typically arrive 1 – 4 days before the race day. It will be sent to the address you entered in during registration. If your package does not arrive before the race day, please come to packet pick up or the race site where you will be re-assigned your bib and gear. must be picked up at pre-event pickup or event day . After event day gear may not be available for post-race requests. If you do not pick up your participant gear, there will be a fee to have it mailed to you. Headphones/iPod/mp3 devices are allowed, though are strongly not recommended. It is the participant’s responsibility to make sure that they do not impair their ability to hear and detect present or potential hazards and dangers. Runners and walkers can participate in this race. See the schedule above for the time limit. If at any time you require assistance throughout the run please notify a volunteer or course monitor. All participants are required to sign an online waiver. No Dogs. Strollers are allowed for walkers & joggers only, must start in the back of the starting corral and the parent/guardian must sign a waiver on behalf of their child(ren) in the stroller. This run will be chip timed. Participants wear a timing chip integrated with their bib number that starts their individual time when they cross the start line and stops it when they cross the finish line. The run will start rain, snow or shine. The run could be delayed due to lightning or other dangerous conditions. The above schedule is weather-dependent. M – F from 8:00 a.m. – 4:00 p.m. CST UPCOMING EVENTS YOU MAY LIKE Tag your Instagram pics with #StPaddysRun and we’ll feature them here Don’t run over any leprechauns. Seriously.",NON-EVENT,1,https://tennesseeruns.com/nashvillestpaddysrun,7021,1217
"All Community Events is always looking to add hard working and energized employees to their team. If you like to be outdoors and to work with your hands to put together what people look forward to on their weekends, then this job is for you. All Community Events is looking for part-time employees to help on event day. Tasks and duties will include set-up and tear down of the event site, managing volunteers, interacting with participants and much more. The All Community Events internship is designed to introduce students to all aspects of managing events. Throughout their time here, interns will assist with logistical planning, community outreach, marketing, booking contractors and much more. Internships are available all year round. The internship is paid; however, interns are responsible for their own housing, transportation and living expense. To be considered for an All Community Events internship please e-mail, email@allcommunityevents.com, with your cover letter and resume. For information on jobs & internships please e-mail us at email@allcommunityevents.com",NON-EVENT,0,https://tennesseeruns.com/jobs-internships/,1080,164
"Sponsoring and/or exhibiting at one of our events will put your company or product in front of thousands of participants. Scroll down to learn more. Your logo on the back of all participant t-shirts, race bibs, and more. Brand the finish line where thousands of participants are achieving their goals while seeing your logo. Get face-to-face with thousands of participants and spectators and share your story, product or message. Get your product in the hands of our participants and spectators. All Community Events // TennesseeRuns.com plans what people do on the weekends! Since 2006, we’ve been organizing some of the best races in Tennessee and all over the country. Below are some of our most popular sponsorship options that can be mixed and matched. E-mail sponsorship@allcommunityevents.com for more information and pricing. Place your logo on the back of our participant t-shirts! This is a sponsorship that is sure to last as each participant will receive a shirt and wear it time and time again. -Logo on the back of participant shirts -Logo on website sponsorship bar -Logo included in participant emails Brand the finish line banners and barricades where 1,000’s of finishers take photos and accomplish their goals! -Start and finish line banners (2) and barricade banners (2) Pop up a tent on race day near the finish line and get social with the participants. This is a great way to engage face-to-face with participants and spectators. -Space on race day near finish line to pop up a tent and exhibit Get your product in the hands of every participant. We’ll hand out the product at pre-race t-shirt pick-up to every participant as well as on race day! -Product includes in runners gear package PRICING, Contact Us & FAQs How much does it cost? Pricing depends on which sponsor option(s) you’d like to choose and for which races. Race participant size can range from 1,000 – 5,000 participants/spectators. Bundling options are available to receive discounted pricing. I want to exhibit on-site, but I don’t have a tent/table. Can I borrow one? Yes! We have lots of tents and tables and can loan you one for the event free of charge. What do on-site sponsors do to engage with participants? Sponsors will have giveaways, games, and videos that get a lot of attention. It’s totally up to you! What is your audience’s demographic? Average age: 22-57 years old How do I know this will be successful for me? We have an audience that is coming from the local area with the desire to engage with their community. All of our packages allow you to get in front of customers and prove to them why they should take their business to you.",NON-EVENT,1,https://tennesseeruns.com/sponsorship/,2643,450
